,ids,growth,status
0,{'DNDPt20m'},286.2899973710387,optimal
1,{'KAT180_m'},286.2899973710399,optimal
2,{'AKGCITtm'},286.2899973710399,optimal
3,{'UAGDP'},286.2899973710399,optimal
4,{'HCO3Em'},286.2899973710399,optimal
5,{'ACACt2'},286.2899973710399,optimal
6,{'HMR_2819'},286.2899973710399,optimal
7,{'HMR_2713'},286.2899973710399,optimal
8,{'LEUTYRTYRr'},286.2899973710399,optimal
9,{'EX_chsterol_e'},286.2899973710399,optimal
10,{'EX_val__L_e'},286.2899973710398,optimal
11,{'DAGK_hs'},286.2899973710398,optimal
12,{'HMR_6907'},286.2899973710398,optimal
13,{'CYTK9'},286.2899973710398,optimal
14,{'SK_pydx_c'},286.2899973710398,optimal
15,{'S2TASE4ly'},286.2899973710398,optimal
16,{'DHCR242r'},286.2899973710398,optimal
17,{'EX_5fthf_e'},286.2899973710398,optimal
18,{'SQLte'},286.2899973710398,optimal
19,{'CSCPASEly'},286.2899973710398,optimal
20,{'LEULEUPEPT1tc'},286.2899973710398,optimal
21,{'r0249'},286.2899973710398,optimal
22,{'CE2006te'},286.2899973710398,optimal
23,{'NDPK9n'},286.2899973710398,optimal
24,{'ARGTYRVALt'},286.2899973710398,optimal
25,{'FACOAL170'},286.2899973710398,optimal
26,{'EX_serglyglu_e'},286.2899973710398,optimal
27,{'DHFR'},286.2899973710399,optimal
28,{'S2TASE1ly'},286.2899973710399,optimal
29,{'HIVCACBP'},286.2899973710399,optimal
30,{'SUCCtp'},286.2899973710399,optimal
31,{'FAOXC103C102m'},286.2899973710399,optimal
32,{'PIt9'},237.21171210743296,optimal
33,{'EX_hexdiac_e'},286.2899973710398,optimal
34,{'UPPRT'},286.2899973710399,optimal
35,{'ASPMETASPr'},286.2899973710399,optimal
36,{'HMR_5387'},286.2899973710399,optimal
37,{'SK_cholate_c'},286.2899973710399,optimal
38,{'DM_Lcystin_c'},286.2899973710399,optimal
39,{'PGCD'},286.2899973710399,optimal
40,{'HEXDIACtr'},286.2899973710399,optimal
41,{'TRPASPASPr'},286.2899973710399,optimal
42,{'ABTArm'},286.2899973710399,optimal
43,{'CSPG_Etly'},286.2899973710399,optimal
44,{'ESTRIOLGLCte'},286.2899973710399,optimal
45,{'EX_cspg_a_e'},286.2899973710399,optimal
46,{'DCA3GSc'},286.2899973710399,optimal
47,{'TRPASPASPt'},286.2899973710399,optimal
48,{'ACSm'},286.2899973710399,optimal
49,{'UMPK6'},286.2899973710399,optimal
50,{'Htr'},285.9696252311244,optimal
51,{'HMR_3915'},286.2899973710399,optimal
52,{'MLTHFte2'},286.2899973710398,optimal
53,{'GLYOX'},286.2899973710398,optimal
54,{'r2375'},286.2899973710398,optimal
55,{'ACRNtp'},286.2899973710398,optimal
56,{'MDHm'},286.2899973710398,optimal
57,{'SK_thr__L_c'},286.28999737103976,optimal
58,{'LYSARGLEUr'},286.2899973710398,optimal
59,{'RE1522X'},286.28999737103976,optimal
60,{'COQ3m'},286.28999737103976,optimal
61,{'GLNtm'},286.28999737103976,optimal
62,{'3HLYTCL'},286.28999737103976,optimal
63,{'EX_dcyt_e'},286.28999737103976,optimal
64,{'EX_forglu_e'},286.28999737103976,optimal
65,{'C03990t'},286.2899973710398,optimal
66,{'GLYK'},286.2899973710398,optimal
67,{'ODECRNte'},286.2899973710398,optimal
68,{'NDPK6m'},286.2899973710398,optimal
69,{'THRTHRARGt'},286.2899973710398,optimal
70,{'r0173'},286.2899973710398,optimal
71,{'GLBRAN'},286.2899973710398,optimal
72,{'C4STMO1r'},286.2899973710398,optimal
73,{'GLNyLATthc'},286.2899973710398,optimal
74,{'CYStec'},286.2899973710398,optimal
75,{'FAOXC81C61m'},286.2899973710398,optimal
76,{'EX_c51crn_e'},286.2899973710398,optimal
77,{'EX_3pg_e'},286.2899973710398,optimal
78,{'PROD2m'},286.2899973710398,optimal
79,{'GLYCt'},286.2899973710398,optimal
80,{'DTMPK'},286.2899973710398,optimal
81,{'EX_trp__L_e'},286.2899973710398,optimal
82,{'r1380'},286.2899973710398,optimal
83,{'HDCECRNtr'},286.2899973710398,optimal
84,{'O2St'},286.2899973710398,optimal
85,{'r2314'},286.2899973710399,optimal
86,{'r2502'},286.2899973710399,optimal
87,{'COAtr'},286.2899973710399,optimal
88,{'UDPGD'},286.2899973710399,optimal
89,{'r0983'},286.2899973710399,optimal
90,{'HDECAACBP'},286.2899973710399,optimal
91,{'r0789'},286.2899973710399,optimal
92,{'GGH_5THFe'},286.2899973710399,optimal
93,{'EX_glyb_e'},286.2899973710399,optimal
94,{'GGLUCT'},286.2899973710399,optimal
95,{'EX_trypta_e'},286.2899973710399,optimal
96,{'FADtru'},286.2899973710399,optimal
97,{'LACLt'},286.2899973710399,optimal
98,{'HMR_2114'},286.2899973710399,optimal
99,{'EX_thymd_e'},286.2899973710399,optimal
100,{'GPIDA2er'},286.2899973710399,optimal
101,{'O2Stn'},286.2899973710399,optimal
102,{'HPDCAt'},286.2899973710399,optimal
103,{'LHCYSTIN'},286.2899973710399,optimal
104,{'LEUASNASPr'},286.2899973710399,optimal
105,{'FAOXC12DCTc'},286.2899973710399,optimal
106,{'CRNCAR3tp'},286.2899973710399,optimal
107,{'ACOAR4m'},286.2899973710399,optimal
108,{'AACTte'},286.2899973710399,optimal
109,{'HOCTDACBP'},286.2899973710399,optimal
110,{'DM_protein_c'},286.2899973710399,optimal
111,{'SUCD1m'},286.2899973710399,optimal
112,{'C226COAtx'},286.2899973710398,optimal
113,{'ARGARGMETr'},286.28999737103976,optimal
114,{'EX_leuleu_e'},286.2899973710398,optimal
115,{'EX_ileasnhis_e'},286.2899973710398,optimal
116,{'PEt'},286.2899973710398,optimal
117,{'RNTR3'},286.2899973710398,optimal
118,{'HMR_1505'},286.2899973710398,optimal
119,{'FAOXTC162TC142m'},286.2899973710398,optimal
120,{'PFK'},286.2899973710398,optimal
121,{'FAOXC180'},286.2899973710398,optimal
122,{'SULFOX'},286.28999737103976,optimal
123,{'A4GALTc'},286.2899973710398,optimal
124,{'MALT'},286.2899973710398,optimal
125,{'RE2410C'},286.2899973710398,optimal
126,{'EX_tyrphetyr_e'},286.2899973710398,optimal
127,{'GMAND'},286.2899973710398,optimal
128,{'RE1520X'},286.2899973710398,optimal
129,{'EX_lneldccrn_e'},286.2899973710398,optimal
130,{'r2104'},286.2899973710398,optimal
131,{'4HBZCOAFm'},286.2899973710398,optimal
132,{'CYSTYRASNr'},286.2899973710398,optimal
133,{'RE1521X'},286.2899973710398,optimal
134,{'EX_leuktrB4_e'},286.2899973710398,optimal
135,{'EX_asn__L_e'},286.2899973710398,optimal
136,{'SMO'},286.2899973710398,optimal
137,{'NACHEXA3ly'},286.2899973710398,optimal
138,{'SFGTHi'},286.2899973710398,optimal
139,{'S3TASE1ly'},286.2899973710398,optimal
140,{'PDX5POi'},286.2899973710398,optimal
141,{'EX_4tmeabutn_e'},286.2899973710398,optimal
142,{'PTRCARGte'},286.2899973710398,optimal
143,{'UGT1A4r'},286.2899973710398,optimal
144,{'GluForTx'},286.2899973710399,optimal
145,{'PRAIS'},286.2899973710399,optimal
146,{'HMGCOAtm'},286.2899973710399,optimal
147,{'PRASCSi'},286.2899973710399,optimal
148,{'KHK'},286.2899973710399,optimal
149,{'r1143'},286.2899973710399,optimal
150,{'r0788'},286.2899973710399,optimal
151,{'GRTTx'},286.2899973710399,optimal
152,{'r2313'},286.2899973710399,optimal
153,{'ASNPHEASPr'},286.2899973710399,optimal
154,{'CO2tp'},286.2899973710399,optimal
155,{'SK_hdca_c'},286.2899973710399,optimal
156,{'EX_HC01609_e'},286.2899973710399,optimal
157,{'FRDPtcr'},286.2899973710399,optimal
158,{'EX_andrstrn_e'},286.2899973710399,optimal
159,{'C110CPT2m'},286.2899973710399,optimal
160,{'DHFRim'},286.2899973710399,optimal
161,{'H2O2tp'},286.2899973710399,optimal
162,{'HMR_2851'},286.28999737103896,optimal
163,{'EX_C05770_e'},286.28999737103896,optimal
164,{'ACTLMO'},261.7508547392321,optimal
165,{'RE2112R'},286.2899973710398,optimal
166,{'EX_so3_e'},286.2899973710399,optimal
167,{'GLYSARCNc'},286.2899973710399,optimal
168,{'GALKr'},286.2899973710399,optimal
169,{'LTHSTRLtr'},278.1102831604383,optimal
170,{'SACCD3m'},286.2899973710398,optimal
171,{'r0940'},286.28999737104624,optimal
172,{'GALSIDEtl'},286.2899973710398,optimal
173,{'r0409'},286.2899973710398,optimal
174,{'ESTRIOLGLCtr'},286.2899973710398,optimal
175,{'HMR_1540'},286.2899973710398,optimal
176,{'EBP2r'},286.2899973710398,optimal
177,{'PROTEIN_BS'},286.2899973710398,optimal
178,{'MDRPD'},286.2899973710398,optimal
179,{'HACD4m'},286.2899973710398,optimal
180,{'G6Pter'},286.2899973710398,optimal
181,{'GLCNte'},237.21171210743307,optimal
182,{'NADPHtxu'},286.2899973710398,optimal
183,{'DM_kynate_c'},286.2899973710398,optimal
184,{'DHCR243r'},286.2899973710398,optimal
185,{'r0999'},286.2899973710398,optimal
186,{'SK_ala__L_c'},286.2899973710398,optimal
187,{'DAGt'},286.2899973710398,optimal
188,{'FADH2tru'},286.2899973710398,optimal
189,{'q10tm'},286.2899973710398,optimal
190,{'RE1534X'},286.2899973710399,optimal
191,{'r0795'},286.2899973710399,optimal
192,{'S6TASE3ly'},286.2899973710399,optimal
193,{'PYAM5PO'},286.2899973710399,optimal
194,{'GLYPROPRO1c'},286.2899973710399,optimal
195,{'SADT'},286.2899973710399,optimal
196,{'SO4t4_2'},286.2899973710399,optimal
197,{'UDPG4DOPA'},286.2899973710399,optimal
198,{'EX_lgnc_e'},286.2899973710399,optimal
199,{'PHYTt'},286.2899973710399,optimal
200,{'CATm'},286.2899973710399,optimal
201,{'EX_tststeroneglc_e'},286.2899973710399,optimal
202,{'EX_CE1950_e'},286.2899973710399,optimal
203,{'HMR_2287'},286.2899973710399,optimal
204,{'DPHMBDCm'},286.2899973710399,optimal
205,{'NDPK4m'},286.28999737103976,optimal
206,{'r2140'},286.2899973710398,optimal
207,{'CPS_m'},286.2899973710398,optimal
208,{'CHOLATEt'},286.2899973710399,optimal
209,{'FAOXC200180m'},286.2899973710398,optimal
210,{'HMR_1976'},286.2899973710399,optimal
211,{'GLUTCOAACBP'},286.2899973710399,optimal
212,{'O2tp'},286.2899973710399,optimal
213,{'DNDPt21m'},286.2899973710399,optimal
214,{'EX_5mta_e'},286.2899973710399,optimal
215,{'EX_caproic_e'},286.2899973710399,optimal
216,{'HMR_3322'},286.2899973710399,optimal
217,{'UMPK2'},286.2899973710399,optimal
218,{'GLNASNGLNr'},286.2899973710399,optimal
219,{'H2ETer'},286.2899973710399,optimal
220,{'NACHEXA7ly'},286.2899973710399,optimal
221,{'NDPK4'},286.2899973710399,optimal
222,{'LNELDCCRNtr'},286.2899973710399,optimal
223,{'HMR_6500'},286.2899973710399,optimal
224,{'HMR_1552'},286.2899973710399,optimal
225,{'ACGAMPM'},286.2899973710399,optimal
226,{'EX_orn_e'},286.2899973710399,optimal
227,{'GK1'},0.0,optimal
228,{'DSMSTEROLte'},286.2899973710394,optimal
229,{'METOX'},286.2899973710399,optimal
230,{'Q10H2e'},286.2899973710399,optimal
231,{'EX_crm_hs_e'},286.2899973710399,optimal
232,{'C3STDH1r'},286.2899973710399,optimal
233,{'DM_gpi_sig_r'},286.2899973710399,optimal
234,{'HMR_2888'},286.2899973710399,optimal
235,{'HMR_1548'},286.2899973710399,optimal
236,{'HMR_2861'},286.2899973710399,optimal
237,{'HSD3B7'},286.2899973710399,optimal
238,{'EX_gln__L_e'},286.2899973710399,optimal
239,{'HEXDIACtd'},286.2899973710399,optimal
240,{'GGH_7THFe'},286.2899973710399,optimal
241,{'GALt2_2'},286.28999737103857,optimal
242,{'DM_C02712_c'},286.2899973710398,optimal
243,{'SUCCtm'},286.2899973710399,optimal
244,{'TRPGLNGLNt'},286.2899973710399,optimal
245,{'RE1532X'},286.2899973710399,optimal
246,{'DGTPtm_cho'},286.2899973710399,optimal
247,{'MEV_Rt'},286.2899973710399,optimal
248,{'ETHAMPtr'},286.2899973710399,optimal
249,{'EX_ocdca_e'},286.2899973710399,optimal
250,{'PYDXNK'},286.2899973710399,optimal
251,{'GTMLTe'},286.2899973710399,optimal
252,{'CYTK2_1'},286.2899973710399,optimal
253,{'PYRt2p'},286.2899973710399,optimal
254,{'ABUTt2rL'},286.2899973710399,optimal
255,{'SUCOASm'},286.2899973710399,optimal
256,{'r0731'},286.2899973710399,optimal
257,{'EX_prohistyr_e'},286.2899973710399,optimal
258,{'r0732'},286.2899973710399,optimal
259,{'AKGtp'},286.2899973710399,optimal
260,{'LEUTA'},261.75085473923644,optimal
261,{'RE1523X'},286.2899973710399,optimal
262,{'EX_strch1_e'},286.2899973710399,optimal
263,{'EX_ahdt_e'},286.2899973710398,optimal
264,{'NTD1m'},286.2899973710399,optimal
265,{'EX_CE2006_e'},286.2899973710399,optimal
266,{'COAtim'},286.2899973710399,optimal
267,{'ASPGLUm'},286.2899973710398,optimal
268,{'EX_chol_e'},286.2899973710399,optimal
269,{'MAN1PT2'},286.2899973710399,optimal
270,{'H2Otp'},286.2899973710399,optimal
271,{'4MOPt2im'},261.7508547392364,optimal
272,{'HMR_9638'},286.2899973710399,optimal
273,{'UDPGLCURtr'},286.2899973710399,optimal
274,{'S2TASE5ly'},286.2899973710399,optimal
275,{'r1116'},285.53746227030354,optimal
276,{'ARGARGMETt'},286.2899973710399,optimal
277,{'CYTK13'},286.2899973710398,optimal
278,{'SUCFUMtm'},286.28999737103993,optimal
279,{'GDHm'},286.2899973710399,optimal
280,{'DUTPDPm'},286.2899973710399,optimal
281,{'HDD2CRNte2'},286.2899973710399,optimal
282,{'ASPVALASNr'},286.2899973710399,optimal
283,{'DESAT18_8'},286.2899973710399,optimal
284,{'RE1518M'},286.2899973710399,optimal
285,{'3SALAASPm'},286.2899973710399,optimal
286,{'SK_gly_c'},286.2899973710399,optimal
287,{'GLCAASE9ly'},286.2899973710399,optimal
288,{'r1292'},286.2899973710399,optimal
289,{'HMR_4772'},286.2899973710399,optimal
290,{'HMR_1465'},286.2899973710399,optimal
291,{'HMGCOAtx'},286.2899973710399,optimal
292,{'r2150'},286.2899973710399,optimal
293,{'AICARte'},286.2899973710399,optimal
294,{'3DPHBH2'},286.2899973710399,optimal
295,{'VALLYSTYRr'},286.2899973710399,optimal
296,{'IDOAASE2ly'},286.2899973710399,optimal
297,{'HS3ly'},286.2899973710399,optimal
298,{'FTHFLi'},286.2899973710399,optimal
299,{'EX_CE1925_e'},286.2899973710399,optimal
300,{'r1135'},286.2899973710399,optimal
301,{'r2142'},286.2899973710399,optimal
302,{'ORNDC'},286.2899973710399,optimal
303,{'EX_glu__L_e'},286.2899973710399,optimal
304,{'ANDRSTRNtr'},286.2899973710399,optimal
305,{'HMR_1545'},286.2899973710399,optimal
306,{'HMR_1538'},286.2899973710399,optimal
307,{'ACACT10m'},286.2899973710399,optimal
308,{'EX_argtyrval_e'},286.2899973710399,optimal
309,{'HMR_3116'},286.2899973710399,optimal
310,{'EX_octa_e'},286.2899973710399,optimal
311,{'SQLSr'},286.2899973710399,optimal
312,{'DHFR2i'},286.2899973710399,optimal
313,{'UGT1A3r'},286.2899973710399,optimal
314,{'r2143'},286.2899973710399,optimal
315,{'GGH_10FTHF5GLUe'},286.2899973710399,optimal
316,{'FAOXC16DCC14DCx'},286.2899973710399,optimal
317,{'H2MTer_U'},286.2899973710399,optimal
318,{'PYDXNO'},286.2899973710399,optimal
319,{'SK_tmndnccoa_c'},286.2899973710399,optimal
320,{'EX_cpppg1_e'},286.2899973710398,optimal
321,{'HMR_3321'},286.2899973710398,optimal
322,{'HMR_5389'},286.2899973710398,optimal
323,{'HMR_1547'},286.2899973710398,optimal
324,{'UMPK7'},286.2899973710398,optimal
325,{'HS2ly'},286.28999737103993,optimal
326,{'GGH_6THFe'},286.28999737103993,optimal
327,{'EX_imp_e'},286.2899973710399,optimal
328,{'H6ET3er'},286.28999737103993,optimal
329,{'DEDOLP2_L'},286.28999737103993,optimal
330,{'UNK3'},286.28999737103993,optimal
331,{'HMR_9176'},286.28999737103993,optimal
332,{'EX_ddeccrn_e'},286.28999737103993,optimal
333,{'FAOXC15NADPx'},286.28999737103993,optimal
334,{'XOLESTte'},286.2899973710395,optimal
335,{'r0783'},278.1102831604387,optimal
336,{'PYK2'},286.2899973710399,optimal
337,{'EX_arg__L_e'},286.2899973710399,optimal
338,{'EX_hxa_e'},286.28999737103976,optimal
339,{'C60CPT1'},286.2899973710398,optimal
340,{'SK_c226coa_c'},286.2899973710398,optimal
341,{'THRILEARGr'},286.28999737103993,optimal
342,{'C04717td'},286.28999737103993,optimal
343,{'EX_q10_e'},286.28999737103993,optimal
344,{'GARFT'},286.28999737103993,optimal
345,{'EX_ptrc_e'},286.28999737103993,optimal
346,{'7DHCHSTEROLtd'},286.28999737103993,optimal
347,{'GLUPRT'},286.28999737103993,optimal
348,{'PGLc'},278.1102831604386,optimal
349,{'PROARGCYSr'},286.2899973710398,optimal
350,{'DCMPDA'},286.2899973710399,optimal
351,{'C80CPT1'},286.2899973710399,optimal
352,{'RE1517X'},286.2899973710399,optimal
353,{'HMR_3953'},285.96962523112455,optimal
354,{'RE3413C'},286.2899973710399,optimal
355,{'r0627'},286.2899973710399,optimal
356,{'r0962'},286.2899973710399,optimal
357,{'FUMAC'},286.2899973710399,optimal
358,{'r2095'},286.2899973710399,optimal
359,{'O2Stx'},286.2899973710399,optimal
360,{'GLCAASE4ly'},286.2899973710399,optimal
361,{'AGTim'},286.2899973710399,optimal
362,{'MTRI'},286.2899973710399,optimal
363,{'HMR_1493'},286.2899973710399,optimal
364,{'PEHSFABPe'},286.2899973710399,optimal
365,{'r0393'},286.2899973710399,optimal
366,{'DM_ethamp_r'},286.2899973710399,optimal
367,{'NACHEX1ly'},286.2899973710399,optimal
368,{'GUAPRT'},286.2899973710399,optimal
369,{'TRPGLNGLNr'},286.2899973710399,optimal
370,{'PHEtec'},286.2899973710399,optimal
371,{'ILEARGILEr'},286.2899973710399,optimal
372,{'LEULEULAPc'},286.2899973710399,optimal
373,{'NACHEXA4ly'},286.2899973710399,optimal
374,{'XYLtly'},286.2899973710399,optimal
375,{'CLS_hs'},0.0,optimal
376,{'GGH_7DHFe'},286.2899973710388,optimal
377,{'DM_dctp_m'},286.2899973710398,optimal
378,{'FAOXC102C103m'},286.2899973710398,optimal
379,{'LINKDEG2ly'},286.2899973710398,optimal
380,{'IVCOAACBP'},286.2899973710398,optimal
381,{'r2434'},286.2899973710398,optimal
382,{'FAOXTC102C101m'},286.2899973710398,optimal
383,{'URIt4'},286.2899973710399,optimal
384,{'C161CPT12'},286.2899973710399,optimal
385,{'COQ6m'},286.2899973710399,optimal
386,{'DGTPtn'},286.2899973710399,optimal
387,{'EX_argargmet_e'},286.2899973710399,optimal
388,{'ECOAH1x'},286.2899973710399,optimal
389,{'GLCAASE5ly'},286.2899973710399,optimal
390,{'ACS'},286.2899973710399,optimal
391,{'GLACter'},286.2899973710399,optimal
392,{'r2094'},286.2899973710399,optimal
393,{'CYTK14'},286.2899973710399,optimal
394,{'HMR_8418'},286.2899973710399,optimal
395,{'CATp'},286.2899973710399,optimal
396,{'L_LACtcm'},286.2899973710399,optimal
397,{'CDIPTr'},0.0,optimal
398,{'EX_dopa4glcur_e'},286.2899973710399,optimal
399,{'PCRNtm'},286.2899973710399,optimal
400,{'COAtp'},286.2899973710399,optimal
401,{'r0575'},286.2899973710399,optimal
402,{'MALTt1r'},286.2899973710399,optimal
403,{'GLPASE2'},286.2899973710399,optimal
404,{'34DHPHELAT1tc'},286.2899973710399,optimal
405,{'HMR_1516'},286.2899973710399,optimal
406,{'SK_asn__L_c'},286.2899973710399,optimal
407,{'PRPPS'},286.2899973710399,optimal
408,{'HMR_2673'},286.2899973710399,optimal
409,{'r2444'},286.2899973710399,optimal
410,{'EX_utp_e'},286.2899973710399,optimal
411,{'TMDS'},286.2899973710398,optimal
412,{'SK_akg_c'},286.2899973710399,optimal
413,{'r2101'},286.2899973710399,optimal
414,{'ACACT1m'},286.28999737103993,optimal
415,{'HMR_1467'},286.28999737103993,optimal
416,{'HPROym'},286.28999737103993,optimal
417,{'EX_acald_e'},286.28999737103993,optimal
418,{'SK_for_c'},286.28999737103993,optimal
419,{'ACACtx'},286.28999737103993,optimal
420,{'HMR_7749'},284.65405452891963,optimal
421,{'PSSA1_hs'},6.73389935014271e-13,optimal
422,{'GLCAASE8ly'},286.28999737104,optimal
423,{'GGH_10FTHF6GLUe'},286.28999737103993,optimal
424,{'EX_4abutn_e'},286.28999737103993,optimal
425,{'EX_HC01361_e'},286.28999737103993,optimal
426,{'UDPG3DOPA'},286.2899973710397,optimal
427,{'P5CRxm'},286.28999737103976,optimal
428,{'HMR_2884'},286.2899973710399,optimal
429,{'CYOOm2i'},286.2899973710399,optimal
430,{'r1400'},286.2899973710399,optimal
431,{'CYSTYRASNt'},286.2899973710399,optimal
432,{'CYTDK1'},286.2899973710399,optimal
433,{'C142ACBP'},286.2899973710399,optimal
434,{'T4HCINNMte'},286.2899973710399,optimal
435,{'3SPYRSP'},286.2899973710399,optimal
436,{'H3MTer_U'},286.2899973710399,optimal
437,{'S4TASE2ly'},286.2899973710399,optimal
438,{'C6COAt'},286.2899973710399,optimal
439,{'NACHEXA1ly'},286.2899973710399,optimal
440,{'r0450'},286.2899973710399,optimal
441,{'EX_argserser_e'},286.2899973710399,optimal
442,{'FAOXC11'},286.2899973710399,optimal
443,{'EX_c8crn_e'},286.2899973710399,optimal
444,{'ALASm'},286.2899973710399,optimal
445,{'r0514'},286.2899973710399,optimal
446,{'HMR_2602'},286.2899973710399,optimal
447,{'EX_cysi__L_e'},286.2899973710399,optimal
448,{'SK_met__L_c'},286.2899973710399,optimal
449,{'NDPK7m'},286.2899973710399,optimal
450,{'HMR_2611'},286.2899973710399,optimal
451,{'LALDO'},286.2899973710399,optimal
452,{'DCA24GSr'},286.2899973710397,optimal
453,{'T4HCINNMtm'},286.2899973710399,optimal
454,{'GGNG'},286.2899973710399,optimal
455,{'MTHFD2m'},286.2899973710399,optimal
456,{'TTCCOAtx'},286.2899973710399,optimal
457,{'ALOX5'},286.2899973710399,optimal
458,{'RE1526X'},286.2899973710399,optimal
459,{'SK_citr__L_c'},286.2899973710399,optimal
460,{'EX_hpdca_e'},286.2899973710399,optimal
461,{'HMR_2731'},286.2899973710399,optimal
462,{'HAS2'},286.2899973710399,optimal
463,{'NDP6'},286.2899973710399,optimal
464,{'ACACT5m'},286.2899973710399,optimal
465,{'FAOXC102C81m'},286.2899973710399,optimal
466,{'TYRPHETYRt'},286.2899973710399,optimal
467,{'AICART'},286.2899973710399,optimal
468,{'EX_aspvalasn_e'},286.2899973710399,optimal
469,{'HBZOPT10m'},286.2899973710399,optimal
470,{'TRPTYRTYRt'},286.2899973710399,optimal
471,{'5OXPROt'},286.2899973710398,optimal
472,{'EX_for_e'},286.2899973710398,optimal
473,{'r0390_1'},286.2899973710398,optimal
474,{'FAOXC102m'},286.2899973710398,optimal
475,{'EX_5mthf_e'},286.2899973710398,optimal
476,{'SBTR'},286.2899973710398,optimal
477,{'PRFGS'},286.28999737103857,optimal
478,{'RE0453M'},286.2899973710398,optimal
479,{'PYRt2'},286.2899973710398,optimal
480,{'GALtly'},286.2899973710398,optimal
481,{'EX_cholate_e'},286.2899973710398,optimal
482,{'HMR_0864'},286.2899973710398,optimal
483,{'HMR_3859'},286.2899973710398,optimal
484,{'THRD_L'},286.28999737103976,optimal
485,{'PRISTtx'},286.28999737103976,optimal
486,{'SK_val__L_c'},286.28999737103976,optimal
487,{'EBP1r'},286.2899973710399,optimal
488,{'HMR_1536'},286.2899973710399,optimal
489,{'ICDHym'},286.28999737103976,optimal
490,{'SACCD4m'},286.2899973710398,optimal
491,{'4TMEABUTNt2'},286.2899973710398,optimal
492,{'NDPK5n'},286.2899973710398,optimal
493,{'GLUCYS'},286.2899973710398,optimal
494,{'HMR_1490'},286.2899973710398,optimal
495,{'r0408'},286.2899973710398,optimal
496,{'CITL'},286.2899973710398,optimal
497,{'ALCD19y'},286.2899973710398,optimal
498,{'EX_4abut_e'},286.2899973710398,optimal
499,{'EX_ivcrn_e'},286.2899973710398,optimal
500,{'MALTe'},286.2899973710398,optimal
501,{'SK_Tyr_ggn_c'},286.2899973710398,optimal
502,{'RE1233C'},286.2899973710398,optimal
503,{'EX_ile__L_e'},286.2899973710398,optimal
504,{'PYDXPP'},286.2899973710398,optimal
505,{'HMR_2634'},286.2899973710398,optimal
506,{'EX_C04717_e'},286.2899973710398,optimal
507,{'EX_cytd_e'},286.2899973710398,optimal
508,{'RE1050E'},286.2899973710398,optimal
509,{'ATPasel_1'},286.2899973710398,optimal
510,{'HMR_1084'},286.2899973710398,optimal
511,{'PGMT'},242.1213706006547,optimal
512,{'FAOXC226'},286.2899973710399,optimal
513,{'HSAT1ly'},286.2899973710398,optimal
514,{'S6TASE1ly'},286.2899973710398,optimal
515,{'GNDer'},278.11028316043866,optimal
516,{'ASNS1'},286.2899973710399,optimal
517,{'HMR_0795'},286.2899973710399,optimal
518,{'ARTFR208'},286.2899973710399,optimal
519,{'UPPDC1'},286.2899973710398,optimal
520,{'GTHRDt'},286.2899973710398,optimal
521,{'DCA24GSc'},286.2899973710399,optimal
522,{'HSD3B7P'},286.2899973710398,optimal
523,{'H4ETer'},286.2899973710398,optimal
524,{'HOCDACBP'},286.2899973710398,optimal
525,{'ENO'},286.2899973710398,optimal
526,{'r0641'},286.28999737103976,optimal
527,{'PGLYCt'},0.0,optimal
528,{'RE3301C_1'},286.2899973710426,optimal
529,{'EX_cit_e'},286.2899973710398,optimal
530,{'LNELDCCPT2'},286.2899973710398,optimal
531,{'GLXtm'},286.2899973710398,optimal
532,{'EX_his__L_e'},286.2899973710398,optimal
533,{'GLCURtly'},286.2899973710398,optimal
534,{'SK_stcoa_c'},286.2899973710398,optimal
535,{'NACHEXA5ly'},286.2899973710398,optimal
536,{'TRPB0AT3tc'},286.2899973710398,optimal
537,{'UROLACer'},286.2899973710398,optimal
538,{'SK_ile__L_c'},286.2899973710398,optimal
539,{'ASNCYSCYSr'},286.2899973710398,optimal
540,{'IPDDI'},286.2899973710399,optimal
541,{'LEUt5m'},261.75085473923644,optimal
542,{'ORNLEUrBATtc'},286.28999737103976,optimal
543,{'INOSTO'},286.2899973710398,optimal
544,{'CYTK1'},286.2899973710398,optimal
545,{'SK_arg__L_c'},286.2899973710398,optimal
546,{'4HBZFm'},286.2899973710398,optimal
547,{'IDOAASE1ly'},286.2899973710398,optimal
548,{'EX_succ_e'},286.2899973710398,optimal
549,{'EX_lystyrile_e'},286.2899973710398,optimal
550,{'ASNCYSCYSt'},286.2899973710398,optimal
551,{'STRDNCCPT2'},286.2899973710398,optimal
552,{'GLYATm'},286.2899973710398,optimal
553,{'MEVK1'},286.2899973710398,optimal
554,{'SPODM'},286.2899973710399,optimal
555,{'UDPG4E'},286.2899973710398,optimal
556,{'HMR_2857'},286.2899973710398,optimal
557,{'SK_pre_prot_r'},286.2899973710398,optimal
558,{'ASPPROLYSr'},286.2899973710398,optimal
559,{'O2Stm'},286.2899973710398,optimal
560,{'EX_stcrn_e'},286.2899973710398,optimal
561,{'FAOXC18480m'},286.2899973710398,optimal
562,{'BMTer_U'},286.2899973710398,optimal
563,{'EX_pyr_e'},286.2899973710398,optimal
564,{'EX_CE5854_e'},286.2899973710398,optimal
565,{'EX_cspg_e_e'},286.2899973710398,optimal
566,{'FAOXC180x'},286.2899973710398,optimal
567,{'LEUASNASPt'},286.2899973710398,optimal
568,{'r0698'},286.2899973710398,optimal
569,{'DECDPtm'},286.2899973710398,optimal
570,{'IMPtr'},286.28999737103976,optimal
571,{'r2420'},286.2899973710399,optimal
572,{'r0782'},286.2899973710399,optimal
573,{'EX_3bcrn_e'},286.2899973710399,optimal
574,{'FCOAH2'},286.2899973710399,optimal
575,{'4ABUTtm'},286.2899973710399,optimal
576,{'EX_dhf_e'},286.2899973710399,optimal
577,{'SK_leu__L_c'},286.2899973710399,optimal
578,{'4HPRO_LTte'},286.2899973710399,optimal
579,{'EX_thrilearg_e'},286.2899973710399,optimal
580,{'HMR_2865'},286.2899973710399,optimal
581,{'CO2ter'},278.11028316043866,optimal
582,{'C05769te2'},286.2899973710398,optimal
583,{'EX_arachd_e'},286.2899973710399,optimal
584,{'ACGAMtly'},286.2899973710399,optimal
585,{'LYSARGLEUt'},286.2899973710398,optimal
586,{'HMR_2722'},286.28999737103993,optimal
587,{'HACD9m'},286.28999737103993,optimal
588,{'GLYOXm'},261.75085473923644,optimal
589,{'EX_dcmp_e'},286.28999737103953,optimal
590,{'HMR_6397'},286.2899973710399,optimal
591,{'LHCYSTINt'},286.2899973710399,optimal
592,{'AIRCr'},286.2899973710399,optimal
593,{'3HCO3_NAt'},286.2899973710399,optimal
594,{'CHLSTI_1'},286.2899973710399,optimal
595,{'CHOLD'},286.2899973710399,optimal
596,{'EX_thf_e'},286.2899973710399,optimal
597,{'PGM'},286.2899973710399,optimal
598,{'THYMDtm'},286.2899973710398,optimal
599,{'INSTt2'},286.2899973710399,optimal
600,{'URIt'},286.2899973710398,optimal
601,{'HACD5m'},286.2899973710398,optimal
602,{'MAN6PI'},286.2899973710398,optimal
603,{'XYLR'},286.2899973710398,optimal
604,{'NDPK7n'},286.2899973710398,optimal
605,{'LGNCCOAtcx_1'},286.2899973710398,optimal
606,{'AHANDROSTANGLCte'},286.2899973710398,optimal
607,{'FACOAE120'},286.2899973710398,optimal
608,{'EX_5adtststerone_e'},286.2899973710398,optimal
609,{'FAOXTC142TC122m'},286.2899973710398,optimal
610,{'MTHFD2i'},286.2899973710398,optimal
611,{'r0822'},286.2899973710399,optimal
612,{'FATP1t'},286.2899973710398,optimal
613,{'PROt2r'},286.2899973710398,optimal
614,{'HPYRRy'},286.2899973710398,optimal
615,{'ADK1m'},286.2899973710398,optimal
616,{'MALICITtm'},286.2899973710398,optimal
617,{'RNTR2'},286.2899973710398,optimal
618,{'EX_crn_e'},286.2899973710398,optimal
619,{'FBA'},286.2899973710399,optimal
620,{'r2374'},286.28999737103976,optimal
621,{'EX_5adtststeroneglc_e'},286.28999737103976,optimal
622,{'PGLer'},286.28999737103976,optimal
623,{'CYSTS'},286.28999737103976,optimal
624,{'EX_ethamp_e'},286.28999737103976,optimal
625,{'G5SDym'},286.28999737103976,optimal
626,{'EX_4hpro_LT_e'},286.28999737103976,optimal
627,{'r0340'},286.28999737103976,optimal
628,{'EX_fald_e'},286.28999737103976,optimal
629,{'HMR_1549'},286.28999737103976,optimal
630,{'EX_galgluside_hs_e'},286.28999737103976,optimal
631,{'AGDC'},286.28999737103976,optimal
632,{'5ADTSTSTERONEGLCtr'},286.28999737103976,optimal
633,{'GLPASE1'},242.1213706006547,optimal
634,{'EX_c6crn_e'},286.2899973710399,optimal
635,{'r0990'},286.28999737103993,optimal
636,{'XYLTD_D'},286.28999737103993,optimal
637,{'FAOXTC182TC162m'},286.28999737103993,optimal
638,{'LTHSTRLt'},278.11028316043866,optimal
639,{'SPODMx'},286.28999737103976,optimal
640,{'FAOXC16DCr'},286.28999737103976,optimal
641,{'EX_ddca_e'},286.28999737103976,optimal
642,{'HMR_2633'},286.28999737103976,optimal
643,{'NDPK2n'},286.28999737103976,optimal
644,{'TALA'},278.1102831604386,optimal
645,{'CSPG_Dtly'},286.2899973710398,optimal
646,{'PPAer'},286.2899973710399,optimal
647,{'HSAT3ly'},286.2899973710399,optimal
648,{'ETOHt'},286.2899973710399,optimal
649,{'KDNH'},286.2899973710399,optimal
650,{'RE3628M'},286.2899973710399,optimal
651,{'NACHEXA6ly'},286.2899973710399,optimal
652,{'CYSTA'},286.2899973710399,optimal
653,{'SMVACIDhep'},286.2899973710399,optimal
654,{'BETALDHy'},286.28999737103976,optimal
655,{'CYSTSERex'},286.2899973710398,optimal
656,{'HMR_1565'},286.28999737103976,optimal
657,{'EX_gal_e'},286.2899973710399,optimal
658,{'HMR_9177'},286.2899973710399,optimal
659,{'FAOXC101x'},286.2899973710399,optimal
660,{'PPItx'},286.2899973710399,optimal
661,{'FACOAL80'},286.2899973710399,optimal
662,{'EX_HC00250_e'},286.2899973710399,optimal
663,{'HMR_3520'},286.2899973710398,optimal
664,{'GCC2bim'},286.2899973710398,optimal
665,{'SK_thf_c'},286.2899973710399,optimal
666,{'ECOAH9m'},286.28999737103993,optimal
667,{'DEDOLP1_L'},286.28999737103993,optimal
668,{'CSNAT2x'},286.28999737103993,optimal
669,{'CHOLtu'},286.28999737103993,optimal
670,{'EX_L2aadp_e'},286.28999737103993,optimal
671,{'DCA24Gtr'},286.2899973710399,optimal
672,{'PROSTGE2t2'},286.2899973710399,optimal
673,{'C6CRNtcx'},286.2899973710399,optimal
674,{'r2505'},286.2899973710399,optimal
675,{'FADH2ETC'},286.2899973710399,optimal
676,{'HMR_1546'},286.2899973710399,optimal
677,{'HMGCOASm'},286.28999737103993,optimal
678,{'r0480'},286.2899973710399,optimal
679,{'EX_o2_e'},285.32888095129425,optimal
680,{'NADPtxu'},286.2899973710399,optimal
681,{'PYDXO_1'},286.2899973710399,optimal
682,{'EX_aspprolys_e'},286.2899973710399,optimal
683,{'HMR_1509'},286.2899973710399,optimal
684,{'ASPTAm'},286.2899973710399,optimal
685,{'r0568'},286.2899973710399,optimal
686,{'ELAIDCPT2'},286.2899973710399,optimal
687,{'SMVGLUChep'},286.2899973710399,optimal
688,{'FAOXC183C163m'},286.2899973710399,optimal
689,{'DDPGAm'},286.2899973710399,optimal
690,{'r2197'},286.2899973710399,optimal
691,{'RE1530M'},286.2899973710399,optimal
692,{'ICDHxm'},286.2899973710399,optimal
693,{'HC02149td'},286.2899973710399,optimal
694,{'ADSS'},286.2899973710399,optimal
695,{'PHEyLATthc'},286.2899973710399,optimal
696,{'SK_pro__L_c'},286.28999737103976,optimal
697,{'RE0512X'},286.2899973710399,optimal
698,{'EX_acgal_e'},286.2899973710399,optimal
699,{'EX_h2o_e'},286.2899973710399,optimal
700,{'COUCOAFm'},286.2899973710399,optimal
701,{'r2516'},286.2899973710399,optimal
702,{'NDPK6'},286.2899973710399,optimal
703,{'HMR_1479'},286.2899973710398,optimal
704,{'SK_pydxn_c'},286.2899973710398,optimal
705,{'BCRNe'},286.2899973710398,optimal
706,{'COQ7m'},286.2899973710398,optimal
707,{'UPP3S'},286.2899973710398,optimal
708,{'EX_pi_e'},286.2899973710398,optimal
709,{'DPMVD'},286.28999737103976,optimal
710,{'EX_h_e'},286.28999737103976,optimal
711,{'EX_met__L_e'},286.2899973710399,optimal
712,{'EX_2pg_e'},286.2899973710399,optimal
713,{'IDOURtly'},286.28999737103857,optimal
714,{'Coqe'},286.2899973710398,optimal
715,{'HDDACBP'},286.2899973710398,optimal
716,{'ADSL1r'},286.2899973710398,optimal
717,{'CYTK11'},286.2899973710398,optimal
718,{'r0819'},286.2899973710398,optimal
719,{'MACACI'},286.2899973710398,optimal
720,{'HSPASEly'},286.2899973710398,optimal
721,{'AASAD3'},286.2899973710398,optimal
722,{'BIOMASS_reaction'},286.2899973710399,optimal
723,{'CARN180t_m'},286.2899973710399,optimal
724,{'ASNNm'},286.2899973710399,optimal
725,{'HEXDICOAACBP'},286.2899973710399,optimal
726,{'EX_acac_e'},286.2899973710399,optimal
727,{'r0707'},286.2899973710399,optimal
728,{'EX_dsmsterol_e'},286.2899973710399,optimal
729,{'GLDBRAN'},286.2899973710399,optimal
730,{'GLUNm'},286.2899973710398,optimal
731,{'r0170'},286.2899973710398,optimal
732,{'FAOXC12C12OHm'},286.2899973710398,optimal
733,{'EX_pe_hs_e'},286.2899973710398,optimal
734,{'FAOXC123m'},286.2899973710399,optimal
735,{'ASNASNARGr'},286.2899973710399,optimal
736,{'AACOAT'},286.2899973710399,optimal
737,{'GNK'},237.21171210743296,optimal
738,{'ILEtec'},286.28999737103976,optimal
739,{'EX_T4hcinnm_e'},286.2899973710399,optimal
740,{'DM_dttp_m'},286.2899973710398,optimal
741,{'ADCim'},286.2899973710397,optimal
742,{'EX_hxcoa_e'},286.2899973710398,optimal
743,{'PCRNte'},286.28999737103976,optimal
744,{'C51CPT1'},286.28999737103976,optimal
745,{'r1146'},286.28999737103976,optimal
746,{'ESTRIOLtr'},286.28999737103976,optimal
747,{'r1117'},286.28999737103976,optimal
748,{'GLYLEUHYDROc'},286.28999737103976,optimal
749,{'GLCNACASE2ly'},286.28999737103976,optimal
750,{'PMTCRNte'},286.28999737103976,optimal
751,{'r0633'},286.28999737103976,optimal
752,{'ASPVALASNt'},286.28999737103976,optimal
753,{'EX_trpaspasp_e'},286.28999737103976,optimal
754,{'AHANDROSTANte'},286.28999737103976,optimal
755,{'MI1PS'},286.28999737103976,optimal
756,{'EX_cystyrasn_e'},286.28999737103976,optimal
757,{'ASPTA'},286.2899973710398,optimal
758,{'5MTHFt'},286.2899973710398,optimal
759,{'CAPROICc'},286.28999737103976,optimal
760,{'FOLOAT1tc'},286.28999737103976,optimal
761,{'TKT1'},242.12137060065473,optimal
762,{'DCA3Gtr'},286.2899973710397,optimal
763,{'UGT1A8r'},286.2899973710399,optimal
764,{'RE2649C'},286.2899973710399,optimal
765,{'NP1'},286.2899973710399,optimal
766,{'SO4tl'},286.2899973710399,optimal
767,{'FAOXC101C8x'},286.2899973710399,optimal
768,{'LYSLYSLYSr'},286.2899973710399,optimal
769,{'FRDPtc'},286.2899973710398,optimal
770,{'DOLPMT_U'},286.2899973710398,optimal
771,{'ACTNMO'},261.7508547392365,optimal
772,{'HMR_0167'},286.28999737103976,optimal
773,{'NACHEX2ly'},286.2899973710398,optimal
774,{'ACONTm'},286.2899973710398,optimal
775,{'GGH_5DHFe'},286.2899973710398,optimal
776,{'DNDPt28m'},286.2899973710398,optimal
777,{'G6PDA'},286.2899973710398,optimal
778,{'LEUTYRTYRt'},286.2899973710398,optimal
779,{'LYSTYRILEt'},286.2899973710398,optimal
780,{'PYDAMK'},286.2899973710398,optimal
781,{'ARACHCPT1'},286.2899973710398,optimal
782,{'PSt3'},0.0,optimal
783,{'FUMtm'},286.2899973710394,optimal
784,{'EX_ha_e'},286.2899973710398,optimal
785,{'ACNAMPH'},286.2899973710398,optimal
786,{'RPEc'},253.15563365731413,optimal
787,{'EX_ppa_e'},286.2899973710397,optimal
788,{'ADSL2r'},286.28999737103976,optimal
789,{'THFATm'},286.28999737103976,optimal
790,{'FORGLUt'},286.2899973710398,optimal
791,{'EX_idour_e'},286.2899973710398,optimal
792,{'EX_cspg_d_e'},286.2899973710398,optimal
793,{'EX_pglyc_hs_e'},0.0,optimal
794,{'TSTSTERONEGLCtr'},286.2899973710399,optimal
795,{'EX_Lkynr_e'},286.2899973710399,optimal
796,{'NDPK4n'},286.2899973710399,optimal
797,{'DPPS'},286.2899973710399,optimal
798,{'AMETt2m'},286.2899973710399,optimal
799,{'HMR_3117'},286.2899973710399,optimal
800,{'EX_glnasngln_e'},286.2899973710399,optimal
801,{'DSMSTEROLtr'},286.2899973710399,optimal
802,{'S3TASE3ly'},286.2899973710399,optimal
803,{'EX_duri_e'},286.2899973710399,optimal
804,{'THRASNTYRr'},286.2899973710399,optimal
805,{'SK_chol_c'},286.2899973710399,optimal
806,{'HMGLx'},286.2899973710399,optimal
807,{'SK_pydam_c'},286.2899973710399,optimal
808,{'RNDR2'},286.2899973710399,optimal
809,{'r0716_1'},286.2899973710399,optimal
810,{'CYTK2'},286.2899973710399,optimal
811,{'ANDRSTRNte'},286.2899973710399,optimal
812,{'CHSTEROLtrc'},282.2001402657393,optimal
813,{'ACNAM9PL'},286.2899973710399,optimal
814,{'HMR_6908'},286.28999737103993,optimal
815,{'r0509'},286.28999737103993,optimal
816,{'EX_gly_e'},286.28999737103993,optimal
817,{'GTHS'},286.2899973710399,optimal
818,{'CHAT'},286.2899973710399,optimal
819,{'DMHPTCRNte'},286.28999737103993,optimal
820,{'NDPK6n'},286.28999737103993,optimal
821,{'CGLYt3_2'},286.28999737103993,optimal
822,{'THRILEARGt'},286.28999737103993,optimal
823,{'GLCNACASE5ly'},286.28999737103993,optimal
824,{'FALDH'},286.28999737103993,optimal
825,{'RE3420C_1'},286.28999737103993,optimal
826,{'HMR_2644'},286.28999737103993,optimal
827,{'3HBCOARc'},286.28999737103993,optimal
828,{'RE2998M'},286.28999737103993,optimal
829,{'ELAIDCPT1'},286.28999737103993,optimal
830,{'GGH_10FTHF7GLUe'},286.28999737103993,optimal
831,{'FAOXC10C10OHm'},286.28999737103993,optimal
832,{'HMR_1504'},286.2899973710398,optimal
833,{'r1671'},286.2899973710398,optimal
834,{'DGK1'},286.2899973710398,optimal
835,{'ACOAR2m'},286.2899973710398,optimal
836,{'PYK'},286.2899973710398,optimal
837,{'LINOFATPtc'},286.2899973710399,optimal
838,{'CRNt'},286.2899973710399,optimal
839,{'CHOLK'},286.2899973710399,optimal
840,{'ATP2ter'},286.2899973710399,optimal
841,{'FAOXC200180x'},286.2899973710399,optimal
842,{'PPAm'},286.2899973710399,optimal
843,{'EX_leu__L_e'},286.2899973710399,optimal
844,{'CSAPASEly'},286.28999737103976,optimal
845,{'BETALDHx'},286.28999737103976,optimal
846,{'HGNTOR'},286.28999737103976,optimal
847,{'DHFtm'},286.28999737103976,optimal
848,{'EX_etoh_e'},286.28999737103976,optimal
849,{'LNS14DMr'},286.28999737103976,optimal
850,{'H7_TAer'},286.28999737103976,optimal
851,{'EX_aspmetasp_e'},286.28999737103976,optimal
852,{'ACNML'},286.28999737103976,optimal
853,{'PEROXx'},286.28999737103976,optimal
854,{'r2520'},286.28999737103976,optimal
855,{'r1109'},286.28999737103976,optimal
856,{'SK_vitd3_c'},286.28999737103976,optimal
857,{'2PGtr'},286.28999737103976,optimal
858,{'ACGAMK'},286.2899973710398,optimal
859,{'C120CPT1'},286.2899973710398,optimal
860,{'EX_asnpheasp_e'},286.2899973710398,optimal
861,{'HMR_2711'},286.2899973710398,optimal
862,{'GLNASNGLNt'},286.2899973710398,optimal
863,{'RE1519X'},286.2899973710398,optimal
864,{'LDH_Lm'},286.2899973710398,optimal
865,{'ACACT7m'},286.28999737103993,optimal
866,{'SK_phe__L_c'},286.28999737103993,optimal
867,{'ACOAO7p'},286.2899973710398,optimal
868,{'r2093'},286.2899973710398,optimal
869,{'ADK3'},286.2899973710398,optimal
870,{'FUM'},286.28999737103993,optimal
871,{'HSAT4ly'},286.2899973710399,optimal
872,{'EX_lnlc_e'},286.2899973710399,optimal
873,{'STCRNte'},286.2899973710399,optimal
874,{'r1959'},286.2899973710399,optimal
875,{'O16G2e'},286.2899973710399,optimal
876,{'TYRCYSTHRr'},286.2899973710399,optimal
877,{'EX_C01601_e'},286.2899973710399,optimal
878,{'NAt5'},286.2899973710399,optimal
879,{'EX_so4_e'},286.2899973710398,optimal
880,{'MALtm'},286.2899973710398,optimal
881,{'HMR_1495'},286.2899973710398,optimal
882,{'ASPT'},286.2899973710398,optimal
883,{'PGK'},212.67256947562964,optimal
884,{'D_LACtm'},261.7508547392366,optimal
885,{'GALOR'},286.2899973710397,optimal
886,{'ECOAR'},286.2899973710398,optimal
887,{'IDOURte'},286.2899973710398,optimal
888,{'FAOXC161802m'},286.2899973710398,optimal
889,{'LYSTYRILEr'},286.2899973710398,optimal
890,{'CHLP'},286.2899973710398,optimal
891,{'ALR2'},286.2899973710398,optimal
892,{'XYLUR'},286.2899973710398,optimal
893,{'G3PD1ir'},286.2899973710398,optimal
894,{'EX_7thf_e'},286.2899973710398,optimal
895,{'UGT1A9r'},286.2899973710398,optimal
896,{'RE3411C_1'},286.2899973710398,optimal
897,{'HMR_2715'},286.2899973710398,optimal
898,{'HDECEACBP'},286.2899973710398,optimal
899,{'MLTHFtm'},286.2899973710398,optimal
900,{'FTHFCLm'},286.2899973710398,optimal
901,{'C162ACBP'},286.2899973710398,optimal
902,{'C4OHc'},286.2899973710398,optimal
903,{'DM_fol_c'},286.2899973710398,optimal
904,{'IPDPtx'},286.2899973710399,optimal
905,{'ABUTD'},286.2899973710399,optimal
906,{'ANDRSTRNGLCte'},286.2899973710399,optimal
907,{'r1670'},286.2899973710399,optimal
908,{'EX_glcr_e'},286.2899973710399,optimal
909,{'DM_Ser_Gly_Ala_X_Gly_l'},286.2899973710399,optimal
910,{'r0984'},286.2899973710399,optimal
911,{'EX_xolest_hs_e'},286.2899973710399,optimal
912,{'NDPK10n'},286.2899973710399,optimal
913,{'GPIAT'},286.2899973710399,optimal
914,{'EX_asp__L_e'},286.2899973710399,optimal
915,{'EX_fol_e'},286.2899973710399,optimal
916,{'FAOXC8C6m'},286.2899973710399,optimal
917,{'CITRtm'},286.2899973710399,optimal
918,{'TYRVALMETr'},286.2899973710399,optimal
919,{'HPDCACRNCPT2'},286.2899973710399,optimal
920,{'NTD11'},286.2899973710399,optimal
921,{'BILGLCURte'},286.2899973710399,optimal
922,{'EX_CE5853_e'},286.2899973710399,optimal
923,{'EX_glcur_e'},286.2899973710399,optimal
924,{'UGT1A10c'},286.2899973710399,optimal
925,{'FACOAL206'},286.2899973710399,optimal
926,{'EX_ach_e'},286.2899973710399,optimal
927,{'r2317'},286.2899973710399,optimal
928,{'EX_vallystyr_e'},286.2899973710399,optimal
929,{'DXTRNt'},271.3420431346185,optimal
930,{'34DHPHEt'},286.2899973710399,optimal
931,{'GHMT2rm'},286.2899973710399,optimal
932,{'HMR_0860'},286.2899973710399,optimal
933,{'HMR_1706'},286.2899973710399,optimal
934,{'HTDCACBP'},286.28999737103976,optimal
935,{'HCO3E'},286.2899973710398,optimal
936,{'EX_10fthf7glu_e'},286.2899973710399,optimal
937,{'r0892'},286.2899973710399,optimal
938,{'CSNATm'},286.2899973710399,optimal
939,{'TRDR2'},286.2899973710399,optimal
940,{'HMR_2604'},286.2899973710399,optimal
941,{'FAOXC226205x'},286.2899973710399,optimal
942,{'FAOXC170m'},286.2899973710399,optimal
943,{'DNDPt23m'},286.2899973710399,optimal
944,{'XYLK'},286.2899973710399,optimal
945,{'DOPA3GLCURt'},286.2899973710399,optimal
946,{'CYTK3'},286.2899973710399,optimal
947,{'ANDRSTRNGLCtr'},286.2899973710399,optimal
948,{'EX_dag_hs_e'},286.2899973710399,optimal
949,{'THRASNTYRt'},286.28999737103857,optimal
950,{'ASPPROLYSt'},286.2899973710398,optimal
951,{'PPItr'},286.2899973710398,optimal
952,{'EX_5oxpro_e'},286.2899973710398,optimal
953,{'EX_34dhphe_e'},286.2899973710398,optimal
954,{'HDCECRNte'},286.2899973710398,optimal
955,{'SK_glu__L_c'},286.2899973710398,optimal
956,{'GCCcm'},286.2899973710398,optimal
957,{'HMGLm'},286.2899973710398,optimal
958,{'DAG_HSter'},286.2899973710398,optimal
959,{'UMPK4'},286.2899973710398,optimal
960,{'DNDPt38m'},286.2899973710398,optimal
961,{'GALUi'},286.2899973710398,optimal
962,{'HMR_9720'},286.2899973710398,optimal
963,{'RPI'},282.20014026573926,optimal
964,{'RE1525X'},286.28999737103993,optimal
965,{'r1421'},286.2899973710398,optimal
966,{'r2385'},286.2899973710398,optimal
967,{'HMR_4771'},286.2899973710398,optimal
968,{'TIGCRNe'},286.2899973710398,optimal
969,{'CVM1GLUChc'},286.2899973710398,optimal
970,{'BIOMASS_maintenance'},0.0,optimal
971,{'DCTPtn'},286.2899973710397,optimal
972,{'GCCam'},286.2899973710398,optimal
973,{'PIACGT'},286.2899973710398,optimal
974,{'CSPG_Ctly'},286.2899973710398,optimal
975,{'FAOXC8C6x'},286.2899973710398,optimal
976,{'ACGALtr'},286.2899973710398,optimal
977,{'C226CPT1'},286.2899973710398,optimal
978,{'P5CRm'},286.2899973710398,optimal
979,{'RE2327C'},286.2899973710398,optimal
980,{'ALCD22_D'},286.2899973710398,optimal
981,{'HMR_8510'},261.7508547392363,optimal
982,{'r0885'},286.2899973710398,optimal
983,{'r0954'},286.2899973710398,optimal
984,{'SMS'},0.0,optimal
985,{'TRDR'},286.28999737103936,optimal
986,{'CRNCARtm'},286.28999737103976,optimal
987,{'ODECRNtr'},286.28999737103976,optimal
988,{'TMABADH'},286.28999737103976,optimal
989,{'CITtam'},286.28999737103976,optimal
990,{'PPA'},286.28999737103976,optimal
991,{'CYTK10'},286.28999737103976,optimal
992,{'ASNPHEASPt'},286.28999737103976,optimal
993,{'HMR_2821'},286.28999737103976,optimal
994,{'SK_his__L_c'},286.28999737103976,optimal
995,{'HMR_8374'},286.28999737103976,optimal
996,{'FAOXC6C4x'},286.28999737103976,optimal
997,{'GLYALDtr'},286.28999737103976,optimal
998,{'PPCOAtm'},286.28999737103993,optimal
999,{'RE2640C'},286.28999737103993,optimal
1000,{'UREAt'},286.2899973710398,optimal
1001,{'ASNtm'},286.2899973710398,optimal
1002,{'HDCACBP'},286.2899973710398,optimal
1003,{'BPNT'},286.2899973710398,optimal
1004,{'r0595'},286.2899973710398,optimal
1005,{'EX_bilglcur_e'},286.2899973710398,optimal
1006,{'r2403'},286.2899973710398,optimal
1007,{'ARGORNt7'},286.2899973710398,optimal
1008,{'HS4ly'},286.2899973710398,optimal
1009,{'CHTNASE'},286.2899973710398,optimal
1010,{'HEXCOAACBP'},286.2899973710398,optimal
1011,{'EX_hspg_e'},286.2899973710398,optimal
1012,{'EX_uri_e'},286.2899973710398,optimal
1013,{'r0730'},286.2899973710398,optimal
1014,{'3DPHBH1'},286.2899973710398,optimal
1015,{'SK_glygn2_c'},242.12137060065473,optimal
1016,{'CARN160t_m'},286.28999737103993,optimal
1017,{'EX_lac__L_e'},286.2899973710399,optimal
1018,{'ALATA_Lm'},286.2899973710399,optimal
1019,{'TRPTYRTYRr'},286.2899973710399,optimal
1020,{'HMR_3106'},286.2899973710399,optimal
1021,{'G3PD2'},286.2899973710399,optimal
1022,{'HPDCACRNCPT1'},286.2899973710399,optimal
1023,{'EX_lthstrl_e'},278.11028316043866,optimal
1024,{'FATP4t'},286.28999737103976,optimal
1025,{'ACNAM9PL2'},286.2899973710398,optimal
1026,{'CSNAT3x'},286.2899973710398,optimal
1027,{'EX_glyc_e'},286.2899973710398,optimal
1028,{'EX_tststerone_e'},286.2899973710398,optimal
1029,{'EX_proargcys_e'},286.2899973710398,optimal
1030,{'r2437'},286.2899973710398,optimal
1031,{'GHMT2r'},286.2899973710398,optimal
1032,{'GLCNACASE4ly'},286.2899973710398,optimal
1033,{'IVCRNe'},286.2899973710398,optimal
1034,{'CSDPASEly'},286.2899973710398,optimal
1035,{'LGTHL'},261.7508547392365,optimal
1036,{'FAOXC16080x'},286.2899973710399,optimal
1037,{'SK_dchac_c'},286.2899973710398,optimal
1038,{'HMR_0859'},286.2899973710398,optimal
1039,{'NDPK3n'},286.2899973710398,optimal
1040,{'H6_ETer'},286.2899973710398,optimal
1041,{'HMR_6909'},286.2899973710398,optimal
1042,{'3SALATAi'},286.2899973710398,optimal
1043,{'PUNP5'},286.2899973710398,optimal
1044,{'EX_hdd2crn_e'},286.2899973710398,optimal
1045,{'r0853'},286.2899973710398,optimal
1046,{'HMR_2817'},286.2899973710398,optimal
1047,{'EX_arach_e'},286.2899973710398,optimal
1048,{'r2198'},286.2899973710398,optimal
1049,{'ACGALtly'},286.2899973710398,optimal
1050,{'D_LACt2'},286.2899973710398,optimal
1051,{'HMR_4422'},286.2899973710398,optimal
1052,{'SK_lys__L_c'},286.2899973710398,optimal
1053,{'5ADTSTSTERONEte'},286.2899973710399,optimal
1054,{'GGH_6DHFe'},286.2899973710399,optimal
1055,{'FORMCOAtx'},286.2899973710399,optimal
1056,{'5MTAte'},286.2899973710399,optimal
1057,{'EX_ala__L_e'},286.2899973710399,optimal
1058,{'EX_C05769_e'},286.2899973710399,optimal
1059,{'PROARGCYSt'},286.2899973710399,optimal
1060,{'HIStN1'},286.2899973710398,optimal
1061,{'CHLSTD78I'},286.2899973710398,optimal
1062,{'G6PDH2c'},278.11028316043866,optimal
1063,{'ASNN'},286.2899973710399,optimal
1064,{'HMR_1095'},286.2899973710398,optimal
1065,{'RE1516X'},286.2899973710398,optimal
1066,{'PSP_L'},286.2899973710398,optimal
1067,{'STCRNtr'},286.2899973710398,optimal
1068,{'DMHPTCRNt'},286.2899973710398,optimal
1069,{'HMR_2667'},286.2899973710398,optimal
1070,{'r0246'},286.2899973710398,optimal
1071,{'SK_asp__L_c'},286.2899973710398,optimal
1072,{'GLAl'},286.2899973710398,optimal
1073,{'SOAT12'},286.28999737104004,optimal
1074,{'PGI'},284.65405452891963,optimal
1075,{'CO2t'},286.2899973710398,optimal
1076,{'r0926'},286.28999737103976,optimal
1077,{'EX_pro__L_e'},286.28999737103976,optimal
1078,{'GLYCLTDy'},286.28999737103976,optimal
1079,{'LNELDCCRNte'},286.28999737103976,optimal
1080,{'EX_atp_e'},285.5374622703035,optimal
1081,{'TRYPTAte'},286.2899973710398,optimal
1082,{'AATA'},286.2899973710398,optimal
1083,{'EX_ahandrostan_e'},286.2899973710398,optimal
1084,{'r2499'},286.2899973710398,optimal
1085,{'ECOAH5m'},286.2899973710398,optimal
1086,{'S3TASE2ly'},286.2899973710399,optimal
1087,{'EX_ileargile_e'},286.2899973710399,optimal
1088,{'ABUTt2r'},286.2899973710399,optimal
1089,{'FAOXC18480x'},286.2899973710399,optimal
1090,{'HEXDICOAACBPx'},286.2899973710399,optimal
1091,{'PCHOLP_hs'},286.2899973710398,optimal
1092,{'DM_dca24g_c'},286.2899973710399,optimal
1093,{'ARGARGLYSt'},286.2899973710399,optimal
1094,{'AMANK'},286.2899973710399,optimal
1095,{'r0720_1'},286.2899973710399,optimal
1096,{'F1Ate'},286.2899973710399,optimal
1097,{'EX_thrasntyr_e'},286.2899973710399,optimal
1098,{'AACTtm'},286.2899973710399,optimal
1099,{'EX_asncyscys_e'},286.2899973710399,optimal
1100,{'PPBNGS'},286.2899973710398,optimal
1101,{'TKT2'},242.12137060065476,optimal
1102,{'EX_xyl__D_e'},286.28999737103993,optimal
1103,{'CYOR_u10mi'},286.28999737103993,optimal
1104,{'EX_aicar_e'},286.2899973710399,optimal
1105,{'FAOXC163C143m'},286.2899973710399,optimal
1106,{'DCMPtr'},286.2899973710399,optimal
1107,{'GLYLEUPEPT1tc'},286.2899973710399,optimal
1108,{'r1163'},286.2899973710399,optimal
1109,{'PMTCRNtr'},286.2899973710399,optimal
1110,{'DSMSTOLR'},286.2899973710399,optimal
1111,{'ADSK'},286.2899973710399,optimal
1112,{'GLUt2m'},286.2899973710398,optimal
1113,{'FTHFCL'},286.2899973710398,optimal
1114,{'SPODMe'},286.2899973710398,optimal
1115,{'r2079'},286.2899973710398,optimal
1116,{'GBA2e'},286.2899973710398,optimal
1117,{'HSPGtly'},286.2899973710398,optimal
1118,{'C161CPT22'},286.2899973710398,optimal
1119,{'THYMDt1'},286.2899973710398,optimal
1120,{'ARGARGLYSr'},286.28999737103993,optimal
1121,{'EX_ade_e'},286.28999737103993,optimal
1122,{'FAOXC240200x_1'},286.28999737103993,optimal
1123,{'EX_fucgalfucgalacglcgalgluside_hs_e'},286.28999737103993,optimal
1124,{'EX_urea_e'},286.28999737103993,optimal
1125,{'ACACT4m'},286.28999737103993,optimal
1126,{'CRNtp'},286.28999737103993,optimal
1127,{'EX_tyrvalmet_e'},286.2899973710399,optimal
1128,{'ACGAM6PS'},286.2899973710399,optimal
1129,{'DM_kdn_c'},286.2899973710399,optimal
1130,{'RE3052C'},286.2899973710399,optimal
1131,{'HMR_9634'},286.2899973710399,optimal
1132,{'S6TASE2ly'},286.2899973710399,optimal
1133,{'34HPPte'},286.2899973710399,optimal
1134,{'EX_tyr__L_e'},286.2899973710398,optimal
1135,{'EX_CE1926_e'},286.2899973710398,optimal
1136,{'G3PD'},286.2899973710398,optimal
1137,{'GLCAASE7ly'},286.2899973710398,optimal
1138,{'r2097'},286.2899973710398,optimal
1139,{'r0801'},286.2899973710398,optimal
1140,{'FAOXC226205m'},286.2899973710398,optimal
1141,{'PRISTANALtx'},286.2899973710398,optimal
1142,{'ALATA_L'},286.2899973710398,optimal
1143,{'EX_ps_hs_e'},0.0,optimal
1144,{'HMGCOAR'},286.28999737103976,optimal
1145,{'ALCD2y'},286.2899973710398,optimal
1146,{'HMR_7748'},284.6540545289195,optimal
1147,{'C14STR'},286.2899973710399,optimal
1148,{'NACHEX27ly'},286.2899973710399,optimal
1149,{'ILEARGILEt'},286.2899973710399,optimal
1150,{'DCASULT'},286.2899973710399,optimal
1151,{'SERGLYGLUr'},286.2899973710399,optimal
1152,{'ACOAR5m'},286.2899973710399,optimal
1153,{'RE3381E'},286.2899973710399,optimal
1154,{'STRDNCCPT1'},286.2899973710399,optimal
1155,{'r0970'},286.2899973710399,optimal
1156,{'C226CPT2'},286.2899973710398,optimal
1157,{'RE3417C_1'},286.2899973710398,optimal
1158,{'ACACT6m'},286.2899973710398,optimal
1159,{'EX_10fthf_e'},286.2899973710398,optimal
1160,{'CTPS1'},286.2899973710398,optimal
1161,{'EX_cynt_e'},286.2899973710398,optimal
1162,{'FUCGALFUCGALACGLCGALGLUSIDEte'},286.2899973710398,optimal
1163,{'GLU5Km'},286.2899973710398,optimal
1164,{'HACD1m'},286.2899973710398,optimal
1165,{'DM_dem2emgacpail_prot_hs_r'},286.2899973710398,optimal
1166,{'RE0452M'},286.2899973710398,optimal
1167,{'HMR_0868'},286.2899973710398,optimal
1168,{'ALDD21'},286.2899973710398,optimal
1169,{'ACITL'},286.2899973710398,optimal
1170,{'GAPD'},212.67256947562967,optimal
1171,{'TYRTA'},286.28999737103976,optimal
1172,{'FAOXC61m'},286.2899973710398,optimal
1173,{'HMR_2603'},286.2899973710398,optimal
1174,{'TMDK1'},286.2899973710399,optimal
1175,{'EX_hco3_e'},286.28999737103976,optimal
1176,{'r1497'},286.2899973710399,optimal
1177,{'HMR_3102'},286.2899973710399,optimal
1178,{'ME1m'},286.2899973710399,optimal
1179,{'5ADTSTSTERONEGLCte'},286.2899973710399,optimal
1180,{'TMNDNCCPT2'},286.2899973710399,optimal
1181,{'EX_aact_e'},286.2899973710399,optimal
1182,{'HMGCOAS'},286.2899973710399,optimal
1183,{'UGT1A10r_1'},286.2899973710398,optimal
1184,{'HMR_1557'},286.2899973710398,optimal
1185,{'r2419'},286.28999737103857,optimal
1186,{'S4TASE1ly'},286.2899973710398,optimal
1187,{'EX_o2s_e'},286.2899973710398,optimal
1188,{'H2O2tm'},286.2899973710398,optimal
1189,{'HMR_9640'},286.2899973710398,optimal
1190,{'r0525'},286.2899973710398,optimal
1191,{'XYLt'},286.2899973710398,optimal
1192,{'HMR_6910'},286.2899973710398,optimal
1193,{'PROHISTYRr'},286.2899973710398,optimal
1194,{'BILGLCURtr'},286.2899973710398,optimal
1195,{'LINKDEG4ly'},286.2899973710399,optimal
1196,{'EX_tyrcysthr_e'},286.2899973710399,optimal
1197,{'NICRNS'},286.2899973710399,optimal
1198,{'GLUDym'},286.28999737103976,optimal
1199,{'EX_q10h2_e'},286.2899973710399,optimal
1200,{'GLYCtm'},286.2899973710399,optimal
1201,{'LDH_L'},286.2899973710399,optimal
1202,{'H4ET3er'},286.2899973710399,optimal
1203,{'HMBS'},286.2899973710399,optimal
1204,{'MI3PP'},286.2899973710399,optimal
1205,{'C14STRr'},286.2899973710399,optimal
1206,{'CSEPASEly'},286.2899973710399,optimal
1207,{'KCC2t'},286.2899973710399,optimal
1208,{'LNSTLS'},286.2899973710399,optimal
1209,{'q10h2tc'},286.2899973710398,optimal
1210,{'EX_ppbng_e'},286.2899973710398,optimal
1211,{'FACOAE60'},286.2899973710398,optimal
1212,{'HMR_1551'},286.2899973710398,optimal
1213,{'r0840'},286.2899973710398,optimal
1214,{'DTMPKm'},286.2899973710401,optimal
1215,{'PSERT'},286.2899973710398,optimal
1216,{'DM_dca3s_c'},286.2899973710398,optimal
1217,{'EX_leuasnasp_e'},286.2899973710398,optimal
1218,{'2OBUTt'},286.2899973710398,optimal
1219,{'DATPtn'},286.2899973710398,optimal
1220,{'IPDDIx'},286.2899973710398,optimal
1221,{'PHCDm'},286.2899973710398,optimal
1222,{'RE1518X'},286.2899973710398,optimal
1223,{'VALtec'},286.2899973710398,optimal
1224,{'HMR_7758'},286.2899973710398,optimal
1225,{'FAOXC2051843x'},286.2899973710398,optimal
1226,{'THFtm'},286.2899973710398,optimal
1227,{'HXAt3'},286.2899973710398,optimal
1228,{'H5MTer_U'},286.2899973710398,optimal
1229,{'C50CPT1'},286.2899973710398,optimal
1230,{'EX_dopa3glcur_e'},286.2899973710398,optimal
1231,{'OCBTm'},286.2899973710398,optimal
1232,{'DOPA4GLCURt'},286.2899973710398,optimal
1233,{'EX_dopa_e'},286.2899973710398,optimal
1234,{'3SPYRSPm'},286.2899973710398,optimal
1235,{'HMR_2281'},286.2899973710398,optimal
1236,{'CYTK7'},286.2899973710398,optimal
1237,{'SK_5HPET_c'},286.2899973710398,optimal
1238,{'EX_strdnc_e'},286.2899973710398,optimal
1239,{'GLCRt1'},286.2899973710398,optimal
1240,{'r0463'},286.2899973710398,optimal
1241,{'EX_leutyrtyr_e'},286.2899973710398,optimal
1242,{'CBPSam'},286.2899973710398,optimal
1243,{'EX_co2_e'},286.2899973710398,optimal
1244,{'r1254'},286.2899973710398,optimal
1245,{'ADEt'},286.2899973710398,optimal
1246,{'HXPRT'},286.2899973710398,optimal
1247,{'LKYNRtr'},286.2899973710398,optimal
1248,{'LYSLYSLYSt'},286.2899973710399,optimal
1249,{'UMPK'},286.28999737103976,optimal
1250,{'ACACT1r'},286.28999737103976,optimal
1251,{'DDECCRNe'},286.28999737103976,optimal
1252,{'EX_ser__L_e'},286.28999737103976,optimal
1253,{'r2193'},286.28999737103976,optimal
1254,{'r0210'},286.28999737103976,optimal
1255,{'H2OGLYAQPt'},286.28999737103976,optimal
1256,{'DEDOLR_L'},286.2899973710398,optimal
1257,{'HMR_1532'},286.2899973710398,optimal
1258,{'EX_estriol_e'},286.2899973710398,optimal
1259,{'G6Pt6er'},286.2899973710398,optimal
1260,{'HMR_0354'},286.2899973710398,optimal
1261,{'ALOX52'},286.2899973710398,optimal
1262,{'EX_acetone_e'},286.2899973710398,optimal
1263,{'H2O2t'},286.2899973710397,optimal
1264,{'ARACHCPT2'},286.28999737103976,optimal
1265,{'EX_sql_e'},286.2899973710399,optimal
1266,{'r0407'},286.2899973710399,optimal
1267,{'PUNP3'},286.2899973710399,optimal
1268,{'SCP21x'},286.2899973710399,optimal
1269,{'FAOXC14DCC12DCx'},286.2899973710399,optimal
1270,{'r0280'},286.2899973710399,optimal
1271,{'FTCD'},286.2899973710399,optimal
1272,{'r2312'},286.2899973710399,optimal
1273,{'r0714_1'},286.2899973710399,optimal
1274,{'L_LACDcm'},286.2899973710399,optimal
1275,{'r0027'},286.2899973710399,optimal
1276,{'HMR_0873'},286.2899973710399,optimal
1277,{'HMR_3951'},286.2899973710399,optimal
1278,{'r2081'},286.2899973710399,optimal
1279,{'INSTt4'},286.2899973710399,optimal
1280,{'GTHRDH_syn'},286.2899973710399,optimal
1281,{'EX_gluside_hs_e'},286.2899973710399,optimal
1282,{'SBTD_D2'},286.2899973710399,optimal
1283,{'EX_lyslyslys_e'},286.2899973710399,optimal
1284,{'RE1527X'},286.2899973710399,optimal
1285,{'O2ter'},286.2899973710399,optimal
1286,{'EX_c12dc_e'},286.2899973710399,optimal
1287,{'CSNAT2m'},286.2899973710399,optimal
1288,{'RE0577C'},286.2899973710399,optimal
1289,{'C160CPT2'},286.2899973710399,optimal
1290,{'GLYPROPEPT1tc'},286.2899973710399,optimal
1291,{'EX_cspg_c_e'},286.2899973710399,optimal
1292,{'BIOMASS_maintenance_noTrTr'},286.2899973710399,optimal
1293,{'OCTDEC2ACBP'},286.2899973710399,optimal
1294,{'EX_trptyrtyr_e'},286.2899973710399,optimal
1295,{'GLCt4'},286.28999737103976,optimal
1296,{'SK_ser__L_c'},286.28999737103976,optimal
1297,{'AHANDROSTANGLCtr'},286.28999737103976,optimal
1298,{'SK_gln__L_c'},286.28999737103976,optimal
1299,{'ORNt4m'},286.28999737103976,optimal
1300,{'LTA4H'},286.28999737103976,optimal
1301,{'UGT1A7r'},286.28999737103976,optimal
1302,{'EX_trpglngln_e'},286.28999737103976,optimal
1303,{'PMANM'},286.28999737103976,optimal
1304,{'2MB2COAc'},286.2899973710399,optimal
1305,{'FAOXC123C102m'},286.2899973710398,optimal
1306,{'RE1531X'},286.2899973710398,optimal
1307,{'HMR_9178'},286.2899973710398,optimal
1308,{'LTDCL'},286.2899973710398,optimal
1309,{'EX_7dhf_e'},286.2899973710398,optimal
1310,{'FACOAL191'},286.2899973710398,optimal
1311,{'FAOXTC122m'},286.2899973710398,optimal
1312,{'ACETONEt2'},286.2899973710398,optimal
1313,{'EX_h2o2_e'},286.2899973710397,optimal
1314,{'LINKDEG1ly'},286.28999737103976,optimal
1315,{'DIGALSIDEtl'},286.28999737103976,optimal
1316,{'GLCNACASE3ly'},286.28999737103976,optimal
1317,{'FBA2'},286.28999737103976,optimal
1318,{'CHOLESTTDe'},286.2899973710398,optimal
1319,{'G6PDH2er'},286.2899973710398,optimal
1320,{'MI3PS'},286.2899973710398,optimal
1321,{'5AOPtm'},286.2899973710398,optimal
1322,{'ARGSERSERr'},286.2899973710398,optimal
1323,{'IMPD'},286.2899973710398,optimal
1324,{'4TMEABUTNt1'},286.2899973710398,optimal
1325,{'FTHFDH'},286.2899973710398,optimal
1326,{'EX_phe__L_e'},286.2899973710398,optimal
1327,{'OIVD1m'},286.2899973710398,optimal
1328,{'3PGtr'},286.2899973710398,optimal
1329,{'BILIRUBtr'},286.2899973710399,optimal
1330,{'FORtr'},286.2899973710398,optimal
1331,{'EX_2obut_e'},286.2899973710398,optimal
1332,{'EX_dolichol__L_e'},286.2899973710398,optimal
1333,{'ASNASNARGt'},286.2899973710398,optimal
1334,{'CSPG_Atly'},286.2899973710398,optimal
1335,{'TRDR3'},286.2899973710398,optimal
1336,{'DHDPBMTm'},286.2899973710398,optimal
1337,{'FAOXTC122TC101m'},286.2899973710398,optimal
1338,{'LGNCFATPtc'},286.2899973710398,optimal
1339,{'C180CPT2'},286.2899973710398,optimal
1340,{'EX_andrstrnglc_e'},286.2899973710398,optimal
1341,{'GALt4'},286.28999737103976,optimal
1342,{'RE2346C'},286.28999737103976,optimal
1343,{'GCCbim'},286.28999737103976,optimal
1344,{'GMPS'},286.28999737103976,optimal
1345,{'EX_ura_e'},242.12137060065504,optimal
1346,{'AKGDm'},237.21171210743313,optimal
1347,{'RE3051C'},286.28999737103993,optimal
1348,{'FAOXC12DCx'},286.28999737103976,optimal
1349,{'HAS1'},286.28999737103976,optimal
1350,{'EX_dmhptcrn_e'},286.28999737103976,optimal
1351,{'ME2'},286.28999737103976,optimal
1352,{'34HPPOR'},286.2899973710397,optimal
1353,{'TYRVALMETt'},286.2899973710397,optimal
1354,{'ACGPID'},286.28999737103976,optimal
1355,{'SK_lnlncacoa_c'},286.28999737103976,optimal
1356,{'HDD2COAtx'},286.28999737103976,optimal
1357,{'PCm'},286.28999737103976,optimal
1358,{'ORNt3m'},286.28999737103976,optimal
1359,{'r0652_1'},286.28999737103976,optimal
1360,{'PMEVK'},286.2899973710398,optimal
1361,{'EX_hdca_e'},286.2899973710398,optimal
1362,{'FUMSO3tm'},286.2899973710398,optimal
1363,{'EX_HC01444_e'},286.2899973710398,optimal
1364,{'r0358'},286.2899973710398,optimal
1365,{'ARGTYRVALr'},286.2899973710398,optimal
1366,{'r0636'},286.2899973710398,optimal
1367,{'r2080'},286.2899973710398,optimal
1368,{'PROHISTYRt'},286.2899973710398,optimal
1369,{'EX_lys__L_e'},286.2899973710398,optimal
1370,{'GLGNS1'},286.2899973710398,optimal
1371,{'SUCCt4_2'},286.2899973710397,optimal
1372,{'ACRNte'},286.28999737103976,optimal
1373,{'SACCRP_Ltm'},286.28999737103976,optimal
1374,{'EX_mev__R_e'},286.2899973710398,optimal
1375,{'SK_trp__L_c'},286.2899973710398,optimal
1376,{'ICDHyr'},286.2899973710398,optimal
1377,{'DHPR'},286.2899973710398,optimal
1378,{'FOLR2'},286.2899973710398,optimal
1379,{'r0437'},286.2899973710398,optimal
1380,{'ADK1'},286.28999737103993,optimal
1381,{'EX_akg_e'},286.28999737103976,optimal
1382,{'HMR_1543'},286.28999737103976,optimal
1383,{'DGSNt'},286.28999737103976,optimal
1384,{'PPItm'},286.28999737103976,optimal
1385,{'HMR_1478'},286.28999737103976,optimal
1386,{'TYRB0AT3tc'},286.28999737103976,optimal
1387,{'GLYt7_211_r'},286.28999737103976,optimal
1388,{'DCA3GSr'},286.28999737103976,optimal
1389,{'TPI'},261.75085473923673,optimal
1390,{'SERLYSNaex'},286.28999737104,optimal
1391,{'SK_tyr__L_c'},286.28999737103976,optimal
1392,{'3HBCDm'},286.28999737103976,optimal
1393,{'HSD17B42x_1'},286.28999737103976,optimal
1394,{'HMR_1503'},286.28999737103976,optimal
1395,{'URIDK2r'},286.2899973710399,optimal
1396,{'SK_lnlccoa_c'},286.2899973710398,optimal
1397,{'DM_4abut_c'},286.2899973710398,optimal
1398,{'CYSO'},286.2899973710398,optimal
1399,{'RNDR3'},286.2899973710398,optimal
1400,{'HMR_2679'},286.2899973710398,optimal
1401,{'EX_7dhchsterol_e'},286.2899973710398,optimal
1402,{'r0915'},286.28999737103976,optimal
1403,{'ECOAH1m'},286.28999737103976,optimal
1404,{'r0512'},286.28999737103976,optimal
1405,{'DSREDUCr'},282.2001402657392,optimal
1406,{'EX_saccrp__L_e'},286.28999737103976,optimal
1407,{'PSDm_hsc'},286.2899973710399,optimal
1408,{'DMHPTCRNCPT2'},286.2899973710399,optimal
1409,{'HS1ly'},286.2899973710399,optimal
1410,{'3SALATAim'},286.2899973710399,optimal
1411,{'EX_estriolglc_e'},286.2899973710399,optimal
1412,{'CYOOm3i'},286.2899973710399,optimal
1413,{'r0398'},286.2899973710399,optimal
1414,{'EX_glcn_e'},237.21171210743302,optimal
1415,{'RE3076X'},286.28999737103976,optimal
1416,{'PHETHPTOX'},286.28999737103976,optimal
1417,{'DHCR241r'},286.28999737103976,optimal
1418,{'RE1573X'},286.28999737103976,optimal
1419,{'EX_glc__D_e'},286.28999737103976,optimal
1420,{'EX_asnasnarg_e'},286.2899973710398,optimal
1421,{'H2Oter'},278.11028316043866,optimal
1422,{'EX_argarglys_e'},286.2899973710397,optimal
1423,{'URIt2'},286.2899973710398,optimal
1424,{'5ADTSTSTERONEtr'},286.2899973710398,optimal
1425,{'DHCR71r'},278.1102831604386,optimal
1426,{'RE0453N'},286.2899973710398,optimal
1427,{'UMPK3'},286.2899973710399,optimal
1428,{'MI1PP'},286.2899973710399,optimal
1429,{'EX_tmlys_e'},286.2899973710398,optimal
1430,{'EX_chtn_e'},286.2899973710398,optimal
1431,{'TSTSTERONEGLCte'},286.2899973710398,optimal
1432,{'r0193'},286.2899973710399,optimal
1433,{'DCYTt'},286.2899973710399,optimal
1434,{'DOLMANP_Uter'},286.2899973710399,optimal
1435,{'EX_inost_e'},286.2899973710399,optimal
1436,{'PDHm'},286.2899973710399,optimal
1437,{'COQ5m'},286.2899973710399,optimal
1438,{'LSTO1r'},278.1102831604387,optimal
1439,{'PHYHx'},286.28999737103993,optimal
1440,{'ASPMETASPt'},286.2899973710397,optimal
1441,{'EX_bilirub_e'},286.2899973710398,optimal
1442,{'ASNTYRTHRt'},286.2899973710398,optimal
1443,{'GDR'},286.2899973710398,optimal
1444,{'DURIt'},286.2899973710398,optimal
1445,{'C9BRxtc'},286.2899973710398,optimal
1446,{'S2TASE2ly'},286.2899973710398,optimal
1447,{'ACACT1x'},286.2899973710398,optimal
1448,{'r2338'},286.28999737103993,optimal
1449,{'ARGN'},286.28999737103993,optimal
1450,{'CPK1'},286.28999737103993,optimal
1451,{'VALLYSTYRt'},286.28999737103993,optimal
1452,{'THRTHRARGr'},286.28999737103993,optimal
1453,{'URIDK2m'},286.28999737103993,optimal
1454,{'FAOXC80'},286.28999737103993,optimal
1455,{'DMATT'},286.2899973710399,optimal
1456,{'RE0568C'},286.2899973710399,optimal
1457,{'STRDNCt'},286.2899973710399,optimal
1458,{'TSTSTERONEtr'},286.2899973710399,optimal
1459,{'TYRCYSTHRt'},286.2899973710399,optimal
1460,{'GLCNACASE1ly'},286.2899973710399,optimal
1461,{'HPROxm'},286.2899973710399,optimal
1462,{'AKGICITtm'},286.2899973710399,optimal
1463,{'EX_acrn_e'},286.2899973710399,optimal
1464,{'GLYBt4_2_r'},286.2899973710399,optimal
1465,{'r1134'},286.2899973710399,optimal
1466,{'ACONT'},286.2899973710399,optimal
1467,{'HMR_2712'},286.2899973710399,optimal
1468,{'AMPTASECG'},286.2899973710399,optimal
1469,{'2AMADPTm'},286.2899973710399,optimal
1470,{'AMPDA'},286.2899973710398,optimal
1471,{'SK_pmtcoa_c'},286.2899973710398,optimal
1472,{'HMR_1502'},286.2899973710398,optimal
1473,{'LTHSTRLOR'},286.2899973710398,optimal
1474,{'EX_f1a_e'},286.2899973710398,optimal
1475,{'HMR_1539'},286.2899973710398,optimal
1476,{'EX_ahandrostanglc_e'},286.2899973710398,optimal
1477,{'EX_isomal_e'},286.2899973710398,optimal
1478,{'r1253'},286.2899973710398,optimal
1479,{'ACETONEt2m'},286.2899973710398,optimal
1480,{'ACOAR7m'},286.2899973710399,optimal
1481,{'C8CRNe'},286.2899973710398,optimal
1482,{'O2t'},285.3288809512942,optimal
1483,{'EX_dgsn_e'},286.2899973710399,optimal
1484,{'r0774'},286.2899973710399,optimal
1485,{'H2O2tn'},286.2899973710399,optimal
1486,{'LNELDCCPT1'},286.2899973710399,optimal
1487,{'MALOAAtm'},286.2899973710399,optimal
1488,{'r0841'},282.20014026573926,optimal
1489,{'IDOAASE3ly'},286.2899973710399,optimal
1490,{'DUTCP'},286.28999737103993,optimal
1491,{'CYTDt'},286.28999737103993,optimal
1492,{'SK_coa_c'},286.28999737103993,optimal
1493,{'CYTK4'},286.2899973710399,optimal
1494,{'TMLYStd'},286.2899973710399,optimal
1495,{'CO2tm'},286.2899973710399,optimal
1496,{'TMLYSOX'},286.28999737103993,optimal
1497,{'RE2666C_1'},286.28999737103993,optimal
1498,{'HMR_1494'},286.28999737103993,optimal
1499,{'SK_4abut_l'},286.28999737103993,optimal
1500,{'NDP8'},286.28999737103993,optimal
1501,{'EHGLATm'},286.28999737103993,optimal
1502,{'RE1533X'},286.28999737103993,optimal
1503,{'GCC2am'},286.28999737103993,optimal
1504,{'ADADir'},286.28999737103993,optimal
1505,{'EX_udpglcur_e'},286.28999737103993,optimal
1506,{'RE2112C'},285.32888095129425,optimal
1507,{'TTDCPT1'},286.2899973710398,optimal
1508,{'HMR_1500'},286.2899973710399,optimal
1509,{'HMR_9726'},286.2899973710399,optimal
1510,{'HMR_1544'},286.2899973710399,optimal
1511,{'2OXOADPTm'},286.28999737103993,optimal
1512,{'EX_glyleu_e'},286.2899973710399,optimal
1513,{'THFt2_1'},286.2899973710399,optimal
1514,{'TSTSTERONEt'},286.2899973710399,optimal
1515,{'EX_ac_e'},286.28999737103976,optimal
1516,{'MTHFC'},286.2899973710399,optimal
1517,{'FAOXTC101TC102m'},286.2899973710399,optimal
1518,{'ORNTArm'},286.2899973710399,optimal
1519,{'RE2407C'},286.2899973710399,optimal
1520,{'TYRPHETYRr'},286.2899973710399,optimal
1521,{'HAtly'},286.2899973710399,optimal
1522,{'LEUTAm'},261.75085473923644,optimal
1523,{'C05770te3'},286.2899973710399,optimal
1524,{'NTD9'},286.2899973710399,optimal
1525,{'RE1530C'},286.2899973710399,optimal
1526,{'CRNtuNa'},286.2899973710399,optimal
1527,{'GLYtm'},286.2899973710399,optimal
1528,{'ACALDt'},286.2899973710399,optimal
1529,{'PPM'},242.12137060065544,optimal
1530,{'CVM23GLUChc'},286.2899973710399,optimal
1531,{'NDPK1n'},286.2899973710398,optimal
1532,{'NTD8'},286.2899973710398,optimal
1533,{'LNSTLSr'},286.2899973710398,optimal
1534,{'EX_citr__L_e'},286.2899973710398,optimal
1535,{'EX_nh4_e'},286.2899973710398,optimal
1536,{'SPTc'},286.2899973710398,optimal
1537,{'AMY1e'},286.2899973710399,optimal
1538,{'DTTPtn'},286.2899973710399,optimal
1539,{'GALT'},286.2899973710399,optimal
1540,{'ATPS4mi'},237.211712107433,optimal
1541,{'ADK3m'},286.2899973710399,optimal
1542,{'DM_dca3g_c'},286.2899973710399,optimal
1543,{'HMR_1550'},286.2899973710399,optimal
1544,{'HMGCOARx'},286.2899973710399,optimal
1545,{'EX_lysargleu_e'},286.2899973710399,optimal
1546,{'C6CRNe'},286.2899973710399,optimal
1547,{'EX_Lhcystin_e'},286.2899973710399,optimal
1548,{'GLYALDDr'},286.2899973710398,optimal
1549,{'DMATTx'},286.2899973710398,optimal
1550,{'HACD6m'},286.2899973710398,optimal
1551,{'MTHFDm'},286.2899973710399,optimal
1552,{'LINKDEG3ly'},286.2899973710399,optimal
1553,{'EX_phyt_e'},286.2899973710399,optimal
1554,{'EX_dxtrn_e'},271.3420431346185,optimal
1555,{'DUTUP'},286.2899973710399,optimal
1556,{'RE2541E'},286.28999737103993,optimal
1557,{'OCTAt'},286.28999737103993,optimal
1558,{'GLCAASE6ly'},286.28999737103993,optimal
1559,{'CRVSM23hr'},286.28999737103993,optimal
1560,{'CYTK12'},286.28999737103993,optimal
1561,{'HMR_0176'},286.28999737103993,optimal
1562,{'EX_34hpp_e'},286.28999737103993,optimal
1563,{'GGT_L'},286.28999737103993,optimal
1564,{'r2521'},286.28999737103993,optimal
1565,{'HACD1x'},286.28999737103993,optimal
1566,{'EHGLAT2m'},286.28999737103993,optimal
1567,{'GCC2cm'},286.28999737103993,optimal
1568,{'GPIMTer_U'},286.28999737103993,optimal
1569,{'FAOXC2051843m'},286.28999737103993,optimal
1570,{'RNDR4'},286.2899973710401,optimal
1571,{'AGPOP'},286.2899973710399,optimal
1572,{'RE3273C_1'},-1.1125721076330797e-58,optimal
1573,{'ILEASNHISt'},286.2899973710406,optimal
1574,{'ALAt2r'},286.28999737104,optimal
1575,{'L2AADPtr'},286.28999737104,optimal
1576,{'CSNATp'},286.28999737104,optimal
1577,{'GMPS2'},286.28999737104,optimal
1578,{'PRAGSr'},286.28999737104,optimal
1579,{'EX_M01111_e'},286.28999737104,optimal
1580,{'HSAT2ly'},286.28999737104,optimal
1581,{'HMR_1477'},286.28999737104,optimal
1582,{'GLYCLTt'},286.28999737104,optimal
1583,{'FAOXC143C123m'},286.28999737104,optimal
1584,{'C3STDH1Pr'},286.28999737104,optimal
1585,{'C180CPT1'},286.28999737104,optimal
1586,{'NDPK8n'},286.28999737104,optimal
1587,{'IMPC'},286.28999737104,optimal
1588,{'r2539'},286.2899973710399,optimal
1589,{'PYK6'},286.2899973710399,optimal
1590,{'GLCAASE1ly'},286.2899973710399,optimal
1591,{'GRTT'},286.2899973710399,optimal
1592,{'FUMm'},286.2899973710399,optimal
1593,{'O2tn'},286.2899973710398,optimal
1594,{'DOLP_Uter'},286.2899973710398,optimal
1595,{'FAOXC101C8m'},286.2899973710398,optimal
1596,{'r2501'},286.2899973710398,optimal
1597,{'r1664'},286.2899973710398,optimal
1598,{'r2111'},286.2899973710398,optimal
1599,{'C160CPT1'},286.2899973710398,optimal
1600,{'EX_asntyrthr_e'},286.2899973710398,optimal
1601,{'GFUCS'},286.2899973710398,optimal
1602,{'O2tm'},286.2899973710398,optimal
1603,{'HDCAter'},286.2899973710398,optimal
1604,{'MLTHFte'},286.2899973710398,optimal
1605,{'AKGMALtm'},286.2899973710398,optimal
1606,{'PPBNGte'},286.2899973710398,optimal
1607,{'SUCOAS1m'},286.2899973710398,optimal
1608,{'AOBUTDsm'},286.2899973710398,optimal
1609,{'PRISTCOAtx'},286.2899973710398,optimal
1610,{'HMR_0803'},286.2899973710398,optimal
1611,{'CRVSM1hr'},286.2899973710398,optimal
1612,{'SPODMn'},286.2899973710398,optimal
1613,{'r2202'},286.2899973710398,optimal
1614,{'EX_thrthrarg_e'},286.2899973710398,optimal
1615,{'PYNP2r'},242.121370600655,optimal
1616,{'HXCOAte'},286.2899973710398,optimal
1617,{'C141ACBP'},286.2899973710398,optimal
1618,{'URAt'},242.12137060065453,optimal
1619,{'CITt4_1'},286.2899973710399,optimal
1620,{'MTHFD'},286.2899973710398,optimal
1621,{'AMPTASECGe'},286.28999737103993,optimal
1622,{'GMPR'},285.2786500783816,optimal
1623,{'GTHOr'},286.2899973710398,optimal
1624,{'GLACO'},286.28999737103993,optimal
1625,{'GACPAILter'},286.28999737103993,optimal
1626,{'C12DCe'},286.28999737103993,optimal
1627,{'LDH_D'},286.2899973710399,optimal
1628,{'ASNTYRTHRr'},286.2899973710399,optimal
1629,{'CSm'},286.2899973710399,optimal
1630,{'NACHEXA8ly'},286.2899973710399,optimal
1631,{'EX_glyald_e'},286.2899973710399,optimal
1632,{'GLCURtr'},286.2899973710399,optimal
1633,{'HMR_7757'},286.2899973710399,optimal
1634,{'RNDR1'},286.2899973710399,optimal
1635,{'NAPRT'},286.2899973710399,optimal
1636,{'EX_glyclt_e'},286.2899973710399,optimal
1637,{'CRMte'},0.0,optimal
1638,{'H2Otly'},286.2899973710433,optimal
1639,{'SQLEr'},286.2899973710398,optimal
1640,{'5FTHFt2_1'},286.2899973710398,optimal
1641,{'ECOAH4m'},286.2899973710398,optimal
1642,{'CRNtx'},286.2899973710398,optimal
1643,{'SERGLYGLUt'},286.2899973710398,optimal
1644,{'GHMT3'},286.2899973710398,optimal
1645,{'MTAP'},286.2899973710398,optimal
1646,{'SACCRP_Lte'},286.2899973710398,optimal
1647,{'EX_lac__D_e'},286.2899973710398,optimal
1648,{'CYSTGL'},286.2899973710398,optimal
1649,{'TMNDNCCPT1'},286.2899973710398,optimal
1650,{'EX_glypro_e'},286.2899973710398,optimal
1651,{'SCP3x'},286.2899973710399,optimal
1652,{'GLYCK'},286.2899973710399,optimal
1653,{'ILEASNHISr'},286.2899973710399,optimal
1654,{'NTD5m'},286.2899973710399,optimal
1655,{'SSALxm'},286.2899973710399,optimal
1656,{'Htx'},286.28999737103993,optimal
