Gene_ID,Mesenchymal,Epithelial
2978_AT1,1.590799327,-7.62487676
1571_AT1,6.046028716,3.480440541
1549_AT1,2.358337724,3.101581496
1548_AT1,2.358337724,3.101581496
949_AT1,8.881952604,8.613039271
113235_AT1,5.926027164,4.068470184
90423_AT1,6.745531652,7.281060532
54965_AT1,9.543770503,9.929981397
84920_AT1,4.742894393,3.923414371
5150_AT2,4.615360441,4.813277245
157506_AT1,6.282171178,5.851930437
2593_AT1,4.941575055,-4.718709196
113026_AT1,7.277256241,8.479174542
91734_AT1,6.79030482,5.97197314
1584_AT1,2.749991057,3.200679665
142680_AT1,3.047124869,4.224442688
57094_AT1,-1.502265924,-2.820026602
245973_AT1,4.083791462,4.151110603
32_AT1,3.748168733,3.398834755
84679_AT1,3.918073363,5.233111739
114134_AT1,4.63259191,3.400712833
124637_AT1,9.057521013,8.214341885
23057_AT1,3.151511337,2.890560495
6521_AT1,2.522526575,0.466627707
90161_AT1,-0.314604259,2.629278367
9481_AT1,5.804594384,1.23747586
115111_AT1,-0.309048978,0.166090201
192134_AT1,2.525589242,-0.273623801
266722_AT1,2.94536319,3.067270487
10861_AT1,2.519222447,3.399292653
124872_AT1,0.533781784,2.300582768
5151_AT5,5.225285376,5.833265572
93010_AT1,-1.132338868,1.991343087
3038_AT2,10.15416385,11.07575335
6821_AT1,5.921526601,6.747087652
8396_AT1,5.077482358,5.167694959
116255_AT1,5.238237321,5.520798756
121214_AT1,2.983881568,2.426280055
245972_AT1,-1.412866609,2.271373109
8654_AT2,4.527763262,4.79342616
206358_AT1,1.371888931,2.015730083
257068_AT1,2.128027793,3.001422958
160851_AT1,3.334715199,5.321454265
6526_AT1,4.187425827,3.911106015
6571_AT1,4.666302255,3.560860477
131669_AT1,0.794871801,3.376775183
125965_AT1,3.345851574,4.148811933
246213_AT1,-2.157056622,-5.588878694
221223_AT1,1.719266175,2.50411206
1607_AT2,0.796691064,-1.299196064
3177_AT1,4.582234835,4.390227792
148789_AT1,3.828126626,1.76153474
84869_AT1,5.149470286,5.588152273
5286_AT1,3.82106457,3.690753399
283358_AT1,-1.687859314,1.330477826
79369_AT1,2.976830473,-4.117451871
122481_AT1,3.742507835,9.014391045
266740_AT1,5.097050685,5.122576702
160287_AT1,0.988063427,1.63539005
200576_AT1,4.340188714,3.46420311
125981_AT1,3.241252948,2.518639639
126792_AT1,8.6130171,7.031090367
1056_AT1,5.048483187,6.13107738
875_AT1,10.93424987,10.81711341
51302_AT1,4.750197156,-1.79505893
1841_AT1,10.81349179,10.86294245
4907_AT1,-2.564564402,3.07402778
8671_AT1,4.093319121,2.498146807
411_AT1,4.552635495,4.902679404
10558_AT1,7.408151673,7.93730881
6419_AT1,2.730685538,2.920056825
79707_AT1,7.210982818,7.674905113
957_AT1,4.885545883,4.612527478
9498_AT1,-2.08728364,3.072046252
51144_AT1,2.589828687,3.041610524
9197_AT1,7.111629329,5.760275238
4967_AT1,5.861219727,6.566472936
55217_AT1,6.507782715,6.907460197
204219_AT1,2.907692874,3.451399627
1588_AT1,-2.746421456,-0.5263651
3176_AT1,2.766212736,3.250185186
3707_AT1,1.794842049,2.928592494
25796_AT1,3.946895961,-0.131162748
124583_AT1,3.934713115,0.976311885
93034_AT2,1.502487996,-1.338319755
9200_AT1,3.886703785,4.698196728
5137_AT1,3.675825878,3.643021667
113451_AT1,3.798484508,3.04945752
55293_AT1,5.715249154,6.787473467
7083_AT1,9.336531577,10.51561457
7903_AT1,2.092799611,2.880710263
26002_AT1,5.551075091,-0.179263867
27068_AT4,5.359291362,4.887733663
54988_AT1,-4.808416253,-2.194552947
1806_AT1,0.398592845,1.557285571
79723_AT1,8.755763854,8.7066982
1727_AT1,4.720431357,4.211870028
10380_AT1,5.11595891,5.534693933
6511_AT1,-1.276972459,-2.354805159
8526_AT1,7.829412607,7.203241139
9962_AT1,3.357234408,0.799235962
7298_AT1,8.922735744,8.307013314
5144_AT1,3.156187671,4.310952371
4705_AT1,4.267225935,4.766044352
6538_AT1,8.428988977,3.944693108
6548_AT1,3.010804864,2.537918772
3632_AT1,2.941400267,3.865964211
8622_AT1,1.402788884,-1.86025821
52_AT2,-2.22996825,-3.888242019
113_AT1,3.246646784,2.662843801
84002_AT1,2.922640071,2.789947051
1579_AT1,-2.081163135,-0.374517131
441024_AT1,5.294426029,3.967128212
6557_AT1,-2.810725761,2.02680701
525_AT1,3.845230009,3.350667534
113612_AT1,2.803126957,1.752556317
54511_AT1,0.280924095,0.945462916
5825_AT1,5.246480237,6.25537027
84105_AT1,6.482178403,8.628125288
85320_AT1,1.678744276,1.534945769
10257_AT1,4.095715551,3.823074818
26027_AT1,1.031265145,1.662039375
38_AT1,5.801458849,-1.890236461
91703_AT1,3.232060372,2.61479612
5743_AT1,-6.597744044,-2.67057492
8871_AT1,0.059019595,3.997491157
8974_AT1,-1.418466788,2.587009053
3417_AT1,9.806610238,10.66780738
4668_AT1,8.198171769,7.96266637
51496_AT1,2.681531483,2.054824499
23545_AT1,5.230519269,3.454337005
6556_AT1,-5.774589857,3.633660024
956_AT1,0.357844051,-7.080036492
10135_AT1,3.597787429,4.118989017
6487_AT3,1.248452259,-2.635835497
6898_AT1,-2.239473298,-6.913197104
9677_AT1,6.366219086,6.159005501
57835_AT1,2.299209149,2.509130433
2729_AT1,2.69831584,1.001854363
121278_AT1,-1.6653934,-0.300065492
89872_AT1,-2.067451674,-4.61543108
55089_AT1,-0.010096412,-0.90426968
9583_AT1,2.588986162,2.265126869
9091_AT1,5.207219251,3.93017826
2583_AT1,2.172035457,3.067687601
10026_AT1,3.046141048,2.346145994
58508_AT1,4.010320265,4.160994014
247_AT1,-6.564732733,-5.845151433
427_AT1,4.293539741,5.972254252
767_AT1,1.395043978,-2.070874738
3658_AT1,6.566514734,5.524882459
1580_AT1,1.75482984,3.144848326
7299_AT1,-2.637433439,1.27744042
10993_AT1,2.589589107,1.898688187
10864_AT1,7.955709234,7.644244484
55757_AT1,5.691936775,3.616630613
765_AT1,1.936987462,-1.195756054
55750_AT1,3.323200024,2.330548574
1645_AT1,2.886395405,3.32355261
1646_AT1,2.886395405,3.32355261
5160_AT1,11.99234356,11.46065845
6573_AT1,5.703905832,5.451240329
64087_AT1,4.104374963,5.041458678
6546_AT1,3.187111335,0.826449958
160428_AT1,5.455961784,3.534091847
5337_AT1,2.257798269,1.320356941
374569_AT1,0.391657934,-2.170775526
30833_AT1,4.772243366,5.341520154
10060_AT1,-1.413691608,-6.046845782
686_AT1,1.894066602,-6.992681379
4701_AT1,8.150232475,6.470242608
2582_AT1,-1.722347699,2.779964799
2628_AT1,0.880420228,1.699521486
1487_AT1,-1.525314042,2.088089084
55277_AT1,-2.253871638,3.18624096
6566_AT1,3.284463813,0.497369551
249_AT1,-2.608560555,-5.590173586
1267_AT1,5.517133084,6.349714797
5336_AT1,-1.268378965,-5.749533889
6506_AT1,-3.841808382,0.543394103
1356_AT1,-6.14007338,4.588470764
130752_AT1,5.486527348,5.666243379
2531_AT1,7.790973604,5.959904701
284098_AT1,10.80235776,9.665956096
5230_AT1,7.261389189,5.078268487
10057_AT1,5.694740071,7.528882843
66035_AT1,3.485762846,5.335024153
8876_AT1,-2.260002516,1.132907955
480_AT1,0.812991781,-5.51087881
5136_AT2,7.153498092,6.67997186
119548_AT1,0.413285512,1.793671735
10588_AT1,3.143030014,-1.758785382
112724_AT1,11.16323423,11.90609657
79813_AT1,3.165136397,3.408768748
55349_AT1,2.947153231,1.11857376
29958_AT1,2.159513725,3.081049339
8509_AT1,5.59271472,4.832539309
2760_AT1,5.256779227,4.748380809
4297_AT1,-2.967195274,1.868514747
51706_AT1,2.405575825,2.468377549
256435_AT1,-2.010311811,-6.682230528
79623_AT1,2.063420538,1.863324327
4258_AT1,3.175667548,2.567742153
283208_AT1,1.357965993,-2.899681949
6568_AT1,-0.05751448,-5.233352097
5226_AT1,3.036850346,3.867839052
4842_AT1,2.16961577,-2.229882727
3988_AT1,-1.52414641,-2.012524379
10390_AT1,1.331336284,4.499937936
159963_AT1,2.394069159,-2.527275424
6547_AT2,-0.154243849,2.567028663
55748_AT1,3.63274506,6.336386197
1586_AT1,-1.81052448,0.597574712
4200_AT1,5.129983827,2.577190565
54981_AT1,-1.920912355,-1.411810059
2819_AT1,2.715982923,2.445986069
146664_AT1,4.791601716,5.009695355
3633_AT1,-0.071245316,-4.092899543
3295_AT1,2.525308866,1.004726521
54872_AT1,-1.467792439,3.831116659
27165_AT1,4.040997821,3.854641159
83852_AT1,3.766046943,2.623615831
2528_AT1,-1.76524502,-2.001522882
221_AT1,-1.097127753,4.531049841
10351_AT1,-1.213427119,-5.600738947
53905_AT2,3.623978949,2.648723128
55191_AT1,-1.307923042,3.350483207
122618_AT1,4.309249234,3.762088191
6507_AT1,1.985882303,0.119627092
8566_AT1,5.649075135,5.892395911
51196_AT1,2.524602986,3.059541474
2589_AT1,9.752997365,8.764539382
5296_AT1,8.877395475,9.846511714
169355_AT1,-3.203774815,-2.212470806
57194_AT1,9.220982341,9.402379621
7390_AT1,6.86027234,8.190281381
123041_AT1,5.269971042,-2.076289078
3635_AT1,-0.677286997,-0.778534245
51604_AT1,2.820919431,3.610269902
375056_AT1,6.007300582,5.402884739
24_AT1,-1.616482072,-1.800325719
5289_AT1,-1.904715296,-2.277063253
64220_AT1,4.261679473,-1.647437694
9524_AT1,-1.746108727,1.778912648
1606_AT1,2.744668041,2.946744493
5049_AT1,2.889566237,3.137321606
283209_AT1,3.191425678,4.415293096
9615_AT1,-2.256404902,2.48015359
64802_AT1,7.520185878,8.805367297
9942_AT1,5.590226232,3.733925718
10396_AT1,-7.120914767,-2.521847361
6489_AT1,2.196138693,2.654939664
374875_AT1,4.363809948,4.612587146
152586_AT1,0.960210388,1.100449254
84787_AT1,2.429053313,1.988204228
222962_AT1,8.681439344,9.006288233
64579_AT1,-3.678546476,-3.06774924
19_AT1,-1.964705208,3.110029145
2539_AT1,3.273772944,5.609686872
622_AT2,-9.611862541,4.425958452
5244_AT1,-2.483421749,-5.58640186
64132_AT1,2.229906387,-6.792108642
51727_AT1,2.641644622,2.816787712
1200_AT1,10.98413662,9.952421035
9045_AT1,13.08212782,12.81304071
2987_AT1,9.873756751,9.373265235
533_AT1,10.92280294,10.42764984
1327_AT1,12.16038951,12.63659771
8992_AT1,10.18267713,11.72748852
10728_AT1,12.88464976,12.35273789
6647_AT1,12.58923344,12.16906433
3069_AT1,8.795202498,9.033090721
2752_AT1,9.238525694,7.476452547
3939_AT1,12.87555713,12.16037825
292_AT1,12.39347718,12.45505247
5476_AT1,9.066584255,10.29226888
2739_AT1,12.6744627,11.77634089
3098_AT1,10.22602065,10.85046668
2806_AT1,11.76284073,11.22769165
37_AT1,8.563858998,9.520568508
2876_AT2,11.12848813,1.881175566
2495_AT1,12.17794467,12.80415725
1808_AT1,10.84216017,11.3986926
4144_AT1,12.73375347,12.31194358
1891_AT1,9.062700323,9.944573798
4953_AT1,11.82823395,9.793714475
50_AT1,8.115431845,8.235157228
5048_AT1,8.304337117,7.920738337
7167_AT1,12.43442334,12.30981999
6319_AT1,10.23083186,10.11010665
9588_AT1,11.97149987,11.83736288
10768_AT2,8.445303272,9.17823475
1718_AT1,11.55746834,11.42368239
5660_AT1,8.47500345,8.836966288
7385_AT1,10.57272573,10.37832198
1152_AT1,11.03569891,7.509994756
5223_AT1,11.97555675,11.19665206
191_AT1,10.35613649,9.63582923
6520_AT1,7.875750488,7.618041795
1337_AT1,12.84448844,12.96841176
2746_AT1,8.533616245,9.060047364
226_AT1,11.92469777,12.6584062
5538_AT1,11.39675927,11.55047769
4190_AT1,11.04231756,10.99552699
3032_AT1,10.3997177,10.86953373
10606_AT1,11.74926115,11.08343722
3945_AT1,12.9643499,4.412994385
3033_AT1,9.434242807,9.245559124
5214_AT1,9.570271885,10.32941609
23646_AT1,5.937709693,5.677837973
1537_AT1,9.338180921,9.291473504
526_AT1,8.904520093,8.88009138
6389_AT1,11.23282511,11.2794983
5211_AT2,6.648382299,8.228379376
2879_AT1,9.607734224,9.033940738
1351_AT1,11.90655476,12.44287248
47_AT2,9.226028619,8.813020369
1350_AT1,12.9577071,13.06713535
1892_AT1,11.3126824,11.66021642
8140_AT1,10.08322662,9.509879664
262_AT1,9.426510099,8.472907486
4714_AT1,11.12881775,9.959877933
2023_AT1,12.03578246,11.07862189
9789_AT1,9.746983966,9.838453522
481_AT1,5.352079667,8.132881995
6513_AT1,4.882238738,5.07916525
5315_AT2,11.43108539,11.44013065
10423_AT1,10.94580934,11.6813989
9167_AT1,11.77539007,11.9129905
7296_AT3,11.00656291,10.7109259
4831_AT1,12.7800531,12.92585272
231_AT1,12.13271777,2.38762329
2224_AT1,11.84428518,11.61710608
23478_AT1,11.76531714,11.98306273
4698_AT1,11.01136586,10.77082316
2026_AT1,9.188889294,9.780684991
6342_AT1,9.406896533,9.492859748
9380_AT1,10.16670604,9.981685081
2878_AT1,3.276952899,5.648485077
26227_AT1,11.94913109,9.125841053
4259_AT1,11.11393492,9.788732773
2937_AT1,11.01953162,10.63708422
217_AT1,9.844008353,3.495515772
1809_AT1,7.15744777,-1.169916698
847_AT1,9.448819522,10.05375296
9791_AT1,11.46285026,11.30129523
1340_AT1,12.29832558,12.20706493
6888_AT1,11.71186937,11.14871153
1728_AT1,3.902722663,9.894552522
6240_AT1,7.395917545,6.388532817
5834_AT1,5.495638845,6.718587982
3420_AT1,11.07426329,10.27077417
6723_AT1,10.2663008,9.168021149
9296_AT1,10.93421477,10.82247337
2992_AT1,8.972390258,9.426903835
6652_AT1,8.341859674,7.75653503
27089_AT1,12.16533491,12.02919545
1635_AT1,8.044816209,5.87482141
2720_AT1,7.93507152,8.652595186
4830_AT1,11.58648704,11.30191299
1347_AT1,12.54016907,12.16012722
3636_AT1,8.242969409,9.300825681
4942_AT1,11.75549179,9.976539483
223_AT1,10.86675262,10.19024137
8733_AT1,8.730257528,8.763608162
10935_AT2,11.94730592,10.90778563
2181_AT2,9.895548779,9.22286842
2997_AT1,8.867486656,9.171529792
4860_AT1,10.45276861,9.742548819
955_AT1,8.086266143,7.945938016
4722_AT1,10.89824319,11.09306731
1345_AT1,12.49158497,13.16725628
4725_AT1,12.69030529,12.25243809
10797_AT1,11.51327968,11.10951328
3073_AT1,8.10094814,8.642283905
1717_AT1,8.219442433,9.150034819
3930_AT1,12.59981537,11.19834625
2030_AT1,5.62063326,4.442354204
1155_AT1,10.55192918,10.33485678
2683_AT1,8.3536154,7.307708891
6241_AT1,12.4933377,12.1821835
3615_AT1,11.79831701,11.13286105
10327_AT2,10.93067896,10.86444794
7384_AT1,6.31243601,6.073120053
80347_AT1,9.966719352,9.536269344
6574_AT1,11.91972735,10.91029244
2108_AT1,10.92335974,10.57364881
3074_AT1,9.771434634,10.14746883
2180_AT1,8.966137938,8.189568898
4720_AT1,10.98986319,10.56389696
5236_AT1,10.53206643,6.764496578
523_AT1,3.92557148,4.885832508
2131_AT1,8.731106701,7.649142168
4700_AT1,9.192566455,9.042683235
10449_AT1,-3.06367618,3.214240232
6391_AT1,10.65628136,10.2433797
2132_AT2,7.084819763,6.402976698
230_AT1,7.702160071,7.254599322
30_AT1,7.675329094,8.523132591
6392_AT1,11.11734803,10.59640417
6611_AT1,11.81140711,11.63095296
224_AT1,10.02266835,9.979613502
3419_AT1,9.164880552,9.068228731
4706_AT1,11.37486698,11.5102265
10975_AT1,12.44196514,11.84320847
5184_AT1,9.564881293,8.872512606
1349_AT1,13.07755636,12.83402105
6522_AT1,9.65872186,9.553133735
8574_AT1,9.340867617,9.008368011
158_AT2,11.52754681,10.35399222
5831_AT2,10.06658107,9.171338432
79586_AT1,5.42027744,6.467103899
8897_AT1,8.728998365,9.280204897
645_AT1,8.199816183,9.732932748
9415_AT1,6.025181914,5.312583439
6535_AT1,8.63139088,7.382881162
3703_AT1,8.8189204,7.338407633
7388_AT1,13.00749291,12.30589376
4837_AT1,4.80381082,2.316599414
4047_AT1,9.628229265,11.14344803
3028_AT1,10.91286189,10.68547015
4694_AT1,11.87783776,11.98821978
4522_AT1,12.03496783,11.65360703
1595_AT1,12.18926975,12.0915035
9453_AT1,8.671072809,7.349650506
10919_AT1,8.837529083,8.6736699
593_AT1,7.743589201,8.764576937
1329_AT1,10.36791551,10.71813348
2171_AT1,9.815643071,8.336801416
35_AT1,6.320170054,6.698261335
10007_AT1,9.258800011,8.20455937
23761_AT1,8.311579369,8.99332207
4905_AT1,10.35768251,10.58231579
2182_AT2,9.593687337,6.162571543
25874_AT1,10.54862226,10.16262287
1622_AT1,12.11116884,12.96485658
1545_AT1,3.329711968,3.362410097
3423_AT1,4.073536073,5.189114736
1666_AT1,1.171428483,11.43255553
9663_AT1,4.588870818,4.76315279
5209_AT1,11.9173976,12.08934641
3421_AT2,8.95716268,10.34570802
4351_AT1,9.514829717,7.405617851
9249_AT1,7.426184631,8.343203499
6515_AT1,6.592932482,-3.775634605
34_AT1,10.69462,8.946278665
1719_AT1,10.86580341,9.737228879
3156_AT1,9.214809858,8.885910666
203_AT1,8.030705196,8.330250868
2990_AT1,10.73454416,10.6940193
3340_AT1,8.100147201,8.780322791
1503_AT1,11.03846254,9.334648665
6390_AT1,9.461590469,8.473329118
4864_AT1,9.14926104,8.882091994
8446_AT1,9.689921325,10.19054314
7372_AT1,9.001994988,9.040679198
548596_AT1,11.0974689,10.20257693
1159_AT1,11.0974689,10.20257693
790_AT1,8.979576382,8.178744294
2673_AT1,6.742654053,7.427679375
10682_AT1,12.31316782,12.37712472
95_AT1,8.019682177,7.538063741
8503_AT1,9.325520776,10.10479914
6575_AT1,6.265012579,6.364075967
23428_AT1,5.723620697,2.940852639
53_AT1,7.270703981,8.273363892
3155_AT1,7.242881165,7.762861671
5019_AT1,-7.181680521,8.322576322
23530_AT1,9.42704834,8.723146562
5335_AT1,9.628161048,10.2075048
3628_AT1,6.681117129,4.688381314
22908_AT1,11.56950151,10.05991534
4363_AT1,11.26885641,11.20612595
11000_AT1,8.458860599,7.758992862
2548_AT1,4.685543085,6.260094599
291_AT1,9.102894605,7.666582859
2542_AT1,9.79908395,9.928691382
2877_AT1,0.345932009,8.639676662
2517_AT1,9.099673801,9.399244053
4713_AT1,9.669044678,9.67358529
10928_AT1,8.011317082,9.559254108
5279_AT1,9.667050867,10.19512733
5106_AT1,10.18344997,10.59332827
3251_AT1,11.66840477,10.78654328
9123_AT1,3.265587397,3.534289202
2184_AT1,8.614407492,7.772353794
528_AT2,8.219911916,9.87777248
290_AT1,-5.094897961,1.654037332
9917_AT1,7.378511668,7.417950502
8803_AT1,11.01486815,10.72915706
3099_AT1,11.28857318,10.67676567
4729_AT1,10.8591548,10.68358393
2109_AT2,9.650140626,10.15693374
2356_AT1,6.315887827,7.784676314
641371_AT1,7.790112024,7.778479393
10965_AT1,7.790112024,7.778479393
5836_AT1,10.09914804,8.892993265
10948_AT1,6.555535501,6.462539566
4017_AT1,3.12285255,3.444070346
3612_AT1,11.12562965,9.433920741
4597_AT1,5.231666985,5.901919384
2271_AT1,4.662709138,4.279599172
4719_AT1,9.779631143,10.29586133
3145_AT1,9.544319174,9.823932034
22856_AT1,10.93271207,10.75594579
9060_AT1,5.226743022,5.904665152
8050_AT1,10.50479285,10.20247159
2235_AT2,8.090605337,7.316168295
4891_AT1,6.95288358,6.477102006
3613_AT1,8.024397216,8.82640158
9517_AT1,7.515547524,8.758319473
9869_AT1,9.27300541,9.827732205
2744_AT1,7.584405829,6.543416121
2592_AT3,7.526216945,6.603707412
220_AT1,4.067867004,8.610609786
11041_AT1,10.38880325,8.488051558
4728_AT1,8.930775759,8.640776132
10058_AT1,6.899725526,7.42318572
5373_AT1,8.663600563,9.540123459
8898_AT1,11.20032415,9.727253356
8869_AT1,7.66344478,9.42598903
353_AT1,10.6399369,10.94991776
55312_AT1,10.08906468,8.82995241
5050_AT1,9.700462244,9.748109161
7378_AT1,6.912187639,4.370760687
23262_AT1,9.259297366,8.92541473
2632_AT1,10.03420862,9.958342401
9653_AT1,6.987797658,7.459507635
477_AT1,1.195259783,-1.135570564
1633_AT1,9.796832618,9.660265483
10559_AT1,9.14234216,9.892029866
5264_AT1,9.717214246,10.40246563
8604_AT1,9.281319349,7.894440174
7358_AT1,10.53727449,12.56338273
4709_AT1,11.42277969,11.08826917
2591_AT1,7.878615503,9.434211038
5634_AT1,11.81215123,11.11260099
9757_AT1,6.44336961,6.394516859
5947_AT1,6.46567202,5.143700131
26229_AT1,8.716347207,8.716568253
6303_AT1,11.60213673,9.583523337
6697_AT1,7.994864529,9.788946618
5372_AT1,7.766557724,7.78604546
11309_AT1,-2.158147527,-1.203323544
4717_AT1,10.18299597,10.46872293
2639_AT2,7.951645205,7.443443602
669_AT1,9.302734403,7.083604247
10654_AT1,8.994293763,9.54312802
4357_AT1,7.1615077,6.736712964
4023_AT1,1.969223579,0.293131937
5092_AT2,8.348309813,8.222850211
26_AT1,1.964821143,1.99958384
8836_AT1,10.44263259,9.860966466
178_AT5,10.27511219,9.081392184
587_AT1,8.171137074,8.800496178
9057_AT1,8.076753164,7.897892409
4726_AT1,11.69543236,11.06498674
22876_AT1,8.981445085,8.221307618
7915_AT1,9.42454982,8.949861774
4712_AT2,10.36068358,9.898482013
6817_AT3,9.426572425,9.966803001
6818_AT2,9.426572425,9.966803001
6799_AT1,9.426572425,9.966803001
4711_AT1,10.95853777,11.05097474
1374_AT1,6.809271007,10.20044121
5320_AT1,3.776748179,4.89137741
9896_AT1,9.004844949,9.093146684
788_AT1,8.438551739,7.275739088
9377_AT1,12.93181287,12.18010154
3162_AT1,7.342640954,5.906166748
8694_AT1,6.721321375,5.766775691
2799_AT1,4.2284273,4.601381672
3712_AT1,7.344935561,6.956237633
1734_AT1,-3.248355929,4.61234513
5142_AT1,4.238418211,-8.051146114
26275_AT1,8.516890789,8.480068057
8659_AT2,7.02188326,8.750403465
360_AT1,0.291676023,7.144011321
6484_AT1,6.374438737,8.590346089
412_AT1,5.923176691,6.790855829
644_AT1,6.793250102,7.231199799
4548_AT1,10.62242449,8.522161284
10165_AT1,10.04456026,9.614640866
4126_AT1,7.919933432,9.177216669
1716_AT3,8.744113868,8.870691386
5293_AT1,6.153327761,7.000604761
5332_AT2,7.242046758,7.461724573
9843_AT1,1.150725115,1.713514231
3248_AT1,3.298950862,6.703364078
9435_AT1,5.520359499,-5.958630394
2730_AT1,7.86604801,7.432217006
384_AT1,9.871051962,10.91341581
4353_AT1,4.528046233,4.416197301
771_AT1,5.282735581,9.837516961
1593_AT1,5.124359969,4.399879239
2167_AT1,-2.816692617,-0.62170546
4129_AT1,4.054606583,4.14629857
23475_AT1,7.837535527,6.751645153
5330_AT1,2.907060156,2.862261466
5728_AT1,8.965983092,9.753366451
4598_AT1,7.510270552,7.747529218
4199_AT1,9.860691912,8.224919013
8884_AT1,9.883593308,10.10852466
5147_AT1,9.774411157,10.11063924
132_AT2,10.41154291,10.8938238
10568_AT1,1.176160689,0.596643148
3291_AT1,3.511401189,5.309804949
5138_AT1,2.077991786,3.95202005
1036_AT1,2.10346616,3.349482142
10312_AT2,5.957835579,8.359773466
3614_AT2,9.79590279,10.043066
1371_AT1,10.00812574,8.701320196
2766_AT1,3.891575768,4.227546396
1120_AT2,8.298061752,8.635471861
5130_AT1,5.933262408,6.101567145
10005_AT2,3.915681532,4.837577016
2643_AT1,10.06965863,10.38942091
7084_AT1,6.5189203,5.431017459
57030_AT1,-0.911432613,3.703711507
1119_AT1,7.078247416,7.602191123
8310_AT1,6.444111281,8.0986754
11102_AT1,9.950775589,9.145638766
79071_AT1,11.02332386,11.03801463
3995_AT1,5.840189321,7.805570552
1376_AT1,5.949933382,6.013477037
4329_AT1,2.973511834,4.309442434
6448_AT1,6.033243566,6.668903894
275_AT1,6.159005625,5.093886045
1583_AT1,-7.311629673,-3.795514839
4882_AT2,2.853743507,5.87531354
482_AT1,2.262880119,3.310374645
175_AT1,7.985740144,8.179114703
21_AT1,7.877266028,8.859933276
205_AT1,7.180507977,5.372223284
4669_AT1,6.223646479,6.378063935
6578_AT1,3.624115013,2.46644826
5290_AT1,5.563160894,7.34279498
2584_AT1,4.754033454,6.487738669
8942_AT1,-0.747970141,10.10889665
4128_AT1,5.771138675,6.062882207
8501_AT1,7.10918068,3.483697457
6558_AT1,7.028447636,9.159613673
2581_AT1,7.07507534,10.24157099
2944_AT1,8.357994284,8.047680619
2946_AT1,8.357994284,8.047680619
3931_AT1,3.340189843,1.041038389
6518_AT1,2.905226243,1.366877982
2348_AT2,2.267630596,3.381613271
410_AT1,4.414017748,3.862668454
240_AT1,1.949271549,1.502212905
6567_AT1,10.00979341,8.456166471
5091_AT1,4.158707872,6.318794957
2027_AT1,7.140618981,6.627289494
5287_AT1,8.817162835,10.77597432
115_AT1,9.383067745,10.22489773
3283_AT1,2.653500596,3.804546505
54577_AT1,1.821166386,5.136283864
54576_AT1,1.821166386,5.136283864
54659_AT1,1.821166386,5.136283864
54579_AT1,1.821166386,5.136283864
54575_AT1,1.821166386,5.136283864
54658_AT1,1.821166386,5.136283864
54578_AT1,1.821166386,5.136283864
54657_AT1,1.821166386,5.136283864
54600_AT1,1.821166386,5.136283864
10610_AT1,5.995369128,11.04776284
3631_AT1,8.812498462,7.99314989
55856_AT1,10.70872934,10.42568876
1346_AT1,2.214919767,-2.678746226
54677_AT1,8.123868203,8.486707926
9016_AT1,10.0536394,10.13727305
9056_AT1,4.550527528,4.709946233
3158_AT1,-6.696129241,4.453618634
435_AT1,5.162350666,6.762786578
3422_AT1,10.77645124,10.70399129
54_AT1,2.682522176,3.122209604
100_AT1,9.455454918,7.993638677
4881_AT1,3.183646379,3.483988831
10873_AT1,1.188459217,7.691807853
250_AT1,3.732011317,4.494114852
6715_AT1,9.10636038,10.25574087
491_AT1,-5.370998512,1.654211214
8398_AT1,6.555021483,5.650839001
229_AT1,3.830830349,2.42789784
56623_AT1,8.704122409,7.940579429
5141_AT1,7.937995566,6.514297318
5498_AT1,8.394154404,8.086344349
1158_AT1,2.66404441,2.218859794
3294_AT1,-1.690156547,-3.352260697
2350_AT1,-1.722903979,-3.554599913
2731_AT1,7.26514026,0.229748872
10331_AT1,1.422348238,6.096617021
1890_AT1,2.972097265,3.089950014
4832_AT1,6.931745005,6.3687504
761_AT1,3.546922324,-3.025182097
2762_AT1,5.376180147,4.178330236
7357_AT1,5.726735799,7.59568078
8639_AT1,6.833619196,4.373131881
1373_AT1,11.18324471,7.986806195
222_AT1,0.551709896,1.585146137
4507_AT1,8.782389992,-4.706611936
3029_AT1,9.175306878,8.71284637
2173_AT1,2.570539903,2.456007224
10020_AT1,7.525610816,6.209802608
1080_AT1,-1.00028037,-2.097068912
440_AT2,11.80101668,10.14083887
5723_AT1,10.29594901,9.938455401
549_AT1,8.511034705,7.191332661
3425_AT1,3.158412575,4.131066152
5167_AT1,3.359127364,-1.742835097
1573_AT1,5.732796634,6.164779039
6584_AT1,10.95877011,11.42424199
5281_AT1,11.15703404,10.95773436
316_AT1,-4.076489685,4.696172202
535_AT1,3.595276859,1.907280962
1836_AT1,6.138092823,3.392229865
9945_AT1,7.704508944,5.78086499
5333_AT1,2.867561515,5.521180118
5742_AT1,1.538647839,1.551963841
10090_AT1,6.092519966,5.287231234
8790_AT1,8.740398408,7.023918928
215_AT1,3.268446062,5.670199501
6529_AT1,-4.66061085,-1.973934539
23464_AT1,7.645796345,6.311724506
3795_AT2,5.830476941,7.423855786
768_AT1,-1.631615473,2.421351493
10840_AT1,7.600075546,7.560053828
2585_AT2,6.099134781,6.537479603
3081_AT1,3.203893667,2.883190303
1962_AT1,7.765048603,6.620507368
5051_AT1,3.475578821,3.240695871
6649_AT1,3.240975737,2.448160637
64849_AT2,5.606770947,4.043280672
97_AT1,9.816497548,9.342184098
2571_AT1,7.696426389,3.688242033
5277_AT1,9.790737596,8.837124898
1160_AT1,3.453290363,3.028521221
3764_AT1,7.383303406,7.243567861
8564_AT1,1.906819992,2.830669041
1644_AT1,2.543294857,2.145960411
6565_AT1,4.533364026,7.761635414
1638_AT1,2.930736783,-1.407192125
6819_AT1,3.729182177,1.198709788
6483_AT1,4.737930884,4.384213479
36_AT1,9.114981884,8.270977712
8424_AT1,1.104214189,0.550605766
8309_AT1,1.260659519,4.567867558
1629_AT1,4.818680531,0.340352134
8821_AT1,5.281591558,10.34117236
43_AT1,2.863807193,-0.941624346
874_AT1,5.827729897,7.118140188
3290_AT2,-9.451066018,-2.065227116
493_AT1,1.243591119,2.104925209
6581_AT1,-0.026443048,-0.933115762
590_AT1,4.756225078,-5.385297991
9488_AT1,8.858255173,9.309806439
9957_AT1,4.922718058,5.240058083
7360_AT2,8.544015116,9.527472974
10846_AT1,8.017482698,2.177241855
2650_AT1,5.957506911,6.849595074
2110_AT1,7.874894228,7.864276385
8534_AT1,2.358197464,4.659622339
366_AT1,2.400932963,-0.827165715
5305_AT1,6.328588901,6.849172819
5837_AT1,1.3237823,3.397906479
4846_AT1,3.802846977,-2.432565083
2687_AT1,4.759045784,4.701961018
5152_AT1,5.649884766,6.180924942
1357_AT1,-1.778230992,0.939574167
26290_AT1,3.963743586,1.394463223
6610_AT1,6.051340726,5.919512627
218_AT1,4.908524957,5.164064427
978_AT1,-3.106995964,-0.996307559
8395_AT1,6.045620572,5.936809766
211_AT2,7.839522833,6.699070325
23498_AT1,-0.807230889,3.591969342
80308_AT2,7.285449402,6.801567126
9514_AT1,2.326085786,1.760019819
1594_AT1,5.613880086,6.914702345
64499_AT1,2.350266947,3.577977601
7177_AT1,2.350266947,3.577977601
952_AT1,2.566961055,2.73604458
7306_AT1,-0.804859959,7.428046642
8630_AT1,6.421633269,5.405495074
1040_AT1,6.466832646,7.757755171
5053_AT1,-4.511141708,2.962102896
5224_AT1,3.750511953,3.426554998
2170_AT1,2.030985206,2.309400377
1543_AT1,2.523352806,4.175954405
6820_AT2,3.090155867,8.512923266
1577_AT1,3.460375056,-1.619463557
11001_AT1,6.249678342,7.513506759
2936_AT1,7.811389155,7.857127012
6519_AT1,4.634696699,4.227866592
4143_AT1,1.953055636,-3.562065925
3157_AT1,6.451850782,4.987278345
3292_AT1,4.699262408,4.850964311
1384_AT3,5.992333814,6.21504166
7381_AT1,12.63623106,12.65133659
10201_AT1,7.125675903,6.221188676
6563_AT1,2.263970508,3.901351931
9487_AT1,7.26330204,6.642350376
3706_AT1,2.363184436,2.867814947
2168_AT1,-11.49864971,-7.186697841
6583_AT1,4.647716803,6.831478394
5406_AT1,1.593258035,2.203713128
6508_AT2,3.96475338,4.659349303
6533_AT1,-2.865747101,4.178746709
8875_AT2,3.047802966,2.420643473
5334_AT1,-0.775729327,4.614676515
3101_AT1,2.150569189,3.066577276
1551_AT1,-2.70943068,1.5727479
6296_AT1,4.343693637,3.976925064
6999_AT1,2.16863805,2.806679873
759_AT1,1.491038751,2.11044106
13_AT1,-9.758317816,0.440337719
10991_AT1,3.302950514,1.151897349
9365_AT1,1.651349603,1.983738955
1800_AT1,1.152143298,1.132248701
204_AT2,9.832000517,8.096876311
1576_AT1,10.23763101,10.4787785
3242_AT1,1.424869019,2.684493802
443_AT1,0.796529288,-1.609785363
883_AT1,5.884168213,5.016737526
6539_AT1,1.435653808,1.016298509
1807_AT1,2.566253185,2.282804004
33_AT1,5.2294964,5.630091924
9651_AT1,-4.109735495,3.5304754
9187_AT1,8.827239731,8.41762849
1491_AT1,5.476287347,3.305456912
2523_AT1,6.571588705,9.513115907
635_AT1,1.659168421,-1.66456409
270_AT1,-0.788671955,5.864903088
1208_AT1,2.184013624,3.37409873
5298_AT1,9.175350084,9.953255918
1811_AT1,2.136015961,-0.245800409
6005_AT1,0.490003767,-3.040044686
57834_AT1,-2.031870908,6.519638588
1244_AT1,4.0975318,2.951817677
383_AT1,1.221787595,-1.155375733
5322_AT1,3.001893489,3.09308462
1178_AT1,-2.906010552,1.210071054
762_AT1,1.089900081,4.258160668
1358_AT1,-1.352053204,-1.848320581
7941_AT1,5.136492934,-0.008815372
9331_AT1,3.677732116,-2.123712564
5210_AT1,2.533725547,3.535358328
29906_AT1,2.786290882,2.446567958
126_AT1,-1.860756711,-5.887770408
6822_AT1,2.568247722,-3.078280511
3284_AT1,3.029574734,2.416764803
5319_AT1,2.066336153,2.626536973
2984_AT1,-5.184428613,2.731459392
2134_AT1,2.910357921,3.245146185
8513_AT1,1.602522949,1.829935127
2588_AT1,8.83332337,10.52615591
1339_AT1,4.157266886,5.160368848
28234_AT1,-1.073709323,0.45822588
5294_AT1,-8.896676201,-2.129966993
2352_AT1,1.733794104,2.383971586
5139_AT1,1.922407497,-1.913541385
1608_AT1,-3.388551403,-1.620503291
6505_AT1,3.303921407,2.923644151
10715_AT1,6.930431542,5.394589658
3037_AT1,3.16154766,3.779049916
5153_AT1,3.31643494,4.32882397
1621_AT1,3.290099143,4.032783389
1733_AT1,3.017449937,3.411643077
10202_AT1,3.639790406,5.547105643
23205_AT1,3.320860543,4.592878654
4056_AT2,4.415944332,4.935833242
948_AT1,-5.630674785,2.764788206
1591_AT1,2.114303355,4.886811986
7363_AT1,2.667346866,-1.892760301
8529_AT1,3.062146309,3.353228374
4051_AT1,3.062146309,3.353228374
8972_AT1,3.633355183,2.886963624
18_AT2,4.217831279,5.538041977
5172_AT1,7.388185037,7.420843839
6514_AT1,0.824457752,-1.504339101
66002_AT1,1.790332168,3.550686571
79411_AT1,5.078121521,4.728034344
57016_AT1,2.826313837,4.837769558
6541_AT1,4.382549878,3.620093021
6517_AT1,2.658095254,1.807025277
3990_AT1,1.757259974,1.960539482
5973_AT1,4.786241714,5.343624412
5145_AT1,2.549924793,3.417169792
6523_AT1,1.878881479,2.296626718
3034_AT1,5.501050629,2.758714359
2745_AT1,8.994049533,7.367190555
6476_AT1,1.373954159,0.658626222
359_AT1,3.74203157,3.79978981
5407_AT1,-5.567452477,-3.764278537
2875_AT1,9.07691121,8.818348867
4249_AT1,3.505613481,3.138010263
27306_AT1,1.495332735,0.262232016
9468_AT1,0.574376842,2.408206778
8608_AT1,3.62119168,4.142069937
1555_AT1,3.652706855,5.843998853
56548_AT1,6.189646812,6.398392348
23443_AT1,7.92547747,8.254824671
438_AT1,4.679837638,3.550922331
2572_AT1,3.374521777,3.097080243
343_AT1,-6.879692258,-3.316421028
4707_AT1,12.12758256,12.40696673
5143_AT1,4.286703476,3.265441345
5409_AT1,3.525669755,-0.641532232
4524_AT1,2.256287871,2.663870334
9162_AT1,1.381966132,-2.898915247
114_AT1,1.959557065,1.14818919
98_AT1,6.379589071,6.998406145
6531_AT1,-1.658576854,4.219211499
5149_AT1,-2.709902026,-5.654828197
8789_AT1,-2.376916848,2.338581734
1610_AT1,3.134224182,2.872001962
570_AT1,1.851626225,2.114789769
2977_AT1,2.682572376,0.504049296
10249_AT1,-3.893805461,1.127491443
9023_AT1,-0.302518159,1.830068271
9563_AT1,2.936854641,2.856306397
4718_AT1,9.2479155,9.584704548
6716_AT1,2.140629946,3.617847245
3938_AT1,2.393830416,2.781322513
10317_AT2,-2.22024927,2.31615936
10825_AT1,3.629465328,-1.120112282
364_AT1,2.038133711,2.979653369
189_AT1,-0.802271991,2.820989508
3293_AT1,2.468814905,2.056578995
9394_AT1,1.034963128,2.879090951
8854_AT2,3.909655382,3.727802432
3948_AT1,6.940059802,2.010264215
492_AT1,2.23193655,3.998223818
6536_AT2,4.04051899,4.487042906
10050_AT1,1.010743196,1.907621594
9194_AT1,2.588611287,7.371626271
314_AT2,7.388042187,5.047876451
3067_AT1,-2.850869199,-4.015399072
48_AT1,8.279499112,8.536506274
6570_AT1,0.432619914,-2.276201594
445_AT1,9.313027557,8.032382662
5297_AT1,8.510429243,8.632796743
8402_AT1,8.731251829,7.723313427
6555_AT1,-0.016498103,1.749759015
10246_AT1,0.162984124,-1.178928639
6718_AT1,-2.368371789,-6.052272301
26330_AT1,-0.763301969,2.891548827
11238_AT1,1.276206093,6.002965036
91227_AT1,6.353089174,5.484133457
2678_AT1,6.353089174,5.484133457
495_AT1,2.345241291,2.636660009
248_AT1,-7.062061991,2.855831178
6572_AT1,3.475869512,3.272507991
1735_AT1,-0.647896473,5.477021601
10553_AT1,7.333625914,9.228539014
6540_AT1,1.939728134,3.609974221
6554_AT1,1.387632247,2.472605538
5009_AT1,2.864805321,2.559099114
6580_AT1,2.223520242,2.259861926
239_AT1,2.411313017,2.19462312
6550_AT1,3.697107685,4.057104899
8399_AT1,-2.187607996,8.772465029
15_AT1,1.387652447,2.503445769
7367_AT1,-7.141655847,4.405443004
9153_AT1,3.846822632,3.518289075
6564_AT1,3.772523847,2.409159256
10786_AT1,0.767401595,-0.654804332
6579_AT1,3.939851022,-5.980972984
3036_AT1,1.536307265,-0.285575803
246_AT1,2.501097056,8.610900469
7352_AT1,2.20818261,2.941110002
6512_AT1,0.467606722,-1.363248369
55568_AT2,6.281739535,7.293081111
954_AT1,1.957027606,1.599461172
11181_AT1,-6.208275804,-5.235810257
9420_AT1,1.47561494,-1.495646367
2710_AT1,8.79273234,5.83030197
9536_AT1,6.595482639,8.585935262
8394_AT1,9.74335938,9.757207614
7366_AT1,-2.794844744,7.924956573
1581_AT1,0.821471311,1.901054665
8528_AT1,2.179890399,2.273011283
763_AT1,0.688999368,-2.203179647
6582_AT1,2.953790437,2.699453586
8560_AT1,8.9772342,6.768587202
7355_AT1,4.314993188,3.90171635
9390_AT1,2.37778893,2.657806866
25834_AT1,-2.787507176,1.291660761
2169_AT1,0.842752795,-1.252738297
1565_AT1,3.772891072,1.772986966
766_AT1,3.283240484,2.766586732
6532_AT1,-2.124064906,-0.543278226
23657_AT1,3.245597278,3.544960124
5207_AT1,-1.761259251,2.384282093
358_AT1,3.865586612,-2.447664413
5033_AT1,10.22958892,8.99767924
130_AT1,2.945249698,3.119172906
496_AT1,-0.59475271,1.169376226
8525_AT2,7.35508256,8.568340539
9154_AT1,2.552533285,1.366149508
1609_AT1,1.470853689,1.09352108
8473_AT1,8.815710306,8.464140422
9058_AT1,2.868905365,3.912236925
225_AT1,-2.629866111,0.791934941
8867_AT1,3.445362642,3.637521221
27284_AT1,2.806104113,3.012786526
9497_AT1,5.035071901,5.470580344
1544_AT1,8.124256947,8.463807008
10400_AT1,6.977252177,6.429479026
6542_AT1,-0.212354697,5.14020169
953_AT1,1.196635014,2.038359067
10690_AT1,1.650472051,5.179973488
6524_AT1,3.479609894,5.347638464
64816_AT2,-4.727411049,1.911556308
3906_AT1,2.934443087,2.48409613
124_AT1,-2.21670315,-1.668896263
3141_AT1,5.128155202,6.215461624
55627_AT1,10.05795253,10.1937747
5313_AT2,-1.458074901,1.933226838
3000_AT1,4.784711501,0.073028131
1757_AT1,3.279311564,1.600679003
1572_AT1,2.972729587,3.019807909
5208_AT1,1.908972977,4.30937615
10941_AT1,2.087066874,2.439940734
272_AT1,2.289706782,4.38384001
11332_AT1,10.39560558,9.184157609
2880_AT1,2.002930508,-2.351168713
2986_AT1,3.669716351,4.468435198
8527_AT1,9.133748203,9.066917238
1562_AT1,1.722020098,1.324077957
6916_AT1,0.293808038,1.62381257
5740_AT1,2.482040238,-6.100514806
1558_AT1,2.456130118,3.476297869
8714_AT3,-7.858849193,8.864168815
1118_AT1,1.95937943,3.979278521
6569_AT1,1.165517971,-2.121435303
3991_AT1,2.124064796,-0.577533613
9469_AT1,1.961770422,2.027083156
8647_AT1,-2.056056402,2.145514195
7054_AT3,4.353971252,4.739653994
2821_AT1,11.05147328,10.83833054
4952_AT1,4.698763225,5.127633518
6482_AT1,4.518743711,4.85401351
1553_AT1,-3.527433163,-1.713883911
6559_AT1,1.037994782,1.362519853
7368_AT1,5.066410697,-0.943927776
8879_AT1,4.361943585,5.355439644
5105_AT1,-2.25619201,1.346793793
8170_AT1,2.983881503,2.861468558
5631_AT1,9.450312908,7.145830245
9374_AT1,5.237427702,4.9988383
6534_AT1,-1.402506574,0.65515955
278_AT1,6.995223185,1.294249858
280_AT1,6.995223185,1.294249858
279_AT1,6.995223185,1.294249858
276_AT1,6.995223185,1.294249858
277_AT1,6.995223185,1.294249858
2524_AT1,4.140721628,1.923832518
5140_AT1,3.0481261,3.90904527
3030_AT1,5.785562866,6.477139435
2222_AT1,12.74182125,12.60866492
1431_AT1,12.34406182,11.93915529
682_AT1,8.886212463,8.992323017
529_AT1,10.30655734,10.1748966
5052_AT2,12.07093776,11.76743855
7086_AT1,9.873206819,9.919288986
4723_AT1,10.53231711,10.59855701
9550_AT1,9.616814915,9.798844285
471_AT1,11.70410403,11.46357665
4048_AT1,10.86037455,9.964700992
60481_AT1,12.0421698,10.43640697
2805_AT1,9.580931246,9.362299665
1312_AT1,8.57639848,10.72557002
483_AT1,11.3819405,10.77537447
128_AT1,10.55958273,10.90420441
51382_AT1,11.28495096,11.53695158
7386_AT1,11.89204367,11.44261152
5162_AT1,10.23149162,8.83807289
6510_AT1,7.635522433,7.723789524
65220_AT1,4.098611918,2.51979751
4758_AT1,7.89071845,8.351533723
501_AT1,11.02423174,10.59684383
1854_AT1,9.406773254,8.435513633
3992_AT1,9.545482733,9.607908455
4704_AT1,10.76136166,10.50433061
7389_AT1,11.42449045,10.38363219
7351_AT1,8.060151242,7.843860483
2098_AT1,11.8395039,11.39929242
4191_AT1,12.14684298,11.97266753
9061_AT1,7.083989209,8.122626547
1738_AT1,11.5342743,11.70560502
5860_AT1,9.038174229,8.482417912
6307_AT1,11.45606987,11.18387849
8611_AT2,8.238322856,7.973609303
22978_AT1,9.611399153,11.35049429
8644_AT1,1.639527203,7.333777487
4125_AT1,8.545827873,8.48054615
3704_AT2,9.090525607,8.482557501
112_AT2,6.30372548,7.091057723
2137_AT1,5.361749053,5.030784647
873_AT1,8.011051007,8.368507474
6713_AT1,10.55027011,9.87675911
4695_AT1,5.686405036,4.999318916
7991_AT1,6.81639403,5.505460875
50814_AT1,8.707747754,8.426923266
490_AT1,3.692950773,5.458604621
760_AT1,9.697881914,8.875130482
4724_AT1,10.62674451,10.9375376
109_AT1,8.360374467,7.840342608
192286_AT1,8.442886574,8.778888436
6675_AT1,10.92258247,9.708902491
55361_AT1,7.204339993,6.417719849
8613_AT1,2.967571607,-1.349048192
2053_AT1,5.772448601,6.333378715
8818_AT2,5.270247546,5.822412547
5168_AT1,7.844723151,-0.388285915
6560_AT1,2.101975299,2.341789676
8704_AT2,9.233173472,7.287929823
6609_AT1,5.633655562,6.513851356
23600_AT2,5.822180774,6.267702721
5471_AT1,8.728544624,9.288533073
8612_AT1,0.977977153,5.1960358
2954_AT2,9.048396682,10.40020213
2135_AT1,9.480510456,7.776867213
5833_AT1,5.989532297,6.652203571
9562_AT1,10.12243157,9.139221397
51_AT1,6.607504688,8.300410502
7263_AT1,8.225086757,9.570781093
39_AT1,10.92977149,10.10039265
6509_AT1,7.502196594,6.987482551
125_AT1,-2.701488378,1.497061831
1066_AT1,3.598319169,1.694475977
5283_AT1,9.461406289,8.426819467
5338_AT1,4.636275404,5.862422141
219_AT1,4.764819158,5.48211381
8824_AT1,9.5639166,8.644609624
10560_AT1,10.29088847,10.63576029
5805_AT1,10.06756785,8.731533522
2203_AT1,-2.432669345,9.981574924
23169_AT1,4.617684838,3.858812453
9429_AT1,4.943169712,6.866992202
8228_AT1,9.210375686,6.383320511
10229_AT1,9.153195312,8.819211582
1636_AT1,1.788521627,-1.57565207
1632_AT1,8.823147541,8.739380601
7371_AT1,8.607405826,7.650443109
56848_AT1,4.363229684,3.312275432
2526_AT1,5.583773558,5.592003317
6470_AT2,5.207869768,5.563500644
5243_AT1,5.015725247,-0.167872883
84720_AT1,6.887574293,7.492278387
2618_AT2,11.42378237,10.19827894
2820_AT1,4.856305509,7.705833623
6576_AT1,7.726179197,7.801012913
3620_AT1,3.218972565,1.228873457
4843_AT1,4.703214663,5.099284258
57468_AT1,3.008362683,6.01494732
5238_AT1,8.505238379,7.879150199
3418_AT1,8.020691556,8.9250778
5148_AT1,-1.732019988,2.488093664
361_AT1,2.044041181,2.293313118
1375_AT3,10.39682318,9.137532456
5959_AT1,5.424104965,5.928587484
8707_AT1,1.096848536,-6.628067101
7108_AT1,6.505495051,9.159277838
5321_AT1,6.746230049,0.136809489
3705_AT1,3.58873647,5.239607416
8705_AT1,3.216920509,7.654304969
8703_AT1,8.330039075,7.532686292
6833_AT1,-1.446941983,4.386988503
7498_AT1,-2.883075206,-5.380897884
5158_AT1,2.673132617,3.851963212
27232_AT1,3.385058906,3.390394363
7173_AT1,2.402086543,3.035368335
9356_AT1,2.537001901,2.570192034
6530_AT1,1.947739272,3.787132018
10599_AT1,1.94275334,2.003251101
2172_AT1,3.155321165,3.527859061
2747_AT1,-1.65589402,4.323650708
131_AT1,2.600373339,3.201653788
2529_AT1,2.359667128,2.629765366
8702_AT1,8.799100722,8.743118454
28232_AT1,4.231958875,3.662494929
1109_AT1,0.564954751,1.788469523
11283_AT1,1.455666106,2.019179967
5251_AT1,3.67016572,4.339919901
594_AT2,5.961616495,4.83551947
8435_AT1,-1.248151824,4.18776473
10555_AT1,5.767998291,7.459474751
4025_AT1,3.148229395,3.371216838
51741_AT1,6.328679975,8.349503965
92483_AT1,-2.384956521,-0.017699937
10587_AT1,2.355875821,-0.138947489
9152_AT1,-2.088996702,2.130228696
10157_AT1,7.048028574,4.499278165
10402_AT1,8.609301183,2.018081935
8908_AT1,-1.011898858,3.007177203
5213_AT1,10.83058987,10.18376774
2651_AT1,-3.876590418,1.293522343
11343_AT2,-0.796020275,6.466923265
5146_AT1,3.243895038,1.956458735
6549_AT1,1.058322733,5.412843053
6528_AT1,3.81191565,3.623949544
1737_AT1,8.140331875,7.334007944
2645_AT2,-2.931433437,0.089891886
23305_AT1,5.548919496,-1.65318663
2527_AT1,3.85495281,4.160907912
8706_AT2,-2.135531779,7.494200196
92086_AT1,4.926896402,3.432464801
6309_AT1,10.73664486,9.575737311
212_AT1,-1.096314292,-2.231918794
10720_AT1,5.864381805,5.997517306
54490_AT1,5.864381805,5.997517306
8372_AT1,6.91909391,7.604710525
5730_AT1,8.04029928,7.970264229
374291_AT1,9.74219257,8.64422955
10478_AT1,10.29925592,9.486627654
5408_AT1,2.693801004,2.491252645
8085_AT1,3.84660468,3.084049822
23236_AT2,3.154508507,4.227634318
7837_AT1,8.150776166,9.966762744
9114_AT1,8.192324064,9.244195831
293_AT1,10.93168673,11.36014763
23203_AT1,7.986131915,8.338816425
31_AT5,10.57019513,9.926014485
2194_AT1,7.219465812,7.741551826
216_AT1,1.663284765,1.341612268
5295_AT2,8.662623792,10.79325685
23175_AT1,2.835841917,2.273397531
271_AT3,9.872094168,9.934156411
9807_AT1,5.726714524,5.062422313
253782_AT1,8.238989938,8.557482712
8801_AT1,9.70194535,9.546466509
29072_AT1,11.00266543,10.57693308
23371_AT1,4.757696821,5.185425837
84890_AT1,9.997222362,9.49411657
23396_AT1,8.317664378,8.033566845
2597_AT1,12.25101735,12.61392034
201562_AT1,11.05678594,11.54452251
5291_AT1,9.83457283,10.65667632
57104_AT1,5.780700596,6.353132185
4833_AT1,10.90188822,10.16179369
2512_AT1,11.91196581,12.53853463
8760_AT1,6.592665998,5.87876501
7779_AT1,8.940752481,7.838197892
23315_AT1,7.89274186,8.063702553
22934_AT1,10.47965671,9.965441847
259230_AT1,7.994510884,8.616373093
80271_AT1,6.787947068,7.516985771
11046_AT1,5.114283231,8.547544153
2653_AT1,11.47509858,11.31105812
23067_AT1,10.32510542,10.91993349
2882_AT1,0.937846247,-2.356428748
9739_AT1,10.43472104,10.26963765
108_AT1,2.778389046,1.166669196
107_AT1,8.146179843,10.21663755
129642_AT1,8.511174547,6.510150815
5198_AT1,12.09254985,10.57429068
27235_AT1,10.06520959,10.99855768
5331_AT1,9.658895255,10.82156096
80055_AT1,8.52798221,6.489551018
9890_AT1,3.35403721,3.560475605
8776_AT1,11.62395579,11.61013634
7923_AT1,8.743660851,8.379126001
26035_AT1,9.514149746,9.153793694
112611_AT1,7.264825835,6.809034139
146712_AT1,6.569748115,6.595501575
362_AT1,-1.242059006,-1.529643707
1723_AT1,6.962281301,6.895549947
27124_AT2,5.746566336,5.602360282
5446_AT1,1.123833618,1.938651003
54898_AT1,10.46918735,10.01864161
64131_AT1,7.580032865,8.488817263
51099_AT1,6.50878478,6.831918446
123876_AT1,4.246769242,3.530767836
348158_AT1,4.246769242,3.530767836
2525_AT1,3.352970244,2.234085661
6472_AT1,10.81721741,9.955701486
747_AT1,2.892332391,0.049191474
8034_AT1,8.368942051,8.456684827
8277_AT1,4.7075226,-3.940619786
5625_AT1,3.925871743,5.252468778
586_AT1,7.299522763,-1.564008132
1559_AT1,0.015849548,-1.238797623
9107_AT1,9.596379991,9.601861737
2717_AT1,11.64900255,10.84261735
8833_AT1,10.94439162,11.22608796
478_AT1,5.389006097,2.462808118
28_AT1,4.005777724,4.415973701
5161_AT1,4.157861113,3.402353043
1215_AT1,2.487369514,1.691870574
55811_AT1,1.84966054,-7.198177922
23430_AT1,2.594971178,-0.21190808
5205_AT1,9.268185239,9.638575933
7166_AT1,6.553738725,1.132485561
2998_AT1,1.313213313,-0.052709735
1589_AT1,2.232828934,3.478411518
8288_AT1,-1.698918991,0.957806933
1585_AT1,2.032436325,1.904476351
23007_AT1,7.693312806,9.043379616
91373_AT1,6.409973105,7.276993686
534_AT1,4.450688245,4.163963179
84444_AT1,3.404245939,3.681883678
7001_AT2,9.615424511,9.887680794
6648_AT1,3.173692699,1.867390218
5288_AT1,2.234143669,-2.193745709
1743_AT1,9.317736319,10.01690831
6543_AT1,3.857384911,1.987534811
79017_AT1,11.45119755,11.43942617
2712_AT1,2.503555982,2.131598456
116285_AT1,2.80569951,2.822405258
221823_AT2,2.091111195,-2.227445999
10554_AT1,10.38967715,8.798580799
9108_AT1,2.259104274,2.069746898
23250_AT1,6.279628251,6.544021335
1557_AT1,2.933525181,2.649161349
144195_AT1,5.571635962,-2.165482305
55501_AT1,0.724950826,2.21275932
6120_AT1,7.981593695,9.088687208
58510_AT1,2.244753138,3.048731082
8802_AT1,2.229688498,-3.887994893
57198_AT1,8.848798025,7.267654261
5232_AT1,-1.452023109,-2.502210229
4716_AT1,10.89368371,10.40530065
55256_AT1,11.45381365,11.19238355
4697_AT1,12.07850027,12.29422048
51109_AT1,9.633648601,9.773658155
51495_AT1,10.35471741,8.940468992
2590_AT1,6.760706556,6.201166918
5832_AT1,7.789658976,6.606313006
5464_AT1,12.31808758,11.59399122
79901_AT1,5.029820609,4.329176152
28972_AT1,11.97406497,11.49579254
51056_AT1,10.13687866,9.935682208
55624_AT1,8.906351912,8.165218104
58478_AT1,10.05314391,10.15048828
51181_AT1,10.99921464,11.3208828
51170_AT1,10.20796949,9.079837927
51292_AT1,9.183995113,9.958841378
27430_AT2,11.44570586,11.27520527
10901_AT1,8.024447911,8.908568253
51660_AT1,11.10778347,9.670020978
10455_AT1,10.72182588,8.726341312
64834_AT1,8.315979387,9.114777399
54407_AT1,11.65992348,12.05905753
10723_AT1,9.311420135,9.297599106
79077_AT1,12.03572123,12.02284266
29926_AT2,9.153938325,8.726244268
80142_AT4,7.540993534,8.277012935
55326_AT1,9.389765162,9.601997178
51071_AT1,10.44484475,9.907780384
55907_AT1,9.345009227,8.277900394
3163_AT1,7.333764042,7.179178236
51312_AT1,6.586987859,6.575367491
55830_AT1,10.408715,9.844754092
79581_AT1,9.319232305,9.967970954
4702_AT1,10.27873987,10.04286758
54187_AT1,11.5226077,11.90556404
29796_AT1,11.63505676,11.5537013
51447_AT3,8.491966198,7.951423712
4708_AT1,12.11885323,11.9408678
29880_AT1,10.19347703,10.22847314
79672_AT1,7.662480742,8.537261134
4710_AT1,12.13260504,12.13942334
55577_AT1,7.157705784,8.655661221
81539_AT1,9.975518078,10.4224062
51111_AT1,6.512445099,8.476146303
56886_AT1,7.409013667,7.609746865
1468_AT1,7.776560171,8.193409817
56898_AT1,8.584250267,8.235343466
51809_AT1,9.834644817,10.18151307
54539_AT1,11.2693478,11.08584766
51703_AT1,-2.24049256,-0.368657423
79717_AT1,9.889319285,10.44451292
64781_AT2,8.164742966,5.863922326
79646_AT1,8.142001775,8.199677103
65985_AT1,7.975894994,9.276665793
56922_AT1,7.817014781,9.632822916
79087_AT1,6.17306505,5.73436492
55343_AT1,4.818725226,5.272663506
210_AT1,7.595538098,9.289244542
64748_AT1,5.653597274,6.506261324
55163_AT1,10.89627326,11.53355218
64077_AT1,7.488976056,7.634809881
54963_AT1,8.522655495,9.192598312
79178_AT1,9.052417434,8.118618653
55268_AT1,-3.219671375,9.112112507
55870_AT1,2.539853334,3.536733816
56954_AT1,9.863276554,10.32850836
4696_AT1,9.718211173,9.718726663
56983_AT1,7.213145323,6.867019725
6839_AT1,8.404885684,7.919998549
10166_AT1,9.491267378,9.160623372
51102_AT1,7.414630467,6.654904264
26007_AT1,5.216734658,6.194545618
79751_AT1,7.079390453,5.977415944
51004_AT2,7.92977215,8.518981138
55229_AT1,8.852766697,8.063479106
51559_AT1,5.708766281,3.688743738
64754_AT1,8.298189696,8.434533993
51205_AT1,8.926102922,10.24394207
79644_AT1,6.410912178,5.641497956
80025_AT4,10.37127891,9.134323005
60559_AT1,8.318743702,8.289123613
80150_AT1,5.985589249,5.327345827
23417_AT1,5.889967324,7.926723014
55454_AT1,9.837981623,9.080690243
79695_AT1,6.859781225,6.620682256
79603_AT1,1.991778741,3.324161588
54020_AT1,5.639460734,8.9450115
79837_AT1,11.11813433,11.61222459
29988_AT1,7.831314388,8.945610765
63917_AT1,9.423680426,7.741354399
55500_AT1,9.718268334,9.292684032
23556_AT2,6.608674941,4.424728499
55790_AT1,2.583084709,5.831933221
60490_AT1,8.992125366,8.561773957
56474_AT1,7.675469094,9.794536535
51005_AT1,3.643078111,4.041564473
64324_AT1,8.677950761,8.66649281
57419_AT1,2.163251836,8.689626582
100137049_AT1,5.723576268,6.220536939
51171_AT1,4.708657518,4.385079055
54995_AT1,8.487146878,8.636622582
5950_AT1,4.883684873,4.987953992
9388_AT1,1.475301165,2.502712716
64080_AT1,5.093546642,7.66704009
55650_AT1,7.781193906,8.623806446
8877_AT1,4.604609382,6.065402674
51228_AT1,7.425479164,8.348400794
55224_AT1,6.170993513,5.860852405
26289_AT1,1.645099393,-4.784704333
10678_AT1,3.0251403,3.66566797
55315_AT1,5.988074273,8.736352429
9489_AT1,8.426326783,8.23922933
25830_AT1,9.566406479,0.05501548
56913_AT1,7.306968386,7.358600906
64174_AT1,1.529385888,1.732657558
23632_AT1,5.449177027,5.658907458
53947_AT1,3.791936592,3.692435484
9245_AT1,1.922337882,-5.535841209
27087_AT1,4.77618152,-1.857288021
55244_AT1,8.889713021,5.356506522
6785_AT1,9.961903702,6.168263338
29922_AT2,7.901714485,7.965278451
51458_AT1,3.657442137,4.058129738
54716_AT1,1.328299175,-2.475306672
79611_AT1,-8.62019472,6.336057594
50515_AT1,4.88761445,3.035949512
26063_AT1,7.993753365,8.447607238
80146_AT1,8.175568749,8.516757207
56895_AT1,8.512022191,2.162175143
55512_AT1,5.406704053,7.258805986
9956_AT1,1.936106742,2.07111355
56953_AT1,6.389202026,4.78455992
56894_AT2,0.562707976,3.463118869
50506_AT1,2.432155789,-0.912806028
10998_AT1,7.446479682,7.503044751
64122_AT1,2.413237245,-2.851809108
11254_AT1,-1.877888349,10.53035273
10170_AT1,1.971016211,-3.140893283
79896_AT1,6.716619255,7.10401181
26266_AT1,6.592291741,0.018902898
57379_AT1,2.315815661,-0.384170187
23743_AT1,-0.984899731,1.638967277
28231_AT1,7.686016191,7.454385182
117247_AT1,6.709440841,2.399614162
29925_AT2,7.857343225,6.78554908
28965_AT1,4.000028109,7.304509831
51022_AT2,9.924544746,10.01085305
6783_AT1,1.023319111,-5.235546182
79799_AT1,2.385024177,3.752844217
11226_AT1,2.32228522,6.046200296
59272_AT1,2.328599565,1.71132964
9955_AT1,9.548458181,4.654379849
80724_AT1,6.992294115,7.092297901
56606_AT2,-5.184746536,-0.223890495
80235_AT1,3.892440745,7.438173873
51478_AT1,9.463452378,9.199672341
53630_AT1,-1.944171678,6.808368877
11182_AT1,6.3825239,6.761857559
55867_AT1,2.325408194,-5.273800966
29881_AT1,-0.574357983,3.475390295
11136_AT1,4.360098338,3.005873483
64180_AT1,3.530705564,3.312704138
50617_AT1,2.099443366,3.629912
387893_AT1,7.902307117,7.044524384
54363_AT1,-9.058304236,-2.267114471
51700_AT1,2.841326378,2.227530458
79966_AT1,6.188098053,6.818746202
55066_AT1,3.644695779,3.833396375
64064_AT1,3.79990206,3.370016876
9227_AT1,1.070048864,2.496151798
10858_AT1,3.259548665,3.254754661
23491_AT1,7.335254045,7.17560888
27115_AT1,2.546479629,-2.206975063
64240_AT1,-0.124547192,1.825682166
51557_AT1,1.639828949,-1.325837961
51086_AT1,2.46104748,4.792325926
26279_AT1,3.102877969,4.159616868
9348_AT1,0.700165423,0.433898263
29124_AT1,0.728053571,0.480429971
8693_AT1,-3.82554554,-0.812851378
10164_AT1,4.017846515,1.06866484
23539_AT1,3.453732994,3.822287254
55304_AT1,4.749161726,4.98107663
53919_AT1,-5.487500215,-2.997605021
89874_AT1,7.317762626,5.435538025
64078_AT1,1.272141808,-5.12274779
6561_AT1,-1.318266594,-0.095195301
51733_AT1,1.027083731,-0.464995175
57127_AT1,2.311350608,6.911392715
55613_AT1,-9.208038025,-6.601914892
57084_AT1,2.484502854,-0.947608395
23439_AT1,-1.135618017,1.287085283
23533_AT1,3.512580156,3.890465886
80201_AT1,3.067310652,2.244013164
10841_AT2,1.897084379,4.116113818
27159_AT2,-1.134435741,2.274894127
6553_AT1,6.300708236,5.466584224
80339_AT1,3.043010817,-1.017726283
50700_AT1,-7.346520285,-4.079110811
60482_AT1,-2.582182938,-4.873761142
80704_AT1,3.36362295,2.40505777
9990_AT1,3.813598968,3.507875787
10826_AT1,3.333545363,3.814685765
55065_AT1,5.167375176,5.033714051
50487_AT1,4.266157164,4.470800042
79948_AT1,4.215614937,4.049443384
51179_AT2,2.161640235,0.811498817
8708_AT1,-1.085697636,1.479385146
51301_AT1,2.440778847,3.078176722
4284_AT1,2.291109707,2.438016306
51079_AT1,10.65042505,10.47978581
25769_AT1,-3.315754602,-2.568169602
56301_AT1,7.544451032,6.644266415
29968_AT1,5.772622212,1.61885061
27090_AT1,3.83956876,3.707636185
54682_AT1,8.509513548,10.054767
476_AT1,10.63856863,10.62417085
81849_AT1,2.924108466,3.425263711
81490_AT1,9.399731093,7.768435278
64850_AT1,3.436142819,-4.620187921
81031_AT1,-3.154728473,8.774072237
81579_AT1,8.360280174,9.497270916
26503_AT1,4.498697515,3.650687079
9953_AT1,-1.294668523,-2.683841108
50940_AT1,2.330630898,1.96868974
51146_AT1,0.277066749,-2.19290363
51380_AT1,7.860290601,8.604536919
55825_AT1,6.102006374,5.937565315
23563_AT1,7.159776801,7.741605971
1103_AT3,3.671978455,3.623148153
27010_AT1,8.490006178,6.924182352
51805_AT1,10.92164753,9.638266417
81537_AT1,5.486586798,6.215648704
9376_AT1,-2.063026209,0.630847424
4759_AT1,4.971732657,4.131021815
7350_AT1,-2.20012629,1.675883629
30814_AT1,1.952257446,3.171225867
64600_AT1,2.146899668,2.056347199
81894_AT1,7.373326869,7.037409089
83468_AT1,5.603826211,3.315815643
57818_AT1,-5.447783672,-1.707465978
9334_AT1,9.07278384,9.232402466
51606_AT2,9.623382344,9.871831997
6646_AT1,7.88193265,7.470676334
65010_AT2,6.918308814,6.19924207
51268_AT1,4.43932896,4.708294362
79814_AT1,2.812348039,9.78977907
27034_AT1,6.206598137,5.851996213
56994_AT1,11.66384701,10.97604664
51227_AT3,9.650177699,9.618966466
81616_AT1,0.073414045,1.359878236
92579_AT1,6.273289863,5.527840804
54480_AT1,5.718200062,5.286145552
57171_AT1,6.529693767,7.625835311
26873_AT1,-5.705366583,4.865994592
64419_AT1,8.743707495,9.502069086
11285_AT1,5.929275008,5.575845054
100526794_AT1,10.29431116,10.04314162
57665_AT1,10.29431116,10.04314162
29956_AT1,9.726807855,11.16223566
51477_AT1,9.572992985,8.907872531
30815_AT1,7.252826057,7.513994534
55331_AT1,5.432705338,5.978251159
80270_AT1,2.702871585,8.224348753
11164_AT1,9.468341591,7.839946534
28982_AT1,10.13636127,7.704667002
5169_AT1,2.861630796,2.1251542
129807_AT1,4.648367239,4.575455763
4715_AT1,12.05619073,12.39289275
30061_AT1,5.266754367,-1.786660653
84274_AT1,9.001089401,9.190082779
2519_AT1,9.678216964,10.18805051
83549_AT1,8.097647985,9.032210283
94005_AT1,9.789536128,9.243721912
55904_AT1,6.217777364,6.90247023
29085_AT1,9.679933318,10.13489233
26061_AT1,9.703605189,9.252098065
60386_AT1,8.624806536,7.77568795
55967_AT1,12.09895933,11.86475849
57026_AT1,8.058315363,6.00394637
51251_AT1,8.919757534,9.30161134
90701_AT1,10.34670565,8.737143463
50484_AT1,9.269622435,9.892002379
29785_AT1,2.19143967,1.029206138
93183_AT1,8.89536226,8.346241143
84264_AT2,3.831248043,4.135155844
83594_AT1,9.842363193,9.110564534
84513_AT1,7.392753332,7.427742758
51166_AT1,6.407352546,5.721358962
83733_AT1,5.145178861,5.140696939
10870_AT1,5.295868945,6.009427095
84735_AT1,-2.042708737,-2.178656841
9963_AT1,0.825970844,1.944181079
55276_AT1,7.287775605,8.008470021
127_AT1,6.836904921,6.467851607
4166_AT1,1.572153093,0.295180028
114971_AT1,10.33241219,10.6352683
84076_AT1,4.809068214,4.730987791
57704_AT1,5.104117066,5.120121031
84750_AT1,2.469064526,-6.422759317
54675_AT1,9.985141178,9.015437564
83697_AT1,3.4965431,3.759049947
50808_AT1,6.400841681,7.820569305
28976_AT1,8.929490042,9.479339218
83884_AT1,-0.436578561,3.185493809
55586_AT1,1.874424595,0.543816915
84649_AT1,4.091687232,5.874293092
84812_AT1,4.571404436,4.215893325
84814_AT1,4.332855732,3.161643588
84618_AT1,3.348468159,3.61977637
123688_AT1,1.768070437,2.125744743
201595_AT1,11.89054382,11.48100818
347734_AT1,9.448346572,9.630756071
137964_AT1,9.215547579,8.593299061
11112_AT1,9.544506641,9.464334106
56261_AT1,8.999645937,7.303378811
84706_AT1,8.934814561,8.813048303
29920_AT1,10.55645631,8.866426956
84532_AT1,9.137847457,7.133036338
80854_AT1,11.23259609,11.30805806
91012_AT1,9.408175085,9.292753072
112483_AT1,10.04104007,8.461797198
4645_AT1,6.177190231,7.375169753
126328_AT1,9.737439582,8.437428591
123096_AT1,3.182692539,6.83551626
57678_AT1,8.372123155,6.637045014
25902_AT1,10.14518637,8.597999868
84129_AT1,9.122118285,9.006977139
10999_AT1,5.123361125,5.500038928
221955_AT1,4.521389772,3.285378703
64841_AT1,11.76427381,11.91700779
115286_AT3,10.2316462,9.639623871
84912_AT1,9.965820769,7.993988125
128869_AT1,6.171141819,6.189481619
84752_AT1,8.059845364,8.266203182
139596_AT1,9.090201547,8.004954451
4731_AT1,5.180867236,6.074980221
84693_AT1,7.819221166,8.024215124
113189_AT1,7.444036356,7.297491574
170384_AT1,8.960236266,7.841262901
2686_AT1,4.738631668,3.050341658
85007_AT1,8.917222482,9.346224621
130367_AT1,6.401985687,4.431652631
124935_AT1,5.332791304,6.26392905
53354_AT3,9.441548202,8.761128021
284129_AT1,8.619771623,9.050806558
129607_AT1,2.777815623,3.69247015
93100_AT1,8.578183441,8.537082842
220074_AT1,6.306045413,7.277752115
376497_AT1,5.231710249,5.415832028
285440_AT1,7.979725382,5.478668002
286410_AT1,10.55247147,10.05474353
118881_AT1,8.890043758,8.17430032
92370_AT1,9.228559838,8.83594673
253558_AT1,10.6250557,10.26358035
132789_AT1,7.195885953,6.190640863
201164_AT1,11.21758149,9.260420533
166929_AT1,7.49197192,6.477293646
145173_AT1,8.858226862,5.571546599
137872_AT1,4.696263076,5.33682749
79993_AT1,8.487206806,10.38122806
154141_AT1,9.108831352,9.755914944
403313_AT1,7.808202655,9.279496499
126129_AT1,9.380284973,6.673833543
91179_AT1,4.270393159,0.216686015
493869_AT1,11.114003,9.754211787
260293_AT1,5.634970756,-1.926028271
55808_AT1,0.750694114,1.224499299
140838_AT1,10.07917661,9.229320515
349565_AT1,6.801097265,7.000697035
111_AT1,1.255850691,7.146909081
9951_AT1,-0.889833941,-0.100858141
113278_AT1,-0.63788513,2.035263483
113675_AT1,6.48544614,6.141666667
117248_AT1,1.700173943,0.822960833
145553_AT1,9.368543589,9.887300952
284111_AT1,2.452150562,-5.664187935
57571_AT1,-8.924473478,5.061534683
64902_AT1,-9.548232759,-3.35338116
200931_AT1,4.205576942,5.144895241
197257_AT2,-2.654686093,4.129312897
162417_AT1,4.273220074,5.26984095
50614_AT1,4.433366019,4.108794523
138639_AT1,8.372838982,8.343967094
93517_AT1,0.827027567,8.985990196
122970_AT1,-3.149542226,8.819506319
11227_AT1,1.884924957,2.473352391
144193_AT1,-0.45056858,3.678257539
56624_AT1,8.526754239,7.818794007
133121_AT1,-3.954512507,2.064719903
641649_AT1,8.399785328,8.809563561
84569_AT1,3.268900936,-0.164020979
127124_AT1,3.22412438,-1.291845093
84889_AT1,0.646065449,-3.14444771
130013_AT1,3.883047537,5.440441784
158584_AT1,5.647341507,6.497786477
196883_AT1,2.531809215,2.639164336
123264_AT1,2.715168918,-0.899696844
120103_AT1,7.34115902,2.060878715
259307_AT1,3.849083252,3.604371844
340024_AT1,-0.343488781,-1.716067352
146802_AT1,-0.638621088,3.740821882
117283_AT1,1.324020712,1.992172263
170712_AT1,1.676889625,1.346121878
377677_AT1,5.883058011,3.472059466
151531_AT1,2.879643054,1.963318645
163404_AT1,-2.75913188,5.696507076
89869_AT1,2.201918973,1.306974143
341947_AT1,1.731503271,3.390387987
114571_AT1,2.378908417,3.274421722
5948_AT1,3.31324109,3.36906656
3767_AT1,3.298446829,3.593708501
64241_AT1,0.072118936,-2.648441398
26301_AT1,3.550833504,-1.236488169
200010_AT1,5.032057459,4.84313688
80168_AT1,1.485227099,2.705508414
1582_AT1,-0.341297825,2.728294565
84701_AT1,5.546371736,4.403062221
64900_AT1,2.196820798,3.796080651
168391_AT1,2.833703254,1.664015156
55902_AT2,7.184185244,7.439426412
114805_AT1,5.724532056,2.199754162
83401_AT1,-4.696444904,3.610682459
140687_AT1,-1.955677836,-2.5988057
92745_AT1,-1.275041676,-0.904244337
154091_AT1,6.470013228,4.446958659
2595_AT1,5.21956925,2.575687425
196051_AT1,6.937717675,-2.5901209
162466_AT1,2.02589855,-2.332869607
124975_AT1,2.089993247,-2.095477124
166785_AT1,5.71984731,6.049579573
123099_AT1,2.382318896,6.791168811
401494_AT1,2.462916767,2.085264696
115584_AT1,4.868226314,4.504948562
374907_AT2,2.940120841,3.500147776
116369_AT1,0.618696136,1.603870395
199974_AT1,-1.808837063,-1.266713918
160728_AT1,-1.658535991,2.145149161
116085_AT1,2.067636489,-5.782570961
195814_AT1,-1.989524548,4.635441467
338707_AT1,3.470959199,3.157688404
134526_AT1,-2.291929596,2.72369961
348932_AT1,1.993199288,2.872581413
339221_AT1,3.038740137,3.105682249
171425_AT1,6.209723864,5.471044347
132158_AT1,6.594071638,4.740399246
135152_AT1,5.486639175,0.376634246
64711_AT1,3.870073186,4.068242572
166012_AT1,3.868750227,2.636428286
125206_AT1,1.980388207,3.186150312
125061_AT1,7.223330445,7.313179608
222537_AT1,4.581526291,4.602990288
140679_AT1,1.917823974,-1.693636214
93979_AT1,4.019221428,4.303181275
137902_AT1,0.48068382,-1.940004412
641372_AT1,4.572928542,2.378134535
253017_AT1,1.136877908,-1.983789038
337876_AT1,8.192782376,4.006080595
115019_AT1,1.82850391,2.585005824
145226_AT1,1.38706835,-0.168384323
138429_AT1,3.810946751,4.992949983
126410_AT1,5.479850732,6.658185243
527_AT1,10.10873149,10.01012003
