,fluxes,reduced_costs
10FTHF7GLUtl,0.0,0.0
10FTHF7GLUtm,0.0,1.5777218104420236e-30
10FTHFtl,0.0,-0.0
10FTHFtm,33.23286900723604,0.0
13DAMPPOX,22.497943103391904,-9.244463733058732e-33
1PPDCRp,33.19949744121961,9.860761315262648e-32
25HVITD3t,0.0,0.0
25HVITD3tin,0.0,0.0
2AMADPTm,33.19949744121961,1.9721522630525295e-31
2DR1PP,0.0,-5.546678239835239e-32
2HBt2,0.0,-0.0
2HCO3_NAt,0.0,-3.370198701212626e-17
2OXOADOXm,61.00393287273687,2.465190328815662e-32
2OXOADPTm,0.0,4.850920540219305e-16
34DHPHEt,0.0,0.0
34DHPLACOX,0.0,1.3446226775376912e-31
34DHPLACOX_NADP_,0.0,-1.9804293297082764e-33
34DHXMANDACOX,0.0,1.3446226775376912e-31
34DHXMANDACOX_NADP_,0.0,-1.9804293297082764e-33
34HPPOR,0.0,-1.6528475351523674e-15
35CGMPtn,0.0,0.0
3DSPHR,0.001766085999799786,-1.3250398017384183e-31
3HAO,0.0,5.546678239835239e-32
3HBCOAHLm,0.0,7.395570986446986e-32
3HKYNAKGAT,0.0,5.67320446015166e-31
3MOBt2im,0.0,9.244463733058732e-33
3MOPt2im,0.0,5.389610935031599e-16
3MOX4HOXPGALDOX,0.0,1.3446226775376912e-31
3MOX4HOXPGALDOX_NADP_,0.0,-1.9804293297082764e-33
3SALAASPm,0.0,-0.0
3SALATAi,34.33747097029194,0.0
3SALATAim,0.0,-3.2334958623280904e-16
3SPYRSP,34.337470970291946,-4.0059342843254506e-32
3SPYRSPm,0.0,2.465190328815662e-32
4ABUTtm,22.497943103391904,0.0
4HGLSDm,0.0,5.386903948122998e-17
4MOPt2im,0.0,-3.0814879110195774e-33
5ADTSTSTERONESULT,0.0,-4.1013763368152023e-14
5HOXINDACTO2OX,0.0,5.93528112864809e-32
5MTHFt,0.0,-3.370198701212632e-17
5MTHFt2,-0.10957860727673926,-0.0
7DHFtl,0.0,0.0
7DHFtm,0.0,6.38868246051442e-16
7THFtl,0.0,7.888609052210118e-31
7THFtm,0.0,1.0162222211109141e-15
A_MANASEly,0.0,-1.232595164407831e-31
AACOAT,0.0,1.0473767400858333e-15
AACTOOR,84.18324040989512,0.0
AACTtm,84.18324040989512,0.0
AATAi,0.0,8.712886073098514e-32
ABTArm,22.497943103391904,1.1305406333978938e-31
ABUTD,22.497943103391904,-4.930380657631324e-32
ABUTt2r,0.0,-3.370198701212618e-17
ABUTt4_2_r,0.0,9.020707365985771e-32
ACACT10m,0.0,4.7302541698730807e-32
ACACT1r,0.0,-3.933870200797086e-32
ACACT1rm,0.0,-1.5055681117035065e-15
ACACT1x,0.0,-5.776758402013985e-16
ACACt2,0.0,4.30740234234188e-32
ACACt2m,0.0,-3.110901691691358e-32
ACACT4p,0.0,-1.9721522630525295e-31
ACACT5p,0.0,-1.9721522630525295e-31
ACACT6p,0.0,0.0
ACACT7p,0.0,0.0
ACACtx,0.0,-0.0
ACALDtm,0.0,0.0
ACCOAC,36.93117265903548,-1.509929076399593e-31
ACCOACm,0.0,-4.543097457469412e-16
ACCOAL,0.0,-4.697008998844352e-16
ACCOALm,0.0,-1.3398425060345824e-15
ACCOAtr,0.0,0.0
ACETONEt2m,-60.991569866738296,-1.471874058287908e-32
ACGAM2E,0.0,0.0
ACGAM6PSi,0.0,-3.389636702121535e-32
ACGAMK,0.0,-1.3250398017384183e-31
ACGAMPM,0.0,0.0
ACGAMtly,0.0,0.0
ACHEe,0.0,-3.3701987012126974e-17
ACITL,42.20705446746913,-3.0814879110195774e-32
ACNAM9PL,0.0,-9.394017997688708e-16
ACNAMlt,0.0,-1.761902959259239e-32
ACNAMPH,0.0,1.232595164407831e-32
ACNAMtn,0.0,-4.930380657631324e-32
ACNMLr,0.0,3.9286716747330334e-32
ACOAD10m,0.0,0.0
ACOAD1fm,0.0,-1.5055681117035073e-15
ACOAD8m,0.0,6.162975822039155e-33
ACOAD9m,2.424450201019127,-4.3140830754274083e-32
ACOAO7p,0.0,-1.8788035995377447e-15
ACONT,0.0,-2.156115072703494e-16
ACONTm,0.0,3.339729222932461e-31
ACOX22x,0.0,-9.244463733058732e-32
ACP1_FMN_,0.0,0.0
ACRNtm,0.0,1.2128993217366146e-16
ACS,0.0,1.232595164407831e-31
ACS2,0.0,1.6833750440703811e-31
ACSm,0.0,1.232595164407831e-31
ACTLMO,0.0,6.719128219571929e-16
ACTNMO,60.991569866738296,-1.355854680848614e-31
ACYP,0.0,-4.697008998844353e-16
ADA,0.0,3.370198701212633e-17
ADAe,0.0,0.0
ADCim,60.99156986673829,3.0814879110195774e-32
ADK1,110.19765514009339,3.7306193458428615e-32
ADK1m,0.0,6.884045451011527e-32
ADK3,0.0,-4.697008998844354e-16
ADK3m,0.0,-1.998508874852058e-31
ADKd,0.0,0.0
ADMDC,22.497943103391904,2.465190328815662e-32
ADNCYC,0.0,1.232595164407831e-31
ADNK1,0.0,-1.1939745829023505e-17
ADNt,0.0,-0.0
ADNtm,0.0,0.0
ADPRDP,0.0,3.154215108200128e-31
ADPT,0.0,-1.1939745829023163e-17
ADRNCOAtx,0.0,-9.618821745130394e-33
ADRNt,0.0,0.0
ADSK,0.0,-8.474091755303838e-31
ADSL1,22.61891657154966,9.860761315262648e-32
ADSL2,0.007951615896918155,9.860761315262648e-32
ADSS,22.618916571549658,-4.190823558986625e-31
AG13T10g,0.0,-7.888609052210118e-31
AG13T11g,0.0,-1.5777218104420236e-30
AG13T12g,0.0,-1.5777218104420236e-30
AG13T13g,0.0,-1.5777218104420236e-30
AG13T14g,0.0,-1.5777218104420236e-30
AG13T15g,0.0,-1.5777218104420236e-30
AG13T16g,0.0,0.0
AG13T17g,0.0,-1.5777218104420236e-30
AG13T18g,0.0,-1.5777218104420236e-30
AG13T1g,0.0,0.0
AG13T2g,0.0,-1.5777218104420236e-30
AG13T3g,0.0,-1.5777218104420236e-30
AG13T4g,0.0,-1.5777218104420236e-30
AG13T5g,0.0,1.5777218104420236e-30
AG13T6g,0.0,1.5777218104420236e-30
AG13T7g,0.0,-1.5777218104420236e-30
AG13T8g,0.0,-1.5777218104420236e-30
AG13T9g,0.0,-1.5777218104420236e-30
AGDC,0.0,-2.8644627962878063e-32
AGMTm,0.0,-2.6948054675158004e-16
AGPAT1,0.0,-1.8535271092786507e-15
AGTix,0.0,0.0
AHC,0.11422555715825271,-1.2698466683240422e-16
AHCYStr,-0.11422555715825271,7.755972770742488e-16
AHEXASE2ly,0.0,3.697785493223493e-32
AHEXASEly,0.0,5.3811148632627235e-15
AICART,0.007951615896918155,5.864544983544872e-32
AIRCr,0.007951615896918156,-2.3247483833933972e-32
AKGDm,0.0,2.3824844359829546e-15
AKGMALtm,0.0,-3.457799868093201e-31
AKGt4_3,0.0,6.740397402425263e-17
ALAASNNaEx,0.0,2.733950431776297e-15
ALACYSNaEx,0.0,6.740397402425254e-17
ALADGLNexR,0.0,-6.455285081963501e-31
ALADGLYexR,0.0,-1.042608196915774e-31
ALAGLNexR,0.0,1.0758808469939166e-31
ALAGLNNaEx,0.0,3.3701987012125754e-17
ALAGLYexR,0.0,1.04676840522794e-31
ALAR,99.59849232365883,0.0
ALASERNaEx,0.0,3.370198701212616e-17
ALASm,0.0,0.0
ALAt2r,-13.965764790452328,1.6355756331686564e-32
ALAt4,0.0,3.840141332290519e-33
ALATA_L,-113.64556312410194,2.09353681045588e-31
ALATHRNaEx,0.0,5.085263610298444e-32
ALAtN1,0.0,1.9626907598023878e-32
ALCD1,0.0,1.9622610670668564e-31
ALCD21_D,0.0,-5.854827030937197e-32
ALCD21_L,60.991569866738296,-5.854827030937197e-32
ALCD22_D,0.0,4.6933980533780014e-32
ALCD22_L,0.0,6.719128219571931e-16
ALDD2x,0.0,-1.115218404101404e-31
ALDD2xm,0.0,-7.334605198389913e-16
ALDD2y,0.0,-8.011868568650901e-32
ALR2,0.0,-6.719128219571931e-16
ALR3,60.991569866738296,1.5407439555097887e-32
AMACR2p,0.0,3.0814879110195774e-32
AMANK,0.0,-8.320017359752859e-32
AMCOXO,0.0,-2.470976321415758e-15
AMETr,0.1142255571582527,0.0
AMETt2m,0.0,-0.0
AMPDA,0.0,4.564173284114945e-17
AMPTASECG,0.0,-3.0814879110195774e-32
AMPTASECGe,0.0,-1.4317466020541483e-31
AOBUTDsm,84.18324040989512,-6.162975822039155e-33
APAT2rm,42.00267763642301,-1.1875815091458253e-31
APOCF,0.0,-2.7733391199176196e-32
APOCFm,0.0,0.0
APOC_LYS_BTNP,0.0,-3.0814879110195774e-32
APOC_LYS_BTNPm,0.0,4.930380657631324e-32
ARACHCOAtx,0.0,-0.0
ARACHCPT1,0.0,2.733621726223119e-16
ARACHCPT2,0.0,-2.2186712959340957e-31
ARACHCRNt,0.0,3.944304526105059e-31
ARACHDCOAtx,0.0,-0.0
ARACHDt2,0.0,-3.370198701212624e-17
ARACHt,0.0,-3.3701987012126635e-17
ARGDCm,0.0,3.0814879110195774e-32
ARGLYSex,0.0,3.755846582996679e-31
ARGN,51.92818889140505,-3.0814879110195774e-32
ARGNm,0.0,-2.1561150727034984e-16
ARGSL,0.0,9.176395585857678e-16
ARGSS,0.0,-3.543711097672514e-31
ARGtiDF,28.726297442687,0.0
ARGtm,0.0,7.354605852216359e-32
ARSA,0.0,-4.195316516792089e-14
R_group_phosphotase_1,0.0008830429998998933,1.232595164407831e-31
R_group_phosphotase_3,0.0,-1.1903369783072488e-31
ASCBt4,0.0,3.3701987012126265e-17
ASNALANaEx,0.0,-2.6665464577520444e-15
ASNCYSNaEx,0.0,-2.632844470739918e-15
ASNGLNNaEx,0.0,-2.666546457752045e-15
ASNNm,0.0,5.3869039481230254e-17
ASNS1,0.028221924996800582,-8.936314941956774e-32
ASNSERNaEx,0.0,-2.6665464577520444e-15
ASNt4,0.0,-2.7002484447641708e-15
ASNTHRNaEx,0.0,-2.7002484447641708e-15
ASNtm,0.0,0.0
ASNtN1,0.0,-2.700248444764171e-15
Asn_X_Ser_Thrtr,0.0,-0.0
ASPCTr,19.516351048029787,-9.45382629446978e-32
ASPDt6,0.0,1.0110596103637878e-16
ASPGLUm,0.0,-8.936314941956774e-32
ASPt6,0.0,3.3701987012126166e-17
ASPTA,-42.20705446746913,-0.0
ASPTAm,0.0,-1.0222138465987968e-15
ATP1ter,0.0,-0.0
ATP2ter,0.0,-3.7306193458428615e-32
ATPasel,0.0,-1.4091026996533048e-15
ATPH1e,0.0,4.930380657631324e-32
ATPS4m,0.0,8.853974109422109e-16
ATPtm,0.0,-4.697008998844358e-16
ATPtn,0.0,0.0
AVITE1t,0.0,0.0
B_MANNASEly,0.0,-1.933628302075811e-15
BAAT3x,0.0,0.0
BACCL,0.0,1.8180778675015506e-31
BACCLm,0.0,4.930380657631324e-32
BALAtmr,42.00267763642301,0.0
BAMPPALDOX,22.497943103391904,9.244463733058732e-33
BDMT_L,0.0,-5.854827030937197e-32
BDMT_U,0.0,-9.244463733058732e-33
BETALDHxm,0.0,-4.190823558986625e-31
BHMT,0.0,-7.090203289491925e-15
BILDGLCURte,0.0,-4.697008998844353e-16
BILDGLCURtr,0.0,0.0
BILGLCURte,0.0,-4.697008998844353e-16
BIOCYTtn,0.0,0.0
BPNT,0.0,-1.355854680848614e-31
BPNT2,0.0,-4.69700899884434e-16
BTND1,0.0,-1.1101031392157969e-31
BTND1n,0.0,-9.860761315262648e-32
BTNDm,0.0,-9.433849376486756e-17
BTNPL,0.0,-5.854827030937197e-32
BTNPLm,0.0,-1.2455040122697148e-15
BTNt2,0.0,3.3701987012126265e-17
BTNt3i,0.0,-4.35998912872309e-16
BTNt4i,0.0,-3.3701987012126265e-17
BTNtn,0.0,0.0
BUP2,0.0,-1.276303239212881e-15
BUTt2r,0.0,4.30740234234188e-32
C14STRr,0.0020605009997664092,5.854827030937197e-32
C160CPT1,0.0,-1.9721522630525295e-31
C160CPT2,0.0,1.7256332301709633e-31
C160CRNt,0.0,4.312230145406994e-16
C161CPT1,0.0,1.9721522630525295e-31
C161CPT12,5.27411572243384,5.9164567891575885e-31
C161CPT2,0.0,4.312230145407014e-16
C161CPT22,5.274115722433841,-6.162975822039155e-31
C161CRN2t,5.27411572243384,-3.944304526105059e-31
C161CRNt,0.0,-3.944304526105059e-31
C180CPT1,0.0,-1.9721522630525295e-31
C180CPT2,0.0,3.522925935815056e-16
C180CRNt,0.0,3.944304526105059e-31
C181CPT1,0.0,-5.9164567891575885e-31
C181CPT2,0.0,3.5229259358150885e-16
C181CRNt,0.0,0.0
C3STDH1Pr,0.0,2.196616200948943e-31
C3STDH1r,0.0020605009997664092,-5.854827030937197e-32
C3STKR2r,0.0020605009997664092,6.471124613141112e-32
C4STMO1r,0.002060500999766409,-2.465190328815662e-32
C4STMO2Pr,0.0,1.105168160823657e-31
C4STMO2r,0.002060500999766409,-5.854827030937197e-32
CAATPS,0.0,-6.045088479329403e-16
CAt7r,0.0,-1.5918895351739596e-32
CATm,0.0,4.3122301454069953e-16
CATp,82.99874360304902,-1.232595164407831e-32
CBPS,19.516351048029787,-3.143117669239969e-31
CBPSam,23.238176708713944,1.4791141972893971e-31
CDIPTr,-0.0026492299996996667,-1.8962686702385252e-31
CDPDAGtm,0.0,-0.0
CDS,0.0,-3.3047572926971117e-15
CDSm,0.0,-4.930380657631324e-32
CEPTC,0.01824989199793108,-5.5158633607250435e-31
CEPTE,0.04425668871871678,4.0059342843254506e-32
CERT1gt,0.0,3.3047572926971117e-15
CERT1rt,0.0,0.0
CERT2rt,0.0,-0.0
CGLYt3_2_,11.191684863264994,-1.8488927466117464e-32
CH25H,0.0,2.1561150727034986e-16
CHAT,0.0,1.5880660763889707e-31
CHLP,0.0,-4.697008998844352e-16
CHLPCTD,0.01824989199793108,5.854827030937197e-32
CHOLATEt,0.0,9.157174944033087e-33
CHOLATEt3,0.0,-4.3599891287230905e-16
CHOLD2m,0.0,1.5407439555097887e-31
CHOLK,0.01824989199793108,-3.389636702121535e-32
CHOLPtg,0.0,-0.0
CHOLtg,0.0,0.0
CHOLtr,0.03807518571941757,0.0
CHOLtu,-0.0207083367213864,-0.0
CHSTEROLSULT,0.0,-4.1013763368152023e-14
CHSTEROLt,0.0,-4.697008998844353e-16
CHSTEROLt1,0.0,-3.4657730003891102e-31
CHSTEROLt2,0.0,-1.6762228915885747e-31
CITL,0.0,4.697008998844352e-16
CITRtm,23.238176708713947,0.0
CITtam,0.0,-2.1561150727034989e-16
CITtbm,0.0,0.0
CK,0.0,-0.0
CKc,0.0,-0.0
CLHCO3tex2,0.0,-3.370198701212627e-17
CLOHtex2,0.0,-3.370198701212621e-17
CLOXAtex2,0.0,6.740397402425254e-17
CLPNDCOAtx,0.0,-7.314858695672677e-16
CLS_hs,0.0011774579998665162,4.0059342843254506e-32
CMPACNAtg,0.0,-1.172648751545393e-31
CMPACNAtn,0.0,0.0
CMPSAS,0.0,9.860761315262648e-32
CMPSASn,0.0,-4.930380657631324e-32
CO2ter,-0.0041210019995328185,-0.0
COAtl,0.0,-0.0
COAtm,0.01236300599863679,2.5562384662678415e-32
COAtp,-63.65659614387602,-2.556238466267841e-32
CORE2GTg,0.0,0.0
CORE3GTg,0.0,-7.888609052210118e-31
CORE4GTg,0.0,0.0
CORE6GTg,0.0,0.0
CREATt4_2_r,0.0,-2.0398417334069118e-32
CREATtmdiffir,0.0,-4.697008998844359e-16
CRNCAR3tp,0.0,0.0
CRNCARtp,0.0,-2.465190328815662e-32
CRNt,0.0,0.0
CRNtHa,0.0,3.3701987012126265e-17
CRNtim,5.274115722433843,0.0
CRNtuNa,0.0,3.3701987012126265e-17
CRVNCtr,0.0,0.0
CSm,0.0,2.2186712959340957e-31
CSNAT2m,0.0,-0.0
CSNAT2x,0.0,0.0
CSNAT3x,0.0,0.0
CSNATer,0.0,1.3660769378144028e-30
CSNATm,0.0,-0.0
CSNATp,0.0,5.614661457934774e-32
CSNATr,0.0,-0.0
CTPS1,0.0,2.3653554929282413e-15
CTPS2,0.0,3.5434555311737038e-15
CTPtn,0.0,0.0
CYOR_u10m,0.0,-1.0773807896245984e-16
CYSALANaEx,0.0013439059998476466,-9.244463733058732e-33
CYSASNNaEx,0.0,2.7002484447641708e-15
CYSGLNNaEx,0.0,-2.6636718448996865e-31
CYSGLUexR,0.0,-3.3701987012126086e-17
CYSGLYexR,0.0,3.370198701212628e-17
CYSO,34.33747097029194,0.0
CYSSERNaEx,0.0,-6.441519866119081e-32
CYSt4,0.0,-3.3701987012126296e-17
CYSTA,0.0,-2.0791593020160223e-16
CYStec,0.0,-6.740397402425255e-17
CYSTGL,0.0,-3.389636702121535e-32
CYSTGLUex,17.1710873206457,-3.944304526105059e-31
CYSTHRNaEx,0.0,-3.370198701212631e-17
CYSTS,0.0,-13.070357735691198
CYSTSERex,0.0,6.740397402425225e-17
CYTD,0.06250658071664789,1.5407439555097887e-32
CYTDK1,0.0,-1.8956545930438047e-15
CYTDK2m,0.0,-4.930380657631324e-32
CYTDt,0.0,-0.0
CYTDt4,0.0,3.3701987012126265e-17
CYTDtm,0.0,0.0
CYTK1,0.0,-4.485955083154011e-32
CYTK10,0.0,-6.505638796681718e-16
CYTK10n,0.0,1.8504032365006678e-31
CYTK11,0.0,-1.8086297978373598e-16
CYTK11n,0.0,1.4109324678317592e-30
CYTK12,0.0,4.697008998844351e-16
CYTK12n,0.0,0.0
CYTK13,0.0,4.697008998844356e-16
CYTK13n,0.0,1.3535069513256629e-30
CYTK14,-19.647582678462378,-9.59494727269575e-32
CYTK14n,0.0,-7.260916589412154e-31
CYTK1m,0.0,0.0
CYTK1n,0.0,-1.100903944925798e-30
CYTK2,0.0,4.697008998844356e-16
CYTK2n,0.0,-3.025381912255064e-32
CYTK3,0.0,-4.697008998844361e-16
CYTK3n,0.0,0.0
CYTK4,19.71498553717847,-8.676032799022524e-32
CYTK4n,0.0,-4.840611059608103e-31
CYTK5,0.0,-2.8350563928126767e-15
CYTK5n,0.0,-1.3906155093799554e-30
CYTK6,0.0,-3.304757292697112e-15
CYTK6n,0.0,-3.681081940226573e-31
CYTK7,0.0,-4.69700899884436e-16
CYTK7n,0.0,-1.622384760943281e-30
CYTK8,0.0,-2.880526415605784e-31
CYTK8n,0.0,-0.0
CYTK9,0.0,-5.88249069535e-31
CYTK9n,0.0,-1.1267270192242756e-30
DADA,0.0,3.370198701212633e-17
DADAe,22.61216866055015,0.0
DADNt4,-22.61216866055015,-0.0
DAGK_hs,-0.03307114071998487,2.0636279688531482e-32
DAGKn_hs,0.0,2.648846953025342e-32
DAGt,0.027669353996863214,0.0
DALAOXx,99.59849232365882,3.697785493223493e-32
DALAt2r,0.0,-4.1066448932033124e-32
DALAxt,99.59849232365882,-4.930380657631324e-32
DASCBR,0.0,1.0110596103637876e-16
DATPtn,0.001331482999849055,0.0
DCK1n,0.0,2.1253334077409042e-31
DCK2n,0.0,-0.0
DCMPDA,-0.06740285871609283,1.0074274522020155e-31
DCSPTN1COAtx,0.0,0.0
DCTPtn,0.0009536419998918892,0.0
DCYTD,0.0,7.703719777548943e-32
DCYTDn,0.0,-4.697008998844363e-16
DCYTt,0.0,0.0
DESAT16_2,5.274115722433841,-7.457200744667377e-31
DESAT18_3,0.0,-6.732328081996978e-31
DESAT18_4,0.0,4.3140830754274083e-32
DESAT18_5,0.0,-2.7880235558919197e-31
DESAT18_6,0.0,4.3757128336478e-31
DESAT18_7,0.0,-2.7880235558919197e-31
DESAT18_8,0.0,4.3140830754274083e-32
DESAT22_2p,0.0,0.0
DGAT,0.0,4.930380657631324e-32
DGCHOLtx,0.0,0.0
DGK1,0.0,3.6628699776132337e-32
DGK2m,0.0,4.800877359342975e-32
DGNSKm,0.0,4.141573094280121e-32
DGSNt,0.0,-0.0
DGSNtm,0.0,0.0
DGTPtn,0.0009996979998866682,5.782510114064587e-33
DGULND,0.0,-5.941287989124829e-33
DHAAt1r,0.0,0.0
DHCHOLESTANATEtm,0.0,-5.65270316698947e-32
DHCR241r,0.0017660859997997863,-1.9721522630525295e-31
DHCR242r,0.0,-1.9721522630525295e-31
DHCR243r,0.0,1.9721522630525295e-31
DHCR71r,0.0,6.471124613141112e-32
DHCR72r,0.0020605009997664092,6.471124613141112e-32
DHCRD1,0.0,7.703536987746681e-32
DHCRD2,0.001766085999799786,0.0
DHEASULT,0.0,-4.1013763368152023e-14
DHFR,0.0,-6.173943357356695e-31
DHFtl,0.0,0.0
DHORD9,19.516351048029787,4.930380657631324e-32
DHORTS,-19.516351048029787,6.939703773773029e-32
DHPM1,19.504734533031105,9.244463733058732e-33
DHPM2,0.0,9.244463733058732e-33
DHPR,0.0,-6.061904975122747e-32
DIDPtn,0.0,4.865518933904984e-16
DIGALSIDEtg,0.0,0.0
DIGALSIDEtl,0.0,0.0
DINt,22.61216866055015,0.0
DITPtn,0.0,0.0
DKMPPD,22.497943103391904,-8.425496753031534e-18
D_LACt2,-84.18324040989513,-0.0
DLNLCGt,0.0,0.0
DMATT,0.004121001999532818,0.0
DMATTx,0.0,-4.930380657631324e-32
DMGDHm,0.0,0.0
DMGtm,0.0,0.0
DMNONCOACRNCPT1,0.0,-0.0
DNADtn,0.0,0.0
DNDPt10m,0.0,1.9721522630525295e-31
DNDPt11m,0.0,-7.32573995522647e-32
DNDPt12m,0.0,2.1561150727034981e-16
DNDPt13m,0.0,-2.5408939261408597e-16
DNDPt14m,-1.0177870514487332e-14,-1.9721522630525295e-31
DNDPt15m,0.0,2.535021360036178e-32
DNDPt16m,1.0177870514487332e-14,9.860761315262648e-32
DNDPt17m,0.0,5.670977692656125e-31
DNDPt18m,0.0,2.1561150727035e-16
DNDPt19m,0.0,-2.5408939261408577e-16
DNDPt1m,-1.017787051448733e-14,0.0
DNDPt20m,0.0,-2.540893926140859e-16
DNDPt21m,0.0,2.156115072703499e-16
DNDPt22m,0.0,1.9721522630525295e-31
DNDPt23m,0.0,-7.32573995522647e-32
DNDPt24m,0.0,7.32573995522647e-32
DNDPt25m,0.0,3.6988254296035955e-31
DNDPt26m,0.0,-5.670977692656125e-31
DNDPt27m,0.0,-3.6988254296035955e-31
DNDPt28m,0.0,-3.8215649778543273e-31
DNDPt29m,0.0,-2.8354888463280625e-31
DNDPt2m,0.0,-4.697008998844358e-16
DNDPt30m,0.0,2.1561150727034957e-16
DNDPt31m,0.0,-2.540893926140862e-16
DNDPt32m,0.0,-2.5408939261408587e-16
DNDPt33m,0.0,-9.860761315262648e-32
DNDPt34m,0.0,7.32573995522647e-32
DNDPt35m,0.0,7.32573995522647e-32
DNDPt36m,0.0,3.8215649778543273e-31
DNDPt37m,0.0,2.36535549292824e-15
DNDPt38m,0.0,2.36535549292824e-15
DNDPt39m,0.0,2.36535549292824e-15
DNDPt3m,0.0,-2.1561150727034957e-16
DNDPt40m,0.0,2.36535549292824e-15
DNDPt41m,0.0,2.365355492928241e-15
DNDPt42m,0.0,2.5809670001985906e-15
DNDPt43m,0.0,2.1112661003141544e-15
DNDPt44m,0.0,-4.697008998844356e-16
DNDPt45m,0.0,1.9466719611609395e-31
DNDPt46m,0.0,-2.1561150727034986e-16
DNDPt47m,0.0,-2.1561150727034976e-16
DNDPt48m,0.0,-2.156115072703497e-16
DNDPt49m,0.0,-2.156115072703496e-16
DNDPt4m,0.0,-2.1561150727035006e-16
DNDPt50m,0.0,-2.156115072703492e-16
DNDPt57m,0.0,-1.1048736254151127e-15
DNDPt58m,0.0,-6.351727255306768e-16
DNDPt59m,0.0,-8.507842328010268e-16
DNDPt5m,0.0,-2.1561150727034996e-16
DNDPt60m,0.0,-8.507842328010268e-16
DNDPt61m,0.0,-8.507842328010267e-16
DNDPt62m,0.0,-8.50784232801027e-16
DNDPt63m,0.0,-8.507842328010264e-16
DNDPt6m,0.0,-2.156115072703499e-16
DNDPt7m,0.0,-2.1561150727034981e-16
DNDPt8m,0.0,-1.7186501270489117e-31
DNDPt9m,0.0,-7.32573995522647e-32
DOLASNT_Ler,0.0,-1.5777218104420236e-30
DOLASNT_Uer,0.0,-1.5777218104420236e-30
DOLDPP_Ler,0.0,-8.936314941956774e-32
DOLDPP_Uer,0.0,-8.936314941956774e-32
DOLGLCP_Lter,0.0,0.0
DOLGLCP_Uter,0.0,9.860761315262648e-32
DOLICHOL_Lter,0.0,0.0
DOLICHOL_Uter,0.0,0.0
DOLK_L,0.0,-5.854827030937197e-32
DOLK_U,0.0,-5.854827030937197e-32
DOLMANP_Lter,0.0,4.930380657631324e-32
DOLMANP_Uter,0.0,-4.930380657631324e-32
DOLP_Lter,0.0,-1.2418396281408897e-30
DOLP_Uter,0.0,7.303126349116398e-31
DOLPGT1_Ler,0.0,-4.529787229198779e-31
DOLPGT1_Uer,0.0,-8.474091755303838e-31
DOLPGT2_Ler,0.0,-8.474091755303838e-31
DOLPGT2_Uer,0.0,-8.474091755303838e-31
DOLPGT3_Ler,0.0,-3.0814879110195774e-32
DOLPGT3_Uer,0.0,6.162975822039155e-32
DOLPH_Ler,0.0,-3.71037559481605e-15
DOLPH_Uer,0.0,-3.71037559481605e-15
DOLPMT_L,0.0,-5.854827030937197e-32
DOLPMT_U,0.0,-4.7167349241054056e-30
DOLPMT1_Ler,0.0,-5.854827030937197e-32
DOLPMT1_Uer,0.0,-5.854827030937197e-32
DOLPMT2_Ler,0.0,3.3588218230113393e-31
DOLPMT2_Uer,0.0,3.3588218230113393e-31
DOLPMT3_Ler,0.0,-4.930380657631324e-32
DOLPMT3_Uer,0.0,1.4791141972893971e-31
DOPAtu,0.0,0.0
DOPAVESSEC,0.0,-4.697008998844353e-16
DPCOAK,0.0,1.5407439555097887e-32
DPCOAtl,0.0,0.0
DPGase,0.0,-4.697008998844354e-16
DPGM,0.0,1.584343463766621e-32
DPMVDx,0.0,-4.930380657631324e-32
DRBK,0.0,-8.011868568650901e-32
DRPA,0.0,0.0
DSAT,0.001766085999799786,7.303126349116398e-31
DTDPtn,0.0,0.0
DTMPK,0.0013221909998602742,-7.395570986446986e-32
DTTPtn,0.001322190999850108,0.0
DUDPtn,0.0,-0.0
DUMPtn,0.0,-0.0
DURAD,-19.504734533031105,3.960858659416553e-33
DURAD2,373.19041829350044,-2.7726010615915864e-32
DURIK1,0.0,-3.389636702121535e-32
DURIK1m,0.0,-6.699212530172912e-16
DURIPP,0.0,-6.505638796681715e-16
DURIt,0.0,-7.185342697330238e-32
DURItn,0.0,-0.0
DUTPDPm,0.0,-1.3398425060345822e-15
DUTPDPn,0.0,4.697008998844362e-16
EBP1r,0.0,0.0
EBP2r,0.002060500999766409,0.0
ECOAH12m,0.0,4.0597853231432495e-32
ECOAH1m,-61.003932872736875,-0.0
ECOAH9m,0.0,-1.3532617743810832e-32
ELAIDCPT1,0.0,1.9721522630525295e-31
ELAIDCPT2,0.0,3.522925935815068e-16
ELAIDCRNt,0.0,0.0
ELAIDt,0.0,0.0
ENGASE2ly,0.0,-1.8488927466117464e-32
ENGASE3ly,0.0,2.615142709918054e-18
ENGASEly,0.0,-1.4174844390690056e-31
ENO,479.72969253162347,-2.8716015615612535e-32
ESTRADIOLGLCt,0.0,3.370198701212626e-17
ESTRADIOLGLCt2,0.0,-4.697008998844352e-16
ESTRADIOLtr,0.12934081688027316,4.173122096317241e-33
ESTRONESt,0.0,3.3701987012126265e-17
ESTRONEtr,-0.12934081688027316,-0.0
ESTSULT,0.0,-4.1013763368152023e-14
ETF,0.0,-6.162975822039155e-33
ETFQO,0.0,0.0
ETHAK,0.04425668871871678,2.6192647243666408e-31
ETHP,0.0,-4.697008998844359e-16
EX_ala_L_LPAREN_e_RPAREN_,13.9960025744489,8.124247781345433e-16
EX_arg_L_LPAREN_e_RPAREN_,-28.726297442687,2.9957523201273077e-15
EX_chol_LPAREN_e_RPAREN_,0.0207083367213864,-3.499138288355692e-15
EX_co2_LPAREN_e_RPAREN_,92.63469392233293,0.0
EX_dag_hs_LPAREN_e_RPAREN_,-0.027669353996863214,0.0
EX_glc_LPAREN_e_RPAREN_,-276.715452686134,4.044238441455152e-16
EX_gln_L_LPAREN_e_RPAREN_,-45.9892716803789,3.629051907395336e-15
EX_glu_L_LPAREN_e_RPAREN_,28.3627721839107,2.5857598171983775e-15
EX_h_LPAREN_e_RPAREN_,607.8164011732819,0.0
EX_his_L_LPAREN_e_RPAREN_,-5.12950131850611,2.4172498821377464e-15
EX_hxan_LPAREN_e_RPAREN_,-0.058659143274278,1.5355479917162951e-15
EX_ile_L_LPAREN_e_RPAREN_,-21.138115400456577,0.0
EX_lac_D_LPAREN_e_RPAREN_,84.18324040989513,0.0
EX_lac_L_LPAREN_e_RPAREN_,654.358242209892,6.719128219571932e-16
EX_Lcystin_LPAREN_e_RPAREN_,-17.1710873206457,1.793359491329718e-15
EX_lys_L_LPAREN_e_RPAREN_,-61.0637363867301,1.7413466714429619e-15
EX_met_L_LPAREN_e_RPAREN_,-0.0154548179982521,-13.0703577356912
EX_nh4_LPAREN_e_RPAREN_,330.10168316091233,0.0
EX_no_LPAREN_e_RPAREN_,-23.238176708713947,0.0
EX_o2_LPAREN_e_RPAREN_,0.0,-6.740397402425254e-17
EX_phe_L_LPAREN_e_RPAREN_,-0.04233283699520089,0.0
EX_pi_LPAREN_e_RPAREN_,-0.12538281398640744,0.0
EX_pyr_LPAREN_e_RPAREN_,-10.0,6.045088479329407e-16
EX_so4_LPAREN_e_RPAREN_,34.337470970291946,0.0
EX_succ_LPAREN_e_RPAREN_,1.38355990022543,6.719128219571929e-16
EX_thr_L_LPAREN_e_RPAREN_,-38.3132635471458,4.361342622177392e-16
EX_trp_L_LPAREN_e_RPAREN_,-0.0013439059998476466,0.0
EX_urea_LPAREN_e_RPAREN_,51.92818889140505,0.0
EX_val_L_LPAREN_e_RPAREN_,-2.46006350801509,-2.682817382634838e-16
F1Atg,0.0,0.0
F1PGT,0.0,-6.507024599266893e-32
F6Tg,0.0,-1.9813967267855882e-30
FACOAL160i,0.0,-7.395570986446986e-32
FACOAL161,-5.274115722433841,-2.2538993983127514e-31
FACOAL180i,0.0,4.557087066448011e-31
FACOAL1812,0.0,1.3523396389876508e-31
FACOAL181i,0.0,-7.395570986446986e-32
FACOAL1821,0.0,4.5077987966255024e-32
FACOAL1831,0.0,4.5077987966255024e-32
FACOAL191,63.65659614387601,2.465190328815662e-32
FACOAL200,0.0,4.557087066448011e-31
FACOAL204,0.0,4.5077987966255024e-32
FADDP,0.0,-1.1753610554877611e-31
FADH2tru,0.001766085999799786,9.860761315262648e-32
FADH2tx,0.0,0.0
FADtru,0.0017660859997997863,0.0
FADtx,0.0,0.0
FAEL183,0.0,-3.0814879110195774e-32
FAEL204,0.0,-4.697008998844357e-16
FAEL205,0.0,1.8488927466117464e-32
FALDH,0.0,2.15370117117094e-32
FALDtm,0.0,0.0
FAOXC140,0.0,-8.624460290813983e-16
FAOXC160,0.0,-8.624460290813983e-16
FAOXC16080m,5.274115722433841,5.9164567891575885e-31
FAOXC16080x,0.0,-1.8788035995377455e-15
FAOXC161802m,0.0,4.312230145407006e-16
FAOXC16180m,0.0,3.944304526105059e-31
FAOXC180,0.0,1.4791141972893971e-31
FAOXC180x,0.0,-4.190823558986625e-31
FAOXC1811601m,0.0,-1.9721522630525295e-31
FAOXC1811602m,0.0,-1.9721522630525295e-31
FAOXC1811603m,0.0,-1.9721522630525295e-31
FAOXC18280m,0.0,3.522925935815065e-16
FAOXC200180m,0.0,1.4791141972893971e-31
FAOXC200180x,0.0,-9.394017997688706e-16
FAOXC2242046x,0.0,7.395570986446986e-32
FAOXC226205x,0.0,2.465190328815662e-32
FAOXC80,0.0,-8.624460290813998e-16
FAS100COA,5.275881808433641,2.150878561891665e-30
FAS120COA,5.275881808433641,-1.8488927466117464e-32
FAS140COA,5.275881808433641,-1.8488927466117464e-32
FAS160COA,5.275881808433641,3.7594152514438844e-31
FAS180COA,0.0,-4.129193800766234e-31
FAS80COA_L,5.275881808433641,-1.232595164407831e-31
FATP1t,0.0,-3.370198701212626e-17
FATP2t,0.0,-3.3701987012126265e-17
FATP3t,0.0,-1.0553472086703787e-31
FATP4t,0.0,-1.0553472086703787e-31
FATP5t,0.0,-1.3735762416049626e-32
FATP6t,0.0,-3.3701987012126265e-17
FATP7t,0.0,-3.3701987012126265e-17
FATP8t,0.0,-3.370198701212626e-17
FATP9t,0.0,-3.3701987012126265e-17
FBA,252.06999482154532,0.0
FBA2,2.094353411202577,0.0
FBA4,0.0,0.0
FBP26,0.0,-4.697008998844352e-16
FDH,0.0,5.081787852281714e-16
FE3R2e,0.0,-3.3701987012126265e-17
FK,0.0,-4.528499063783723e-16
FKYNH,0.0,9.244463733058732e-33
FMNAT,0.0,8.320017359752859e-32
FOLR2,0.0,9.100085678029497e-32
FOLt2,0.0,5.743203123122507e-32
FORt2m,-22.50000360439167,-0.0
FORtr,-0.0020605009997664092,-0.0
FPGS,0.0,5.2385294487332815e-31
FPGS2,0.0,3.389636702121535e-32
FPGS2m,0.0,-9.367723249499515e-31
FPGS3,0.0,-3.6053408558929055e-31
FPGS3m,0.0,-3.4512664603419266e-31
FPGS4,0.0,5.2385294487332815e-31
FPGS4m,0.0,9.860761315262648e-32
FPGS5,0.0,3.389636702121535e-32
FPGS5m,0.0,-9.367723249499515e-31
FPGS6,0.0,-1.1493949908103024e-30
FPGS6m,0.0,4.437342591868191e-31
FPGS7,0.0,6.501939492251308e-31
FPGS7m,0.0,1.0199724985474801e-30
FPGS8,0.0,3.389636702121535e-32
FPGS8m,0.0,-9.367723249499515e-31
FPGS9,0.0,-1.0162222211109124e-15
FPGS9m,0.0,-1.5777218104420236e-30
FPGSm,0.0,9.860761315262648e-32
FRDPtr,0.0,-0.0
FRUt1r,0.0,-0.0
FRUt4,0.0,3.3701987012126265e-17
FTCD,5.116734312507558,3.0814879110195774e-33
FTHFDH,0.15558312320104087,1.8488927466117464e-32
FTHFL,0.0,3.847788534373618e-17
FTHFLm,22.50000360439167,1.1401505270772436e-31
FUCASE2ly,0.0,-8.196757843312076e-31
FUCASEly,0.0,-3.975119405215255e-30
FUCtly,0.0,0.0
FUM,-20.9637461802479,1.2755570428808206e-32
FUMAC,0.0,1.5715588346199845e-31
FUMm,105.41112962902959,-2.040891268609313e-32
FUMSO3tm,0.0,-2.1561150727034986e-16
FUMSO4tm,0.0,2.7828560916086064e-31
FUMtm,0.0,-2.156115072703498e-16
FUMTSULtm,0.0,4.0803448187390205e-32
G12MT1_L,0.0,-9.244463733058732e-33
G12MT1_U,0.0,-9.244463733058732e-33
G12MT2_L,0.0,-9.244463733058732e-33
G12MT2_U,0.0,3.7867970145369104e-32
G13MT_L,0.0,-9.244463733058732e-33
G13MT_U,0.0,-9.244463733058732e-33
G14T10g,0.0,-2.1658489504906093e-14
G14T11g,0.0,-2.1658489504906093e-14
G14T12g,0.0,-2.1658489504906093e-14
G14T13g,0.0,-2.1658489504906093e-14
G14T14g,0.0,-2.1658489504906093e-14
G14T15g,0.0,-2.1658489504906093e-14
G14T16g,0.0,-2.1658489504906093e-14
G14T17g,0.0,-5.918506085630348e-14
G14T18g,0.0,2.4467014013495444e-30
G14T19g,0.0,-8.474091755303838e-31
G14T20g,0.0,-1.5448207028631474e-14
G14T21g,0.0,-3.174722922705723e-14
G14T2g,0.0,1.759080722749851e-14
G14T3g,0.0,-2.1658489504906093e-14
G14T4g,0.0,-2.1658489504906093e-14
G14T5g,0.0,-3.159794131600029e-14
G14T6g,0.0,-8.474091755303838e-31
G14T7g,0.0,2.3080344453536634e-30
G14T8g,0.0,-2.1658489504906093e-14
G14T9g,0.0,-2.1658489504906093e-14
G14Tg,0.0,1.4606252698232797e-30
G16MT_L,0.0,-9.244463733058732e-33
G16MT_U,0.0,-9.244463733058732e-33
G3PD2m,2.0937646822026434,6.162975822039155e-33
G5SADrm,0.0,-1.2714468580607424e-32
G5SADs,0.04166088399527707,-2.7733391199176196e-32
G5SDym,0.0,9.860761315262648e-32
G6PDA,0.0,-3.0814879110195774e-33
G6PDH1rer,0.0,1.8831124727382985e-33
G6PDH2r,22.520955044389506,-5.367954686721176e-33
G6PDH2rer,0.0,1.9960992211025964e-31
G6PPer,0.0,-6.162975822039155e-33
G6Pter,0.0,0.0
GAL3ST11,0.0,7.303126349116398e-31
GALASE10ly,0.0,1.8488927466117464e-32
GALASE11ly,0.0,-3.0814879110195774e-32
GALASE12ly,0.0,6.77927340424307e-32
GALASE13ly,0.0,-3.0814879110195774e-32
GALASE14ly,0.0,6.77927340424307e-32
GALASE15ly,0.0,-3.0814879110195774e-32
GALASE16ly,0.0,3.3280069439011436e-31
GALASE17ly,0.0,6.77927340424307e-32
GALASE18ly,0.0,6.77927340424307e-32
GALASE19ly,0.0,-8.011868568650901e-32
GALASE1ly,0.0,-6.162975822039155e-32
GALASE20ly,0.0,3.3280069439011436e-31
GALASE3ly,0.0,3.3280069439011436e-31
GALASE4ly,0.0,-3.0814879110195774e-32
GALASE5ly,0.0,6.77927340424307e-32
GALASE6ly,0.0,-3.0814879110195774e-32
GALASE7ly,0.0,-3.0814879110195774e-32
GALASE8ly,0.0,-3.0814879110195774e-32
GALASE9ly,0.0,-3.0814879110195774e-32
GALK,0.0,6.471124613141112e-32
GALNTg,0.0,7.303126349116398e-31
GALSIDEtg,0.0,0.0
GALSIDEtl,0.0,-0.0
GALT,0.0,3.2622820727165553e-31
GALt1r,0.0,-3.3701987012126203e-17
GALt4,0.0,2.911233976209978e-32
GALtly,0.0,0.0
GALU,0.0,8.635452545426175e-32
GAPD,508.32810773649584,4.786002602602089e-32
GARFT,0.007951615896918156,-3.5889201569974933e-32
GASNASE2ly,0.0,-8.196757843312076e-31
GASNASE3ly,0.0,7.58046026110816e-31
GASNASEly,0.0,2.3357678365528396e-30
GBA,0.0,-9.394017997688706e-16
GCALDD,0.0,-4.930380657631324e-32
GCC2am,0.0,-1.843728363396686e-32
GCC2bim,0.0,3.6460146698270067e-31
GCC2cm,0.0,2.366613196731498e-32
GCCam,0.0,3.5645415025669256e-31
GCCbim,0.0,0.0
GCCcm,0.0,0.0
GCHOLAt3,0.0,-4.697008998844353e-16
GCHOLAte,0.0,0.0
GDPFUCtg,0.0,-4.2319968844684327e-32
GDPtg,0.0,-0.0
GF6PTA,0.0,1.1781000382454629e-15
GGH_10FTHF5GLUl,0.0,-1.0039721385684373e-14
GGH_10FTHF6GLUl,0.0,9.646840907141983e-15
GGH_10FTHF7GLUl,0.0,-1.5777218104420236e-30
GGH_5DHFl,0.0,-1.4091026996533014e-15
GGH_5THFl,0.0,-1.4091026996533032e-15
GGH_6DHFl,0.0,-8.196757843312076e-31
GGH_6THFl,0.0,-8.196757843312076e-31
GGH_7DHFl,0.0,0.0
GGH_7THFl,0.0,-7.888609052210118e-31
GGLUCT,0.0,-4.0229692586018316e-16
GGNG,0.0,-4.683861624749758e-31
GGT6,0.0,-4.786002602602089e-32
GHMT2r,28.51274740515822,-1.0497789337686157e-32
GHMT2rm,0.0,0.0
GK1,0.004647514999447051,-4.5077987966255024e-32
GLAl,0.0,-3.0814879110195774e-32
GLBRAN,0.0,0.0
GLCAASE8ly,0.0,-3.0814879110195774e-32
GLCAASE9ly,0.0,-2.465190328815662e-32
GLCNACPT_L,0.0,4.930380657631324e-32
GLCNACPT_U,0.0,4.930380657631324e-32
GLCNACT_L,0.0,8.936314941956774e-32
GLCNACT_U,0.0,6.471124613141112e-32
GLCt1r,276.715452686134,0.0
GLCt4,0.0,3.3701987012126265e-17
GLCter,0.0,4.697008998844353e-16
GLCtg,0.0,0.0
GLCURtly,0.0,-2.0136033820105582e-32
GLDBRAN,0.0,-3.707218571333889e-16
GLGNS1,0.0,-3.697785493223493e-31
GLNALANaEx,0.0,3.370198701212677e-17
GLNASNNaEx,0.0,2.7339504317762975e-15
GLNCYSNaEx,0.0,6.740397402425279e-17
GLNS,0.0,-1.6478009381298978e-15
GLNSERNaEx,0.0,3.370198701212666e-17
GLNt4,0.0,4.972643093502215e-31
GLNTHRNaEx,0.0,6.490197024994642e-31
GLNtm,3.897926776170314,0.0
GLNtN1,45.989271680378906,-5.379404234969583e-32
GLPASE1,0.0,-3.386885341942097e-15
GLPASE2,0.0,1.7256332301709633e-31
GLU5Km,0.0,-6.160522135360608e-16
GLUCYS,0.0,3.389636702121535e-32
GLUDxm,0.0,5.3869039481230044e-17
GLUDym,75.07312254417134,0.0
GluForTx,5.116734312507557,5.854827030937197e-32
GLUNm,3.897926776170314,-1.4791141972893971e-31
GLUPRT,0.007951615896918155,3.6361557350031013e-31
GLUt2m,-96.90072075169032,-9.285571602912229e-32
GLUt6,0.0,1.348079480485053e-16
GLUt7l,0.0,0.0
GLUTCOADHm,61.003932872736875,6.162975822039155e-33
GLUVESSEC,0.0,-5.034028868965618e-16
GLXtp,0.0,-1.7431527984210492e-32
GLYATm,84.18324040989513,2.4583044845289143e-32
GLYBtm,0.0,9.044325067183153e-31
GLYCLTDy,0.0,-2.6178496968283244e-16
GLYCLTtp,0.0,0.0
GLYCtm,0.0,0.0
GLYCTO1p,0.0,-1.232595164407831e-32
GLYK,2.094353411202577,1.633188592840376e-31
GLYKm,0.0,-4.158318604032056e-16
GLYOX,0.0,-6.898121734232925e-32
GLYt2r,0.0,-6.516301230723586e-33
GLYt4,0.0,-1.2502614348420524e-32
GLYt7_211_r,0.015454817998252096,-1.303260246144717e-32
GLYtm,28.45036779826742,2.4935594613054186e-32
GLYtp,0.0,0.0
GMPR,0.0,-7.674337536035534e-32
GMPS2,0.0,1.1781000382454634e-15
GMPtg,0.0,-8.310284645226893e-32
GMPtn,0.0,0.0
GND,22.520955044389503,6.162975822039155e-33
GNDer,0.0,1.8488927466117464e-32
GNMT,0.0,1.6850993506063133e-17
GPAM_hs,0.0,0.0
GPDDA1,0.0008830429998998933,-8.936314941956774e-32
GRTT,0.004121001999532818,0.0
GRTTx,0.0,-4.930380657631324e-32
GSNt,0.0,-0.0
GTHO,329.97097244477135,-1.3250398017384183e-31
GTHOm,120.36388141296759,4.930380657631324e-32
GTHP,329.97097244477135,6.162975822039155e-32
GTHPm,120.36388141296759,-1.4791141972893971e-31
GTHS,0.0,-9.394017997688708e-16
GTMLTe,0.0,2.9582283945787943e-31
GUACYC,0.0,0.0
GUAPRT,0.0,9.860761315262648e-32
GULN3D,0.0,1.9804293297082763e-32
H2CO3D,478.97678733157375,2.0573156852281848e-33
H2O2syn,0.0,-2.9986898406955536e-32
H2O2tn,0.0,0.0
H2Ot,0.0,-3.3701987012126314e-17
H2Oter,0.011288672722454261,0.0
H2Otg,0.0,0.0
H2Otly,0.0,0.0
H2Otn,0.0,-0.0
HACD1m,-61.003932872736875,-4.730254169873081e-31
HACD9m,0.0,-2.0956012769033226e-32
HAS1,0.0,2.7733391199176196e-31
HAS2,0.0,-5.115269932292498e-31
HAtly,0.0,9.860761315262648e-32
HCO3_CLt,0.0,1.234389411136911e-32
HDCAtr,0.0,0.0
HDCEAtr,0.0,-0.0
HEX1,274.6210992749314,-3.389636702121535e-32
HEX4,0.0,-8.320017359752859e-32
HEX7,0.0,1.0860593609178968e-31
HGNTOR,0.0,1.5407439555097887e-31
HIBDm,2.4244502010191264,-4.3403877402086316e-32
HISD,5.116734312507558,1.4482993181792014e-31
HISt4,0.0,3.370198701212582e-17
HISTAtu,0.0,0.0
HISTAVESSEC,0.0,-4.697008998844353e-16
HIStN1,0.0,3.370198701212577e-17
HKYNH,0.0,-3.0814879110195774e-32
HMGCOASi,0.0,-9.799558473934016e-16
HMGCOASim,61.003932872736875,2.465190328815662e-32
HMGCOAtm,-0.012363005998598452,-5.912817712341351e-33
HMGLm,60.99156986673828,4.930380657631324e-32
HMGLx,0.0,0.0
HOMt4,0.0,3.3701987012126265e-17
HPYRRy,0.0,-9.244463733058732e-33
HPYRtp,0.0,-0.0
HSD11B1r,0.0,1.9133849175548315e-33
HSD11B2r,0.0,2.0281880126081214e-31
HSD17B1,-0.12934081688027316,-2.3930013013010446e-33
HSD17B42x,0.0,4.930380657631324e-32
HSD17B7r,0.12934081688027316,-3.0814879110195774e-33
HSD17B9r,0.0,9.94129202568786e-32
HSD3A1r,0.0,1.9133849175548315e-33
HSD3B2r,0.0,-3.0814879110195774e-33
HSD3B7P,0.0,-1.304985335743067e-32
Htg,0.0,0.0
Htm,0.0,5.38690394812299e-17
HXPRT,22.61561247065221,9.860761315262648e-32
HYXNt,0.05865914327427798,0.0
ICDHxm,0.0,5.3869039481229545e-17
ICDHy,0.0,-4.3122301454069987e-16
ICDHyp,0.0,-1.0655183862786782e-15
ICDHyrm,-42.20705446746913,-1.8921016679492323e-31
IDPtn,0.0,0.0
ILEt5m,0.0,-0.0
ILETA,0.0,1.9583145833985874e-31
ILETAm,0.0,-0.0
ILEtec,0.0,-3.370198701212621e-17
IMPC,-0.007951615896918156,2.437262857765427e-32
IMPD,0.0,-1.8797076257219422e-31
INSt,0.0,0.0
INSTt2r,0.0,-3.370198701212627e-17
IPDDIx,0.0,-0.0
IPDPtx,0.0,3.1313393325629e-16
ITCOAL1m,0.0,-6.66169624950686e-32
ITCOALm,0.0,-4.79317381698721e-32
ITPtn,0.0,-0.0
IZPN,5.116734312507558,3.0506730319093816e-31
KAS8,0.0,5.903365519033943e-30
KCC2t,0.0,8.80975963028783e-33
KCCt,0.0,0.0
KHK,2.094353411202577,-8.320017359752859e-32
KHK2,0.0,-3.389636702121535e-32
KSII_CORE2t,0.0,0.0
KSII_CORE2tly,0.0,-2.465190328815662e-32
KSII_CORE4t,0.0,0.0
KSII_CORE4tly,0.0,0.0
KSIt,0.0,0.0
KSItly,0.0,1.5777218104420236e-30
KYN3OX,0.0,-3.697785493223493e-32
KYNAKGAT,0.0,1.9721522630525295e-31
KYNATESYN,0.0,1.453294833460776e-31
LACZe,0.0,4.930380657631324e-32
LALDO,0.0,8.020410638946426e-32
LALDO2x,84.18324040989512,-4.0059342843254506e-32
LAPCOAl,0.0,-4.697008998844354e-16
LCADi,60.991569866738296,-4.930380657631324e-32
LCADi_D,84.18324040989512,4.930380657631324e-32
LCAT1e,0.0008830429998998933,-7.888609052210118e-31
LCTStg,0.0,0.0
LDH_D,0.0,-6.719128219571934e-16
LDH_L,-674.2138733192375,4.910839593416291e-33
LEUKTRA4t,0.0,-3.370198701212628e-17
LEUKTRB4t,0.0,-3.370198701212628e-17
LEUKTRD4t,0.0,-3.370198701212628e-17
LEUKTRF4t,0.0,-3.370198701212628e-17
LEUt4,0.0,3.3701987012126265e-17
LEUt5m,0.0,-5.389610935031603e-16
LEUTA,21.054121578466095,0.0
LEUTAm,0.0,-0.0
LEUtec,21.10922152245985,0.0
LGNCCOAtx,0.0,0.0
LGTHL,0.0,6.977115935650698e-32
L_LACDcm,47.64770353486423,-1.8488927466117464e-32
L_LACt2r,-644.358242209892,-1.675100910910731e-32
LNELDCCPT1,0.0,1.9721522630525295e-31
LNELDCCPT2,0.0,-2.2186712959340957e-31
LNELDCCRNt,0.0,0.0
LNLCt,0.0,0.0
LNLNCAt,0.0,0.0
LNLNCGt,0.0,0.0
LNSTLSr,0.0020605009997664092,0.0
LPASE,0.0008830429998998933,3.0660804714644795e-30
LPCHOLt,0.0008830429998998931,0.0
LPCOXp,33.19949744121962,1.035379938102578e-30
LPS,0.0,3.0814879110195774e-33
LPS2,0.0,-8.936314941956774e-32
LPS3,0.0,1.85352710927865e-15
LPSe,0.0,-6.740397402425257e-17
LRAT,0.0,-1.51863415744272e-15
LSTO1r,0.0,-1.5715588346199845e-31
LSTO2r,0.002060500999766409,2.3727456914850746e-31
LTC4CP,0.0,1.7766611161801108e-31
LTD4DP,0.0,6.233898653263547e-33
LYSOXp,33.19949744121962,1.232595164407831e-32
LYSt4,0.0,3.370198701212626e-17
LYStiDF,61.0637363867301,0.0
LYStip,33.19949744121962,-9.860761315262648e-32
LYStm,27.804435431517266,-1.2474845415104164e-31
LYStn,0.0,3.372962552453067e-31
M1316Mg,0.0,-6.162975822039155e-32
M13N2Tg,0.0,0.0
M14NTg,0.0,-4.733165431326071e-30
M16NTg,0.0,1.5777218104420236e-30
M4MPDOL_Lter,0.0,0.0
M4MPDOL_Uter,0.0,0.0
M7MASNBterg,0.0,-2.465190328815662e-32
M8MASNterg,0.0,6.162975822039155e-33
MACACI,0.0,-9.860761315262648e-32
MALSO3tm,0.0,0.0
MALSO4tm,0.0,2.1561150727034996e-16
MALtm,66.55190682080044,9.572005205204178e-33
MALTSULtm,0.0,2.1561150727034974e-16
MAN1PT2,108.89045644452801,-4.622231866529366e-32
MANt1r,0.0,-3.370198701212628e-17
MANt4,0.0,-2.245419592915699e-33
MANter,0.0,0.0
MANtg,0.0,0.0
MANtly,0.0,0.0
MCCCrm,0.0,-7.691492889377368e-32
MCD,0.0,-4.697008998844351e-16
MCDm,0.0,-6.77927340424307e-32
MDH,0.0,-7.771276024084171e-16
MDHm,0.0,-1.2603803555040542e-15
MDRPD,22.497943103391904,-1.685099350606316e-17
ME1m,9.704098760925195,-2.465190328815662e-32
ME2,73.64248088075624,-9.244463733058732e-32
ME2m,0.0,-5.386903948123001e-17
MECOALm,0.0,-4.79317381698721e-32
MECOAS1m,0.0,-6.66169624950686e-32
MELATNOX,0.0,-1.3480794804850523e-16
METAT,22.612168660550154,-2.3132804632724147e-16
METLEUex,0.0,0.0
METS,0.11422555715825271,9.218804067122516e-16
METt4,0.0,3.3701987012126265e-17
METtec,0.0,0.0
MEVK1x,0.0,0.0
MG1er,0.0,9.897904275104639e-17
MG2er,0.0,9.897904275104639e-17
MG3er,0.0,-6.162975822039155e-33
MGCHrm,0.0,0.0
MI1345PP,0.0,0.0
MI134PP,0.0,0.0
MI145PK,0.0,-3.389636702121535e-32
MI145PP,0.0,4.697008998844352e-16
MI14PP,0.0,3.0814879110195774e-33
MI14Ptn,0.0,0.0
MI1P_Dtn,0.0,0.0
MI1PP,0.0023548149997330435,0.0
MI1PS,0.0023548149997330435,3.0814879110195774e-33
MI34PP,0.0,0.0
MI3PP,0.0,-3.0814879110195774e-33
MI4PP,0.0,3.0814879110195774e-33
MM5ag,0.0,-8.011868568650901e-32
MM5bg,0.0,1.1709654061874394e-31
MM5cg,0.0,1.1709654061874394e-31
MM6ag,0.0,1.8488927466117464e-32
MM6B1ag,0.0,-8.011868568650901e-32
MM6B1bg,0.0,-8.011868568650901e-32
MM6B2g,0.0,-1.2515249440689084e-31
MM6bg,0.0,1.1709654061874394e-31
MM7Ag,0.0,1.8488927466117464e-32
MM7B1g,0.0,6.77927340424307e-32
MM7B2g,0.0,5.435626953684618e-32
MM7Cag,0.0,-1.5946396771765794e-31
MM7Cbg,0.0,-3.0814879110195774e-32
MM8Ag,0.0,1.1031726721450087e-30
MM8Ber,0.0,1.982044927647986e-30
MM8Cg,0.0,2.0795189894949797e-30
MMCDm,0.0,-4.543097457469414e-16
MMEm,-40.70613205816853,-0.0
MMMm,40.70613205816853,4.332216250486388e-32
MMSAD1m,0.0,-4.543097457469414e-16
MMSAD3m,42.00267763642301,1.232595164407831e-31
MTAP,22.497943103391904,1.0338593338011976e-15
MTHFC,33.404355362230916,-1.1963067189991643e-32
MTHFCm,-55.73287261162771,-2.9582664959143723e-32
MTHFD,28.287621049723363,6.518682138718434e-33
MTHFD2,0.0,2.085978284389899e-31
MTHFD2m,0.0,5.38690394812299e-17
MTHFDm,-55.73287261162771,-0.0
MTRI,22.497943103391904,0.0
N2M2NMASNt,0.0,0.0
N2M2NMASNtly,0.0,0.0
N3Tg,0.0,-5.854827030937197e-32
N4Tg,0.0,7.303126349116398e-31
NACHEX10ly,0.0,-3.2487630382098403e-31
NACHEX11ly,0.0,-4.950328253128215e-31
NACHEX12ly,0.0,-3.732197776423567e-17
NACHEX13ly,0.0,-3.732197776423567e-17
NACHEX14ly,0.0,-3.732197776423567e-17
NACHEX15ly,0.0,-3.732197776423567e-17
NACHEX16ly,0.0,-3.732197776423567e-17
NACHEX17ly,0.0,-3.732197776423567e-17
NACHEX18ly,0.0,1.7295156884807968e-15
NACHEX19ly,0.0,-4.3140830754274083e-32
NACHEX20ly,0.0,-1.4174844390690056e-31
NACHEX21ly,0.0,-4.3140830754274083e-32
NACHEX22ly,0.0,1.8488927466117464e-32
NACHEX23ly,0.0,-8.231697388623564e-33
NACHEX24ly,0.0,-6.162975822039155e-33
NACHEX25ly,0.0,-9.244463733058732e-32
NACHEX26ly,0.0,-7.015018339305213e-33
NACHEX27ly,0.0,6.162975822039155e-33
NACHEXA10ly,0.0,-2.711709361697228e-31
NACHEXA11ly,0.0,-3.732197776423572e-17
NACHEXA12ly,0.0,-3.732197776423572e-17
NACHEXA13ly,0.0,-3.732197776423572e-17
NACHEXA14ly,0.0,-3.732197776423572e-17
NACHEXA15ly,0.0,-3.732197776423572e-17
NACHEXA16ly,0.0,-3.732197776423572e-17
NACHEXA17ly,0.0,1.7295156884807966e-15
NACHEXA18ly,0.0,-1.2774247059566449e-31
NACHEXA19ly,0.0,2.465190328815662e-32
NACHEXA20ly,0.0,-7.395570986446986e-32
NACHEXA21ly,0.0,-6.15433804649634e-32
NACHEXA22ly,0.0,-2.465190328815662e-32
NACHEXA9ly,0.0,-2.2186712959340957e-31
NADH2_u10m,0.0,-7.005682119468492e-16
NADN,0.0,-8.936314941956774e-32
NADPHtru,0.15848224587696952,0.0
NADPtru,0.15848224587696952,0.0
NADS2,0.0,1.1781000382454629e-15
NADtn,0.0,-0.0
NAGA2ly,0.0,3.179513322752913e-14
NAGLCAly,0.0,5.546678239835239e-32
NAHCO3_HCLt,-614.963574182726,-0.0
NaKt,0.0,-4.697008998844352e-16
NAt3_1,-532.8754649735855,2.0666651663957397e-33
NAt5,0.0,1.3214639445431746e-32
NAtx,0.0,0.0
NBAHH_ir,0.0,-1.227816243348464e-31
NCKt,0.0,0.0
NCNt,0.0,1.0612596901159733e-32
NDP6,0.0,-9.394017997688712e-16
NDP7er,0.0,3.0814879110195774e-33
NDP7ex,19.573459582747045,0.0
NDP7g,0.0,-1.1068078642394146e-14
NDP8,0.06872504971594294,3.0814879110195774e-33
NDP8ex,19.573459582747045,0.0
NDPK1,0.0,4.69700899884436e-16
NDPK10,0.0,-0.0
NDPK10n,0.0,-4.865518933904982e-16
NDPK1m,0.0,-6.66169624950686e-32
NDPK1n,0.0,1.7382693867249443e-31
NDPK2,0.0,4.697008998844359e-16
NDPK2m,0.0,6.737183418140185e-32
NDPK2n,0.0,2.6566667596761306e-31
NDPK3,0.0,3.3047572926971125e-15
NDPK3m,0.0,2.0211550254420555e-31
NDPK3n,0.0,-1.0797156880467552e-31
NDPK4,0.0013221909998501083,2.4014895740866872e-32
NDPK4m,0.0,-6.853124071547854e-16
NDPK4n,0.0,-4.3499698592726745e-32
NDPK5,0.0,6.505638796681716e-16
NDPK5m,0.0,-6.699212530172912e-16
NDPK5n,0.0,-1.2952822655504674e-30
NDPK6,0.0,-1.8956545930438047e-15
NDPK6m,0.0,-1.4651479910452935e-31
NDPK6n,0.0,-5.297693906050684e-32
NDPK7,0.0674028587160928,2.451037789729166e-32
NDPK7n,0.0,-0.0
NDPK8,0.0,0.0
NDPK8m,0.0,-6.853124071547856e-16
NDPK8n,0.0,-1.3535069513256629e-30
NDPK9,0.0,0.0
NDPK9n,0.0,2.648846953025342e-31
NH4tn,0.0,0.0
NH4tp,-132.79798976487845,-0.0
NICRNS,19.61896009018936,-3.389636702121535e-32
NICRNTtn,0.0,-0.0
NKCC2t,-307.4895145003622,2.2024399075719576e-33
NKCCt,0.0,-6.015441188514466e-33
NMNATn,0.0,9.860761315262648e-32
NMNATr,0.0,1.4086871239454696e-32
NMNS,0.0,5.854827030937197e-32
NMNtn,0.0,0.0
NNATn,0.0,5.953409730456734e-32
NNATr,0.0,1.4236503280323832e-31
NOS1,0.0,2.0954117794933126e-31
NOS2,0.0,-4.251750125423077e-31
NP1,19.61896009018936,-4.622231866529366e-32
NRPPHRtu,0.0,0.0
NRPPHRVESSEC,0.0,-4.697008998844353e-16
NRVNCCOAtx,0.0,0.0
NRVNCt,0.0,0.0
NT5C,0.0,-4.697008998844352e-16
NTD1,0.0,-4.697008998844352e-16
NTD10,0.0,-4.697008998844346e-16
NTD11,0.0,-4.697008998844351e-16
NTD1m,0.0,0.0
NTD2,0.0,1.4259536931593697e-15
NTD2e,19.57345958274705,6.162975822039155e-33
NTD2m,0.0,-7.083991383610273e-16
NTD3,0.0,-4.697008998844353e-16
NTD4,0.0,1.4259536931593697e-15
NTD5,-1.017787051448733e-14,-3.697785493223493e-32
NTD5m,0.0,-6.699212530172914e-16
NTD6,0.0,-1.6892323395471268e-16
NTD7,0.0,-4.577611540554118e-16
NTD7e,0.0,-1.4140139473303465e-15
NTD8,0.0,6.162975822039155e-32
NTD9,0.0,-4.697008998844354e-16
O2Stm,-0.8198517450515618,0.0
O2Stn,0.0,0.0
O2Stx,0.0,-3.3880841504301907e-16
O2t,0.0,0.0
O2ter,0.022665510997430503,0.0
O2tm,161.35646866554566,0.0
O2tn,0.0,-0.0
O2tp,82.99874360304902,5.748985470419038e-33
OBDHc,38.28168185714939,-9.860761315262648e-32
OCBTm,23.238176708713947,0.0
OCCOAtx,0.0,-0.0
OCDCAtr,0.0,-3.3701987012126635e-17
OCDCEAtr,0.0,0.0
OCOAT1m,0.0,-6.699212530172912e-16
OIVD1m,0.0,-9.24145994976806e-16
OIVD2m,2.424450201019127,-2.465190328815662e-32
OIVD3m,0.0,-1.6665371546615973e-16
OMPDC,19.516351048029783,-7.395570986446986e-32
OPAHir,13.385311131181401,-2.465190328815662e-32
ORNDC,22.497943103391904,2.465190328815662e-32
ORNt3m,-29.430245788013156,-7.473681111544748e-32
ORNt4m,0.0,-1.4947362223089495e-31
ORNTArm,6.192069079299206,0.0
ORNtiDF,0.0,-1.4389288004631981e-15
ORPT,-19.516351048029787,-8.160689637478041e-32
OXAHCOtex,0.0,-6.740397402425257e-17
P45027A12m,0.0,4.930380657631324e-32
P45027A13m,0.0,-4.850920540219298e-16
P45027A15m,0.0,-4.850920540219298e-16
P45027A16m,0.0,-4.3122301454069997e-16
P45027A1m,0.0,5.400497495152754e-32
P450SCC1m,0.0,-2.0547150164359645e-31
P5CDm,0.0,-3.998696897219135e-31
P5CRm,0.0,5.3869039481229527e-17
P5CRxm,52.86571126452505,-1.232595164407831e-31
PA_HSter,-0.03807518571941757,-0.0
PA_HStg,0.0,0.0
PA_HStn,0.0,4.697008998844348e-16
PAFH,0.0,-1.8267507350150256e-31
PAFS,0.0,4.930380657631324e-32
PAIL_HStn,0.0,0.0
PAPStg,0.0,0.0
PAPtg,0.0,0.0
PCFLOPm,0.0,2.7733391199176196e-32
PCHOL_HStg,0.0,-0.0
PCHOLP_hs,0.0,-3.3047572926971113e-15
PCHOLPg_hs,0.0,-3.3047572926971113e-15
PCHOLPm_hs,0.0,4.930380657631324e-31
PCHOLPr_hs,0.03807518571941757,-8.936314941956774e-32
PCLAD,0.0,2.465190328815662e-32
PCm,0.0,-1.7146901012509956e-15
PCREATtmdiffir,0.0,0.0
PCRNtm,0.0,0.0
PCt,0.0008830429998998933,8.16594296420188e-31
PDE1,0.0,-1.527217127511404e-31
PDE4,0.0,-4.697008998844352e-16
PDE4n,0.0,-4.69700899884435e-16
PDHm,0.0,1.418789845661956e-15
PDX5PO,0.0,-6.162975822039155e-33
PE_HStm,-0.04366795971878353,3.0395551003786654e-31
PEPCKm,0.0,1.1140290418524285e-15
PETHCT,0.04425668871871679,-1.3866695599588098e-31
PETOHMm_hs,0.0,-5.635588463857311e-15
PETOHMr_hs,0.03807518571941757,0.0
PFK,252.06999482154535,-3.389636702121535e-32
PFK26,0.0,-8.320017359752859e-32
PGCD,28.598415204872236,-5.854827030937197e-32
PGI,252.06999482154535,0.0
PGK,-508.32810773649584,7.325739955226467e-32
PGL,22.520955044389506,-3.0814879110195774e-33
PGLer,0.0,3.0814879110195774e-33
PGM,-479.72969253162347,-1.914401041040836e-32
PGMT,0.0,5.367954686721176e-33
PGPP_hs,0.0014717719998331507,-8.628166150854817e-32
PGPPT,0.0014717719998331507,-5.854827030937197e-32
PHCDm,0.0,5.386903948122998e-17
PHCHGSm,0.0,0.0
PHEMEt,0.0,0.0
PHEt4,0.0,3.3701987012126265e-17
PHEtec,0.04233283699520089,0.0
PHETHPTOX2,0.0,-1.3287393465165972e-32
PI345P3P,0.0,-4.697008998844354e-16
PI345P3Pn,0.0,3.0814879110195774e-33
PI345P5P,0.0,-4.697008998844354e-16
PI34P5K,0.0,-3.389636702121535e-32
PI3P3Pn,0.0,-8.332393574567446e-32
PI3P4K,0.0,1.5407439555097887e-32
PI3P5K,0.0,-4.697008998844353e-16
PI45P3K,0.0,-3.389636702121535e-32
PI45P3Kn,0.0,-4.69700899884435e-16
PI45P5P,0.0,-4.697008998844353e-16
PI45PLC,0.0,-9.394017997688706e-16
PI4P3K,0.0,-8.900227463684013e-32
PI4P5K,0.0,-3.389636702121535e-32
PI4PLC,0.0,-3.0814879110195774e-33
PI4PLCn,0.0,-3.0814879110195774e-32
PI5P3K,0.0,-4.697008998844353e-16
PI5P4K,0.0,-1.3639236322661784e-33
PIK3,0.0,-9.394017997688708e-16
PIK3er,0.0,-4.528499063783722e-16
PIK4,0.0,-9.394017997688708e-16
PIK5,0.0,-9.394017997688708e-16
PIPLC,0.0,-4.697008998844352e-16
PIPLCn,0.0,-3.0814879110195774e-32
PIter,0.008242003999065637,0.0
PItg,0.0,0.0
PItx,-2.7423987385632222,-0.0
PLA2_2,0.0,-1.4512301834184673e-15
PLA2_2e,0.0,-1.988335057327157e-15
PMANM,0.0,-0.0
PMEVKx,0.0,-1.3891999006681287e-16
PNP,0.0,2.8716015615612535e-32
PNTOt5,0.0,-4.35998912872309e-16
PPA,0.0,-9.394017997688708e-16
PPAer,0.0041210019995328185,3.0814879110195774e-33
PPAm,0.0,0.0
PPAP,0.0,-4.697008998844352e-16
PPCDC,223.4176435010965,2.465190328815662e-32
PPCOACm,38.281681857149415,4.930380657631324e-32
PPCOAOm,0.0,-6.766308871905416e-33
PPD2CSPp,33.19949744121961,-9.860761315262648e-32
PPDOx,0.0,3.8743977012289204e-32
PPDOy,0.0,5.545940181509207e-32
PPItx,0.0,-4.697008998844352e-16
PPM,0.0,4.697008998844354e-16
PRAGSr,0.007951615896918156,2.0571865555769704e-31
PRASCS,0.007951615896918155,1.330232909479485e-31
PRDX,0.0,1.232595164407831e-32
PRFGS,0.007951615896918156,2.369664203574055e-30
PRGNLONESULT,0.0,-4.1013763368152023e-14
PRISTtx,63.656596143876016,0.0
PRO1xm,0.0,2.249752650856425e-31
PROD2m,0.0,-4.850920540219294e-16
PRODt2r,0.0,3.3701987012126265e-17
PROSTGD2t,0.0,4.2525201829421e-31
PROSTGE1t,-11.191684863264996,-0.0
PROSTGE1t3,0.0,-4.359989128723089e-16
PROSTGE2t,0.0,3.3701987012126265e-17
PROSTGE2t2,0.0,0.0
PROSTGE2t3,0.0,-4.697008998844353e-16
PROSTGF2t,0.0,-3.370198701212628e-17
PROSTGI2t,0.0,4.2525201829421e-31
PROt2r,0.0,-2.120347266158894e-31
PROt4,0.0,-1.6787867622068995e-31
PRPNCOAHYDm,0.0,-2.465190328815662e-32
PRPPS,22.520955044389503,-1.5155641092486623e-31
PSDm_hs,0.04366795971878353,3.0814879110195774e-32
PSERT,28.598415204872236,0.0
PSFLIPm,0.04366795971878354,-3.666970614113297e-31
PSP_L,28.598415204872236,4.622231866529366e-32
PSSA1_hs,0.0,1.073880557281778e-30
PSSA2_hs,0.04425668871871679,-7.670575409155558e-32
PTE3x,63.656596143876016,-4.930380657631324e-32
PTE4x,1.3711993692816111,4.930380657631324e-32
PTPAT,0.0,5.220905687072826e-32
PTRCOX1,0.0,2.136090620437616e-15
PUNP1,0.11422555715825272,2.8716015615612535e-32
PUNP2,-22.612168660550154,-4.786002602602089e-32
PUNP3,0.0,2.8716015615612535e-32
PUNP4,0.0,1.0529205725724597e-31
PUNP5,0.0,2.8716015615612535e-32
PUNP6,22.612168660550154,-4.786002602602089e-32
PUNP7,0.0,2.8716015615612535e-32
PYAM5POr,0.0,-6.162975822039155e-33
PYDAMK,0.0,-4.697008998844353e-16
PYDXK,0.0,-4.697008998844352e-16
PYDXNK,0.0,-4.697008998844352e-16
PYDXPP,0.0,0.0
PYK,479.72969253162347,-8.936314941956774e-32
PYNP2r,19.504734533031105,1.9144010410408357e-32
PYRt2m,-9.704098760925193,-1.5397422294374736e-32
PYRt2p,-132.79798976487845,6.158968917749894e-32
PYRt2r,0.0,-3.079484458874947e-32
RBFK,0.0,-4.697008998844352e-16
RDH1,0.0,-1.3446566686263287e-32
RDH1a,0.0,-8.577766957654969e-32
RDH2,0.0,3.9608586594165526e-32
RDH2a,0.0,3.0814879110195774e-33
RDH3,0.0,3.9608586594165526e-32
RDH3a,0.0,3.0814879110195774e-33
RETFA,0.0,-6.740397402425269e-17
RETFAt,0.0,0.0
RETH,0.0,6.740397402425259e-17
RETHe,0.0,0.0
RETt,0.0,0.0
RNDR1,0.001331482999828699,-1.8488927466117464e-32
RNDR2,0.0,-1.808629797837356e-16
RNDR3,0.0,3.3047572926971117e-15
RNDR4,0.0,2.365355492928241e-15
RNMK,0.0,-2.0160604605165725e-32
RPE,0.0,3.1208908736628614e-31
RPI,-22.520955044389503,-0.0
RTOTAL2t,0.0,0.0
S23T2g,0.0,1.3866695599588098e-31
S23T3g,0.0,2.3080344453536634e-30
S23T4g,0.0,2.3080344453536634e-30
S26Tg,0.0,-2.8781097088922853e-30
S2L2FN2M2MASNt,0.0,3.1554436208840472e-30
S2L2FN2M2MASNtly,0.0,0.0
S6T10g,0.0,-8.474091755303838e-31
S6T11g,0.0,-8.474091755303838e-31
S6T12g,0.0,-8.474091755303838e-31
S6T13g,0.0,-8.474091755303838e-31
S6T14g,0.0,-8.474091755303838e-31
S6T15g,0.0,2.3080344453536634e-30
S6T16g,0.0,5.463478066237711e-30
S6T17g,0.0,-8.474091755303838e-31
S6T18g,0.0,2.3080344453536634e-30
S6T1g,0.0,-8.474091755303838e-31
S6T2g,0.0,-8.474091755303838e-31
S6T3g,0.0,2.3080344453536634e-30
S6T4g,0.0,2.3080344453536634e-30
S6T5g,0.0,-8.474091755303838e-31
S6T6g,0.0,-8.474091755303838e-31
S6T7g,0.0,-8.474091755303838e-31
S6T8g,0.0,-8.474091755303838e-31
S6T9g,0.0,-8.474091755303838e-31
S6TASE10ly,0.0,-5.171803916461021e-32
S6TASE11ly,0.0,-5.171803916461021e-32
S6TASE12ly,0.0,-5.171803916461021e-32
S6TASE13ly,0.0,-5.171803916461021e-32
S6TASE14ly,0.0,-5.171803916461021e-32
S6TASE15ly,0.0,-5.171803916461021e-32
S6TASE16ly,0.0,-5.171803916461021e-32
S6TASE17ly,0.0,-5.171803916461021e-32
S6TASE18ly,0.0,-5.171803916461021e-32
S6TASE19ly,0.0,-5.171803916461021e-32
S6TASE20ly,0.0,-5.171803916461021e-32
S6TASE21ly,0.0,2.93758462454986e-31
S6TASE22ly,0.0,1.448105096609086e-32
S6TASE23ly,0.0,1.448105096609086e-32
S6TASE24ly,0.0,1.448105096609086e-32
S6TASE25ly,0.0,1.448105096609086e-32
S6TASE26ly,0.0,1.448105096609086e-32
SACCD3m,27.804435431517266,7.888609052210118e-31
SACCD4m,27.80443543151727,-9.860761315262648e-32
SADT,0.0,4.054406246826759e-14
SARCStm,0.0,0.0
SARDHm,0.0,-2.038705890404911e-15
SBPP1er,0.0,-4.697008998844354e-16
SBPP3er,0.0,-1.6850993506063068e-17
SBTD_D2,2.094353411202577,-5.854827030937197e-32
SBTR,2.094353411202577,-3.389636702121535e-32
SCP21x,0.0,0.0
SCP22x,0.0,0.0
SCP2x,0.0,-1.9721522630525295e-31
Ser_Thrtg,0.0,-0.0
SERALANaEx,0.0,3.370198701212637e-17
SERASNNaEx,0.0,2.733950431776297e-15
SERCYSNaEx,0.0,6.740397402425259e-17
SERDGLNexR,0.0,3.370198701212549e-17
SERDGLYexR,0.0,3.3701987012126234e-17
SERGLNexR,0.0,0.0
SERGLNNaEx,0.0,3.370198701212587e-17
SERGLYexR,0.0,5.598820980099286e-32
SERLYSNaex,0.0,1.0416085746624739e-31
SERPT,0.001766085999799786,4.190823558986625e-31
SERt4,0.0,6.105492151862682e-32
SERTHRNaEx,0.0,7.485240064306898e-32
SERtp,0.0,-0.0
SFGTH,0.0,5.854827030937197e-32
SGALSIDEtg,0.0,-0.0
SGALSIDEtl,0.0,0.0
SIAASE2ly,0.0,6.162975822039155e-33
SIAASE3ly,0.0,6.162975822039155e-33
SIAASE4ly,0.0,-6.162975822039155e-33
SIAASEly,0.0,1.8488927466117464e-31
SLCBK1,0.0,-5.854827030937197e-32
SMPD3g,0.0,7.303126349116398e-31
SMS,0.0017660859997997859,0.0
SO4CLtex2,0.0,-1.0110596103637879e-16
SO4HCOtex,0.0,-6.162975822039155e-33
SO4OXAtex2,0.0,0.0
SO4t4_2,-34.337470970291946,-0.0
SO4tl,-4.334958459014282e-15,0.0
SPH1Ptr,0.0,0.0
SPHGNtr,0.0,-0.0
SPHINGStr,0.0,0.0
SPHK21c,0.0,-4.528499063783722e-16
SPHMYLNtg,0.0,0.0
SPHS1Ptr,0.0,0.0
SPMDOX,22.497943103391904,-2.7733391199176196e-32
SPMS,22.497943103391904,-8.713274261940621e-16
SPODM,202.4159188634267,0.0
SPODMm,0.0,-1.0773807896245973e-16
SPODMn,0.0,-6.162975822039155e-33
SPODMx,0.0,4.930380657631324e-32
SPTix,0.0,-2.6178496968283254e-16
SQLEr,0.0020605009997664092,-8.936314941956774e-32
SQLSr,0.0020605009997664092,1.633188592840376e-31
SRTNtu,0.0,-3.370198701212628e-17
STRDNCt,0.0,0.0
STS1,0.0,5.80385791894491e-32
STS2,0.0,5.80385791894491e-32
SUCCt2m,0.0,-2.1561150727034994e-16
SUCCt4_2,-1.38355990022543,5.7308266044255616e-33
SUCCtp,0.0,-0.0
SUCD1m,28.471155044839744,2.040891268609313e-32
SUCOAS1m,66.55190682080043,-9.99254437426029e-32
SUCOASm,-107.25803887896896,-0.0
SULFOX,34.337470970291946,6.162975822039155e-33
TALA,0.0,-1.122325870219058e-31
TAURt4_2_r,0.0,5.306298450579866e-33
TAURtcx,0.0,0.0
TCHOLAt,0.0,3.370198701212626e-17
TCHOLAt3,0.0,-4.697008998844352e-16
TDP,0.0,0.0
THBPT4ACAMDASE,0.0,0.0
THD1m,137.95657022545927,-1.5407439555097887e-32
THFtl,0.0,0.0
THFtm,-33.23286900723604,-0.0
THMP,0.0,0.0
THMt3,0.0,-3.3701987012126265e-17
THP2Ctp,-33.19949744121962,-0.0
THRALANaEx,0.0,6.740397402425247e-17
THRASNNaEx,0.0,2.7676524187884235e-15
THRCYSNaEx,0.0,1.0110596103637884e-16
THRD_L,38.281681857149394,2.1570415377137042e-32
THRGLNexR,0.0,3.3701987012125636e-17
THRGLNNaEx,0.0,6.740397402425188e-17
THRGLYexR,0.0,3.370198701212624e-17
THRSERNaEx,0.0,6.740397402425244e-17
THRt4,0.0,3.370198701212626e-17
THYMDtm,-1.0177870514487329e-14,0.0
THYOXt,0.0,3.3701987012126265e-17
THYOXt2,0.0,0.0
TKT1,0.0,0.0
TKT2,0.0,-0.0
TMDK1,0.0,-4.697008998844352e-16
TMDK1m,-1.0177870514487329e-14,9.860761315262648e-32
TMDPK,0.0,-9.394017997688712e-16
TMDPP,0.0,2.8716015615612535e-32
TMDS,0.001322190999850094,0.0
TMNDNCCOAtx,0.0,0.0
TPI,256.2581129149505,0.0
TRDR,0.0046070139994573815,-3.0814879110195774e-33
TRDR2,0.0,3.2158448664205195e-32
TRDR3,0.0,3.701125859766257e-32
TRDRm,2.0355741028974663e-14,-2.465190328815662e-32
TRIODTHYt,0.0,3.3701987012126265e-17
TRIODTHYt2,0.0,0.0
TRPO2,0.0,0.0
TRPt,0.0,-6.74039740242525e-17
TTDCAtr,0.0,0.0
TTDCPT1,0.0,0.0
TTDCPT2,0.0,5.101534354998934e-16
TTDCRNt,0.0,0.0
TYRt,0.0,-6.740397402425253e-17
TYRTA,0.0,-0.0
UAG2EMAi,0.0,-4.697008998844348e-16
UAGDP,0.0,-2.3727456914850746e-31
UDPACGALtl,0.0,0.0
UDPDOLPT_L,0.0,-1.9721522630525295e-31
UDPDOLPT_U,0.0,-9.860761315262648e-32
UDPGALtg,0.0,-5.732891522382725e-31
UDPGD,0.0,-2.033782021272921e-31
UDPGLCAter,0.0,0.0
UDPGLCter,0.0,0.0
UDPGP,0.0,-4.697008998844358e-16
UDPtl,0.0,0.0
UGALGTg,0.0,1.0128676842625277e-14
UGALNACtg,0.0,-9.383122559183368e-32
UGCG,0.0,3.3588218230113393e-31
UGLCNACtg,0.0,-5.732891522382725e-31
UGLT,0.0,0.0
UMPK,19.64891416146222,0.0
UMPK2,0.0,-3.3047572926971125e-15
UMPK2n,0.0,-0.0
UMPK3,0.0,-4.697008998844362e-16
UMPK3n,0.0,-7.846869863476156e-32
UMPK4,0.0,-4.69700899884436e-16
UMPK4n,0.0,0.0
UMPK5,-0.0013314829998388768,-4.8008773593429737e-32
UMPK5n,0.0,1.6072895046992247e-30
UMPK6,0.0,0.0
UMPK6n,0.0,3.755756730747585e-31
UMPK7,0.0,-6.505638796681717e-16
UMPK7n,0.0,1.5034526296567926e-30
UMPKm,0.0,0.0
UMPKn,0.0,1.7382693867249443e-31
UMPtr,0.0,-0.0
UNK2,22.4979431033919,1.409824464798604e-15
UPPN,19.504734533031105,3.4820813394521224e-31
URCN,5.116734312507559,-3.0814879110195774e-32
UREAt,-51.92818889140505,-0.0
UREAtm,0.0,-0.0
URIDK2m,0.0,0.0
URIK1,0.0,-1.8956545930438047e-15
URIt,19.57345958274705,8.957643003723008e-33
Uritm,0.0,-7.065878958736838e-33
VACCCPT1,0.0,3.522925935815067e-16
VACCCPT2,0.0,1.7256332301709633e-31
VACCCRNt,0.0,0.0
VACCt,0.0,-0.0
VALt5m,2.424450201019127,0.0
VALTA,0.0,5.389610935031601e-16
VALTAm,2.424450201019127,0.0
VALtec,2.46006350801509,0.0
VITD3t,0.0,0.0
VITD3t2,0.0,0.0
XOL27OHtm,0.0,0.0
XOLEST2te,0.0,-0.0
XYLK,0.0,-3.389636702121535e-32
XYLTD_Dr,0.0,1.0061331079807613e-32
XYLUR,0.0,-3.960858659416553e-33
r0009,1.3711993692816111,-2.2186712959340957e-31
r0010,0.0,-1.0813218724684274e-31
r0016,0.0,-0.0
r0021,0.0,-8.315131612823879e-32
r0022,0.0,5.38690394812302e-17
r0027,-17.1710873206457,-2.600598246241203e-32
r0033,0.0,-2.0482416443956103e-15
r0034,0.0,-2.1561150727034966e-16
r0047,0.0,-2.2675849264756815e-16
r0068,0.0,1.3866695599588098e-31
r0074,6.150408195303929,-3.549919795097247e-31
r0081,0.0,-1.1875815091458253e-31
r0082,0.0,-4.3122301454070007e-16
r0083,0.0,5.386903948122935e-17
r0084,0.0,-1.0655183862786783e-15
r0085,0.0,3.112302790129773e-31
r0086,0.0,0.0
r0097,0.0,-4.639855628189822e-32
r0119,0.0,-4.697008998844352e-16
r0127,0.0,1.178100038245463e-15
r0129,-11.191684863264996,-3.445712283685826e-32
r0130,11.191684863264994,-6.613328532466367e-32
r0142,0.0,-4.3122301454069987e-16
r0145,-23.238176708713944,-7.473681111544748e-32
r0156,0.0,1.178100038245462e-15
r0157,0.0,-2.8049461667899206e-31
r0163,0.0,2.3824844359829546e-15
r0170,0.0,3.316751536670746e-31
r0173,33.19949744121961,-1.2317937835499789e-31
r0178,22.497943103391908,5.283129092631636e-32
r0191,0.0,-4.697008998844359e-16
r0193,0.0,9.10209386184421e-32
r0196,0.0,-2.4583044845289143e-32
r0208,-108.89045644452803,-6.507024599266893e-32
r0210,0.0,-2.6178496968283313e-16
r0224,0.1109007982766021,-3.3588218230113393e-31
r0226,0.0,-8.0857698960017e-16
r0233,0.0,-4.930380657631324e-32
r0245,-2.094353411202577,1.1965006506505223e-32
r0246,0.0,0.0
r0249,0.0,-0.0
r0265,0.0,2.2496180765199014e-31
r0268,0.0,-2.2708492608155197e-31
r0276,0.004647514999447051,4.900998416117915e-32
r0283,0.0,6.471124613141112e-32
r0287,5.27411572243384,-2.465190328815662e-32
r0295,55.73287261162771,-1.7256332301709633e-31
r0301,0.0,4.614318167106634e-31
r0308,0.0,-9.394017997688704e-16
r0309,-5.274115722433841,2.9627178284890524e-31
r0310,0.0,-4.312230145406999e-16
r0311,0.0,1.9721522630525295e-31
r0317,-42.20705446746913,4.174661528665576e-32
r0321,0.0,-1.3398425060345824e-15
r0330,373.19041829350044,-4.0059342843254506e-32
r0339,0.0,-4.697008998844352e-16
r0340,0.0,-1.3096015951413148e-16
r0345,0.0,-0.0
r0354,0.0,9.761539875680381e-32
r0355,0.0,-3.624939887936296e-32
r0357,0.0,2.2695990240873633e-31
r0358,0.0,6.106318129038001e-32
r0360,0.0,-3.213740109314145e-32
r0361,0.0,-1.3356197904910593e-31
r0365,0.0,1.2031783383916056e-15
r0377,0.0,-8.245904983046408e-32
r0383,0.0,1.4187898456619556e-15
r0384,0.0,2.3824844359829546e-15
r0385,0.0,1.2942249226282225e-31
r0386,0.0,-9.24145994976806e-16
r0388,0.0,-2.8744927352095183e-33
r0389,0.0,0.0
r0391,19.61896009018936,-1.4086871239454696e-32
r0392,0.0,9.09340494494397e-32
r0393,0.0,-2.465190328815662e-32
r0394,0.055215333172219494,6.939703773773029e-32
r0395,0.0,1.9293468443226393e-32
r0398,0.01612677099817177,3.0814879110195774e-33
r0399,0.01612677099817177,-7.124417643126817e-33
r0400,0.0,2.5070905694572123e-32
r0407,0.0,-1.8705431170317633e-32
r0408,0.0,5.036446219218197e-32
r0409,0.0,-4.697008998844359e-16
r0422,0.0,-2.632301431431149e-32
r0423,0.0,-5.3869039481229866e-17
r0424,0.0,-1.4658109394317412e-32
r0425,0.0,4.4580405671847943e-32
r0426,42.207054467469135,1.9144010410408357e-32
r0434,0.0,3.1258812678447316e-31
r0437,0.0,9.037474816421633e-32
r0450,61.003932872736875,-2.3751630182916506e-31
r0451,0.0,-7.296993854362822e-32
r0456,0.0,-4.697008998844354e-16
r0463,0.0,-1.0297334516303247e-31
r0464,0.0,-4.2395273752421016e-32
r0470,0.0,4.249331426283233e-32
r0472,-0.0009996979998866684,-5.4225204993890774e-33
r0474,0.06644921671620092,4.7631658039201893e-32
r0475,-0.06872504971594293,-5.517094681800057e-32
r0483,0.0,-0.0
r0488,-0.012363005998598454,-0.0
r0509,33.34936021649526,-4.930380657631324e-32
r0512,-0.109578607276752,-0.0
r0514,0.0,0.0
r0517,0.0,-0.0
r0522,0.0,1.232595164407831e-32
r0523,0.0,-6.699212530172912e-16
r0525,0.0,5.386903948123033e-17
r0527,0.0,2.7227768978432856e-33
r0531,-0.06250658071664787,5.327071661245388e-32
r0541,0.0,0.0
r0545,0.0,1.3446226775376912e-31
r0547,0.0,-1.9804293297082764e-33
r0549,0.0,5.3869039481229835e-17
r0552,0.0,1.0494485074666223e-31
r0553,0.0,1.0225395713777346e-31
r0555,0.0,7.395570986446986e-32
r0556,0.0,-0.0
r0557,0.0,4.930380657631324e-32
r0558,247.78195854927066,5.634345404692264e-32
r0559,247.78195854927066,5.7489854704190365e-33
r0560,0.0,-5.413047097524334e-32
r0561,0.0,-4.6545424898200455e-31
r0568,0.0,-9.394017997688708e-16
r0570,0.0,4.697008998844351e-16
r0571,-2.424450201019127,-0.0
r0573,0.0,-9.39401799768872e-16
r0575,0.0,6.259683144475863e-33
r0578,-223.41764350109648,1.3735762416049626e-32
r0579,223.41764350109648,9.860761315262648e-32
r0584,0.0,9.747471281780409e-33
r0590,0.0,-9.860761315262648e-32
r0591,0.0,-1.8653096729214307e-32
r0594,61.00393287273689,6.77927340424307e-32
r0595,0.0,5.854827030937197e-32
r0596,0.0,4.930380657631324e-32
r0603,0.0,-5.413047097524334e-32
r0604,0.0,1.2627513860016808e-15
r0610,0.0,-3.3047572926971125e-15
r0611,0.0,0.0
r0614,-223.41764350109648,2.3651270849365403e-32
r0615,0.0,1.2484622803735937e-32
r0616,0.0,2.7865777330176615e-32
r0617,0.0,-7.490773682241561e-32
r0618,0.0,-5.3869039481229896e-17
r0620,0.0,-0.0
r0633,5.274115722433841,-3.201231764847291e-32
r0634,0.0,1.3317124141764732e-30
r0636,0.0,-2.465190328815662e-32
r0637,0.0,1.9721522630525295e-31
r0638,0.0,-2.9582664959143723e-32
r0639,0.0,-3.2047474274603605e-31
r0641,0.0,4.786002602602089e-32
r0642,0.0,1.1268690809384527e-31
r0643,2.424450201019127,4.7332263934629946e-32
r0644,0.0,5.7489854704190365e-33
r0645,0.0,5.634345404692264e-32
r0647,0.0,9.315828237081227e-33
r0650,0.0,-7.482172468127053e-32
r0651,0.0,4.5077987966255024e-32
r0652,0.0,2.0528173749145097e-31
r0653,0.0,4.683861624749758e-31
r0655,0.0,1.0826094195048663e-31
r0656,0.0,2.465190328815662e-32
r0660,0.0,1.6566292377120485e-31
r0661,0.0,2.711709361697228e-31
r0666,0.007951615896918156,-1.2190542164178646e-32
r0668,0.0,-8.467850318080337e-32
r0669,2.424450201019127,4.930380657631324e-32
r0670,0.0,-1.4294051014678406e-15
r0672,0.0,5.166139277398046e-32
r0679,223.41764350109648,1.3735762416049626e-32
r0680,-223.41764350109648,1.3608025881206112e-31
r0683,0.0,-6.162975822039155e-33
r0686,0.0,0.0
r0688,0.0,5.634345404692264e-32
r0698,0.0,-1.5642130495163451e-15
r0714,0.0,-3.2047474274603605e-31
r0715,0.0,-2.465190328815662e-32
r0716,0.0,4.312230145406989e-16
r0717,0.0,-1.9721522630525295e-31
r0718,0.0,4.683861624749758e-31
r0719,0.0,-2.465190328815662e-32
r0720,0.0,1.2936690436221017e-15
r0721,0.0,-1.232595164407831e-31
r0722,0.0,-1.8860411492129904e-31
r0723,0.0,-3.966072221376403e-31
r0724,0.0,1.6555889594555782e-31
r0726,0.0,1.4669208938323257e-31
r0727,0.0,-2.465190328815662e-32
r0728,0.0,-3.7842033358984645e-31
r0729,0.0,7.395570986446986e-32
r0730,5.274115722433841,7.395570986446986e-32
r0731,5.274115722433841,4.930380657631324e-32
r0732,5.274115722433841,-1.232595164407831e-31
r0733,5.274115722433841,7.395570986446986e-32
r0734,5.27411572243384,4.930380657631324e-32
r0735,0.0,3.5476906274048105e-32
r0739,0.0,2.15370117117094e-32
r0752,0.0,5.386903948122996e-17
r0753,0.0,2.465190328815662e-32
r0754,0.0,5.386903948122996e-17
r0755,0.0,2.465190328815662e-32
r0756,0.0,5.386903948122996e-17
r0757,0.0,2.465190328815662e-32
r0758,0.0,5.634345404692264e-32
r0779,2.424450201019127,1.232595164407831e-31
r0780,0.0,1.4562630129248646e-31
r0781,0.0020605009997664092,2.194622535912137e-31
r0783,0.0,7.928931983002758e-32
r0787,0.0,-4.697008998844353e-16
r0791,-5.27411572243384,2.9582664959143723e-32
r0792,-0.22380416443499196,9.778023208077651e-32
r0795,0.0,-6.162975822039155e-33
r0797,0.0,-0.0
r0801,66.55190682080043,0.0
r0812,1.3711993692816111,3.7306193458428615e-32
r0813,0.0,-4.697008998844352e-16
r0817,0.0,-0.0
r0819,0.0,2.1561150727035e-16
r0821,43.59061436769456,8.163565074437252e-32
r0822,0.0,-2.1561150727034986e-16
r0829,0.0,0.0
r0830,0.0,-2.1561150727034996e-16
r0834,0.0,9.572005205204178e-33
r0835,0.0,2.1561150727035006e-16
r0836,0.0,0.0
r0840,0.0,2.2438259067476032e-31
r0860,0.0,0.0
r0870,0.0,-8.888488192506814e-16
r0879,0.0,1.9721522630525295e-31
r0885,0.0,1.6899233247473972e-31
r0892,19.573459582747045,0.0
r0899,0.0,0.0
r0907,0.0,-0.0
r0911,0.0,3.2334958623280993e-16
r0913,0.0,0.0
r0915,-42.20705446746913,1.6698646114662307e-31
r0917,0.0,-2.1561150727035023e-16
r0926,0.0,-1.232595164407831e-32
r0934,0.0,0.0
r0941,61.519858565863366,0.0
r0942,0.0,6.740397402425257e-17
r0954,0.0,0.0
r0962,0.0,-1.232595164407831e-32
r0963,0.0,-3.3701987012126247e-17
r0970,0.0,0.0
r0973,-223.41764350109648,-0.0
r0983,0.0,0.0
r0984,0.0,0.0
r0989,0.0,0.0
r0990,0.0,0.0
r0993,0.0,-7.087422195345028e-32
r0994,0.0,-9.39401799768872e-16
r0995,0.0,0.0
r0997,0.0,7.469446983774797e-16
r0998,0.0,-0.0
r0999,0.0,-0.0
r1010,-223.41764350109648,-0.0
r1018,0.0,0.0
r1019,0.0,-0.0
r1020,0.0,-0.0
r1044,0.0,3.3701987012126216e-17
r1045,0.0,3.3701987012126265e-17
r1050,-1.2970258721296814e-19,0.0
r1051,0.0,0.0
r1090,0.0,4.0059342843254506e-32
r1106,0.0,0.0
r1116,0.0,-0.0
r1143,0.0,-3.370198701212636e-17
r1144,0.0,6.740397402425254e-17
r1147,0.0,3.457799868093201e-31
r1148,0.0,0.0
r1150,0.0,3.0814879110195774e-33
r1154,0.0,-2.365127084936541e-32
r1155,0.0,5.389610935031595e-16
r1156,0.13123163043259078,-6.58161468704352e-32
r1164,0.0,-9.394017997688716e-16
r1167,0.0,-5.60132389776304e-16
r1168,0.0,0.0
r1172,0.0,5.022825294961911e-31
r1177,0.0,-8.936314941956774e-32
r1179,0.0,1.078520768856852e-31
r1252,5.274115722433841,3.2047474274603605e-31
r1255,0.0,-3.7926940999256603e-16
r1257,0.0,-9.39401799768871e-16
r1260,0.0,0.0
r1292,-2.722903718307345e-14,0.0
r1298,0.0,-9.394017997688721e-16
r1299,0.0,0.0
r1377,0.0,0.0
r1378,0.0,-1.39784299707352e-31
r1380,0.00029441499996662237,-3.964465991501379e-32
r1381,0.0,0.0
r1396,38.281681857149415,0.0
r1397,38.281681857149415,-2.465190328815662e-32
r1401,0.0,-1.6506285991276746e-31
r1418,92.63469392233293,0.0
r1431,-2.035574102897466e-14,0.0
r1433,0.0,3.0224453997137614e-32
r1435,0.0,4.312230145406997e-16
r1443,0.0,2.059466903260649e-31
r1444,0.0,1.9721522630525295e-31
r1445,0.0,0.0
r1446,0.0,-1.5055681117035073e-15
r1447,0.0,-4.3122301454069913e-16
r1448,0.0,-4.312230145406999e-16
r1449,0.0,-4.3122301454069963e-16
r1450,0.0,-4.3122301454069987e-16
r1451,0.0,-4.312230145406997e-16
r1453,52.86571126452505,7.628681148364455e-32
r1454,0.0,-4.3122301454069963e-16
r1459,0.0,0.0
r1466,0.0,-4.6771158705661426e-32
r1487,0.0,-7.482172468127053e-32
r1488,0.0,1.3523396389876508e-31
r1492,0.0,-3.370198701212627e-17
r1495,0.0,-4.022969258601827e-16
r1514,0.0,-4.359989128723091e-16
r1515,0.0,-4.697008998844353e-16
r1516,0.0,-4.697008998844353e-16
r1517,0.0,-4.697008998844353e-16
r1518,0.0,-4.697008998844353e-16
r1519,0.0,-4.697008998844353e-16
r1520,0.0,-4.697008998844353e-16
r1521,0.0,-4.697008998844353e-16
r1522,0.0,-4.697008998844354e-16
r1523,0.0,-4.697008998844353e-16
r1525,0.0,-4.697008998844353e-16
r1527,0.0,-4.697008998844353e-16
r1529,0.0,-4.697008998844353e-16
r1530,0.0,-4.697008998844353e-16
r1540,0.0,-6.740397402425252e-17
r1544,0.0,-4.303523387975667e-31
r1546,0.0,-3.3701987012126265e-17
r1547,0.0,3.370198701212626e-17
r1548,0.0,-3.3701987012126247e-17
r1549,0.0,3.370198701212622e-17
r1551,0.0,-3.3701987012126234e-17
r1552,0.0,2.120347266158894e-31
r1553,0.0,2.700248444764171e-15
r1554,0.0,-3.3701987012126296e-17
r1556,0.0,-3.3701987012126265e-17
r1557,0.0,0.0
r1559,0.0,-0.0
r1560,0.0,-3.3701987012126234e-17
r1561,0.0,3.370198701212631e-17
r1562,0.0,-3.3701987012126247e-17
r1563,0.0,3.370198701212633e-17
r1564,0.0,3.370198701212628e-17
r1565,0.0,-3.370198701212618e-17
r1566,0.0,1.5902604496191705e-31
r1567,0.0,2.7002484447641708e-15
r1568,0.0,-3.370198701212619e-17
r1569,0.0,-3.370198701212614e-17
r1570,0.0,-3.370198701212627e-17
r1571,-0.028893877996724413,-0.0
r1573,0.0,-3.3701987012126e-17
r1574,0.0,3.37019870121262e-17
r1575,0.0,-3.370198701212614e-17
r1576,0.0,3.370198701212644e-17
r1578,0.0,-3.370198701212594e-17
r1579,0.0,4.303523387975667e-31
r1580,0.0,2.700248444764171e-15
r1581,0.0,-3.3701987012126296e-17
r1583,0.0,-3.370198701212551e-17
r1584,0.0,0.0
r1585,0.0,-3.3701987012126234e-17
r1586,0.0,3.370198701212631e-17
r1587,0.0,-3.3701987012126216e-17
r1588,0.0,3.370198701212639e-17
r1589,0.0,3.370198701212628e-17
r1590,0.0,-3.3701987012126216e-17
r1591,0.0,5.598820980099285e-31
r1592,0.0,2.7002484447641708e-15
r1593,0.0,-3.370198701212614e-17
r1594,0.0,-3.370198701212619e-17
r1595,0.0,-3.3701987012126216e-17
r1596,0.0,0.0
r1597,0.0,-2.0943872521964067e-15
r1598,0.0,0.0
r1599,0.0,-1.9015714760451334e-15
r1600,0.0,-3.314649957375526e-15
r1602,0.0,0.0
r1603,0.0,1.3669752158881484e-15
r1604,0.0,-1.809708386465055e-15
r1605,0.0,-1.8233483885652315e-15
r1606,0.0,1.695564370829766e-15
r1607,0.0,-1.8335130410985645e-15
r1608,0.0,-6.740397402425252e-17
r1609,0.0,2.9065461873373314e-32
r1610,0.0013439059998476464,0.0
r1611,0.0,-6.740397402425252e-17
r1612,0.0,-3.370198701212573e-17
r1613,0.0,2.6665464577520444e-15
r1614,0.0,-6.740397402425246e-17
r1615,0.0,-6.74039740242525e-17
r1616,0.0,-6.740397402425252e-17
r1617,0.0,-3.370198701212629e-17
r1618,0.0,6.740397402425253e-17
r1619,0.0,6.740397402425257e-17
r1620,0.0,0.0
r1621,0.0,3.3701987012126573e-17
r1622,0.0,2.733950431776297e-15
r1623,0.0,0.0
r1624,0.0,0.0
r1625,0.0,0.0
r1626,0.0,3.370198701212621e-17
r1627,0.0,0.0
r1628,0.0,-6.740397402425253e-17
r1629,0.0,-3.3701987012126105e-17
r1630,0.0,2.6665464577520448e-15
r1631,0.0,-6.740397402425257e-17
r1632,0.0,-6.740397402425257e-17
r1633,0.0,-6.740397402425253e-17
r1634,0.0,-3.370198701212632e-17
r1635,0.0,-6.740397402425255e-17
r1636,0.0,-3.3701987012126086e-17
r1637,0.0,2.6665464577520444e-15
r1638,0.0,-6.740397402425259e-17
r1639,0.0,-6.740397402425258e-17
r1640,0.0,-6.740397402425254e-17
r1641,0.0,-3.370198701212633e-17
r1642,0.0,3.370198701212629e-17
r1643,0.0,2.733950431776297e-15
r1644,0.0,0.0
r1645,0.0,0.0
r1646,0.0,0.0
r1647,0.0,3.370198701212621e-17
r1648,0.0,2.7002484447641708e-15
r1649,0.0,-3.370198701212635e-17
r1650,0.0,-3.370198701212644e-17
r1651,0.0,-3.370198701212665e-17
r1652,0.0,-2.2264466811323156e-31
r1653,0.0,-2.733950431776297e-15
r1654,0.0,-2.7339504317762975e-15
r1655,0.0,-2.733950431776297e-15
r1656,0.0,-2.700248444764171e-15
r1657,0.0,0.0
r1658,0.0,0.0
r1659,0.0,3.370198701212623e-17
r1660,0.0,0.0
r1661,0.0,3.370198701212618e-17
r1662,0.0,3.370198701212621e-17
r1664,0.0,1.4389288004631983e-15
r1665,0.0,0.0
r1666,0.0,-7.134777279776599e-31
r1667,0.0,1.438928800463198e-15
r1668,0.0,-4.904160597788578e-31
r1669,0.0,-3.531676077531101e-31
r1670,0.0,-1.4389288004631983e-15
r1671,0.0,3.531676077531101e-31
r1672,0.0,3.370198701212621e-17
r1673,0.0,3.3701987012125655e-17
r1674,0.0,3.3701987012126185e-17
r1675,0.0,-9.244463733058732e-33
r1676,0.0,6.740397402425249e-17
r1677,0.0,9.868450276373903e-34
r1678,0.0,6.740397402425249e-17
r1679,0.0,6.740397402425254e-17
r1680,0.0,4.122627187853096e-33
r1681,0.0,3.370198701212642e-17
r1682,0.0,2.733950431776297e-15
r1683,0.0,-2.892785582673096e-34
r1684,0.0,2.4455203052703185e-34
r1685,0.0,-9.244463733058732e-33
r1686,0.0,3.370198701212621e-17
r1687,0.0,3.3701987012126314e-17
r1690,0.0,5.192805989136723e-33
r1691,0.0,6.74039740242525e-17
r1692,0.0,9.868450276373903e-34
r1693,0.0,6.740397402425257e-17
r1695,0.0,3.0856809029676756e-32
r1696,0.0,3.370198701212647e-17
r1698,0.0,2.52883161163447e-32
r1700,0.0,3.78169013726731e-32
r1701,0.0,3.3701987012126216e-17
r1702,0.0,3.3701987012126875e-17
r1705,0.0,4.658176098008931e-31
r1706,0.0,6.740397402425294e-17
r1707,0.0,6.1894839134706e-31
r1708,0.0,6.740397402425328e-17
r1710,0.0,4.972643093502215e-31
r1711,0.0,3.3701987012127085e-17
r1713,0.0,3.2018546418776874e-31
r1715,0.0,7.123731031469886e-31
r1716,0.0,3.3701987012127066e-17
r1717,0.0,3.3701987012126345e-17
r1720,0.0,8.337115200984087e-32
r1721,0.0,6.740397402425258e-17
r1722,0.0,6.455418463118888e-32
r1723,0.0,6.740397402425257e-17
r1725,0.0,6.105492151862682e-32
r1726,0.0,3.370198701212664e-17
r1728,0.0,9.924402598081455e-32
r1730,0.0,1.0771005518274403e-31
r1731,0.0,3.370198701212629e-17
r1732,0.015454817998252098,3.370198701212627e-17
r1733,0.0,6.740397402425252e-17
r1734,0.0,6.740397402425206e-17
r1735,0.0,6.740397402425244e-17
r1736,0.0,-1.013491639086077e-15
r1737,0.0,3.3701987012126265e-17
r1738,0.0,-9.170837510104403e-16
r1739,0.0,-1.5899210046635106e-15
r1740,0.0,3.3701987012126265e-17
r1741,0.0,3.3701987012126265e-17
r1742,0.0,2.7676524187884235e-15
r1743,0.0,-8.711522062204012e-16
r1744,0.0,-8.779722072704894e-16
r1745,0.0,8.814841724270093e-16
r1746,0.0,-8.83054533537156e-16
r1747,0.0,1.9040622289269553e-32
r1748,0.0,1.4627063704052857e-32
r1749,0.0,-4.202800783123329e-31
r1750,0.0,-5.9328646160417e-32
r1751,0.0,1.0808956131103295e-15
r1752,0.0,-3.3701987012126247e-17
r1753,0.0,3.370198701212629e-17
r1754,0.0,3.370198701212626e-17
r1755,0.0,-3.3701987012126247e-17
r1756,0.0,4.038892955904125e-31
r1757,0.0,2.7002484447641708e-15
r1758,0.0,-3.370198701212622e-17
r1759,0.0,-3.3701987012126247e-17
r1760,0.0,-3.3701987012126247e-17
r1761,0.0,-2.6858682580764967e-32
r1762,0.0,6.740397402425253e-17
r1763,0.0,6.740397402425253e-17
r1764,0.0,6.740397402425191e-17
r1765,0.0,6.740397402425247e-17
r1766,0.0,3.3701987012126265e-17
r1767,0.0,1.0110596103637876e-16
r1768,0.0,1.011059610363788e-16
r1769,0.0,1.0110596103637883e-16
r1770,0.0,3.3701987012126265e-17
r1771,0.0,6.740397402425274e-17
r1772,0.0,2.7676524187884235e-15
r1773,0.0,3.370198701212629e-17
r1774,0.0,3.370198701212626e-17
r1775,0.0,3.3701987012126265e-17
r1776,0.0,6.740397402425247e-17
r1777,0.0,1.5407439555097887e-32
r1778,0.0,-4.2231470540492344e-32
r1779,0.0,-7.498617841867804e-31
r1780,0.0,-4.0493768382702076e-32
r1781,0.0,9.84487725034693e-16
r1782,0.0,3.3701987012126234e-17
r1783,0.0,-3.3701987012126265e-17
r1784,0.0,3.3701987012126265e-17
r1785,0.0,-3.3701987012126265e-17
r1786,0.0,2.121072220511301e-31
r1787,0.0,2.700248444764171e-15
r1788,0.0,-3.3701987012126247e-17
r1789,0.0,-3.3701987012126247e-17
r1790,0.0,-3.3701987012126265e-17
r1791,0.0,-5.104150873410352e-32
r1792,0.0,-1.5111392084877581e-32
r1796,0.0,1.6573249786877628e-15
r1797,0.0,3.370198701212626e-17
r1798,0.0,-3.3701987012126296e-17
r1799,0.0,3.3701987012126265e-17
r1800,0.0,-3.3701987012126296e-17
r1801,0.0,1.2806326812053725e-31
r1803,0.0,-3.3701987012126265e-17
r1805,0.0,-3.3701987012126185e-17
r1806,0.0,-9.035465146840505e-32
r1807,0.0,6.740397402425252e-17
r1808,0.0,6.740397402425249e-17
r1809,0.0,6.740397402425202e-17
r1810,0.0,6.740397402425247e-17
r1811,0.0,3.3701987012126265e-17
r1812,0.0,1.0110596103637876e-16
r1813,0.0,3.3701987012126265e-17
r1814,0.0,1.011059610363788e-16
r1815,0.0,1.0110596103637883e-16
r1816,0.0,6.740397402425259e-17
r1817,0.0,2.7676524187884235e-15
r1818,0.0,3.370198701212629e-17
r1819,0.0,3.370198701212626e-17
r1820,0.0,3.3701987012126265e-17
r1821,0.0,6.740397402425247e-17
r1822,0.0,3.370198701212611e-17
r1823,0.0,3.370198701212605e-17
r1824,0.0,3.370198701212544e-17
r1825,0.0,3.370198701212589e-17
r1826,0.0,3.3701987012126265e-17
r1827,0.0,6.740397402425211e-17
r1828,0.0,-2.1201790171981383e-31
r1829,0.0,6.740397402425232e-17
r1830,0.0,6.74039740242524e-17
r1831,0.0,-7.19153612302838e-32
r1832,0.0,2.733950431776297e-15
r1833,0.0,-2.5051107698565504e-31
r1834,0.0,-1.256235194025444e-31
r1835,0.0,-5.854827030937197e-32
r1836,0.0,3.370198701212607e-17
r1837,0.0,-2.6665464577520444e-15
r1841,0.0,-2.7002484447641708e-15
r1842,0.0,-2.6328444707399184e-15
r1843,0.0,-2.7002484447641708e-15
r1844,0.0,-2.6328444707399184e-15
r1846,0.0,-2.7002484447641708e-15
r1847,0.0,-2.6665464577520444e-15
r1848,0.0,-2.7002484447641708e-15
r1850,0.0,-2.7002484447641708e-15
r1851,0.0,-2.6665464577520444e-15
r1852,0.0,6.740397402425253e-17
r1853,0.0,6.74039740242525e-17
r1854,0.0,6.740397402425221e-17
r1855,0.0,6.740397402425243e-17
r1856,0.0,9.385561802446539e-16
r1857,0.0,1.0110596103637874e-16
r1858,0.0,3.370198701212624e-17
r1859,0.0,1.0110596103637878e-16
r1860,0.0,1.0110596103637879e-16
r1861,0.0,3.370198701212624e-17
r1862,0.0,6.740397402425278e-17
r1863,0.0,2.7676524187884235e-15
r1864,0.0,3.3701987012126234e-17
r1865,0.0,3.370198701212624e-17
r1866,0.0,6.740397402425247e-17
r1867,0.0,6.740397402425252e-17
r1871,0.0,9.453761812947421e-16
r1872,0.0,1.0110596103637876e-16
r1873,0.0,3.370198701212626e-17
r1874,0.0,1.0110596103637878e-16
r1876,0.0,3.370198701212626e-17
r1877,0.0,6.740397402425265e-17
r1879,0.0,3.3701987012126284e-17
r1880,0.0,3.370198701212626e-17
r1881,0.0,6.740397402425247e-17
r1882,0.0,6.740397402425254e-17
r1883,0.0,6.740397402425249e-17
r1884,0.0,6.740397402425182e-17
r1885,0.0,6.740397402425242e-17
r1886,0.0,-8.140801984027568e-16
r1887,0.0,1.0110596103637876e-16
r1888,0.0,3.3701987012126265e-17
r1889,0.0,1.011059610363788e-16
r1890,0.0,1.0110596103637872e-16
r1891,0.0,3.3701987012126265e-17
r1892,0.0,6.740397402425259e-17
r1893,0.0,2.7676524187884235e-15
r1894,0.0,3.370198701212629e-17
r1895,0.0,3.370198701212626e-17
r1896,0.0,6.740397402425247e-17
r1897,0.0,3.3701987012126314e-17
r1898,0.0,3.3701987012126314e-17
r1899,0.0,3.370198701212546e-17
r1900,0.0,3.370198701212624e-17
r1901,0.0,9.504585075614086e-16
r1902,0.0,6.740397402425254e-17
r1903,0.0,5.009700821538309e-32
r1904,0.0,6.740397402425258e-17
r1905,0.0,6.740397402425262e-17
r1906,0.0,5.009700821538309e-32
r1907,0.0,3.3701987012126456e-17
r1908,0.0,2.7339504317762975e-15
r1909,0.0,5.596253342277105e-32
r1910,0.0,5.675573506184089e-32
r1911,0.0,5.009700821538309e-32
r1912,0.0,-1.2031486107971466e-32
r1913,0.0,3.8401413322905214e-33
r1914,0.0,1.4389288004631981e-15
r1915,0.0,4.331787924616232e-31
r1916,0.0,-2.0921881197388287e-31
r1917,0.0,3.2560871890632284e-32
r1918,0.0,3.8401413322905214e-33
r1919,0.0,1.438928800463198e-15
r1920,0.0,4.485042943297124e-31
r1921,0.0,-3.4441578681687033e-31
r1922,0.0,6.452416659164474e-31
r1923,0.0,7.124404787490049e-31
r1924,0.0,1.4389288004631983e-15
r1925,0.0,7.803217364757239e-31
r1926,0.0,5.538528152112565e-31
r1928,0.0,6.455418463118888e-32
r1929,0.0,1.4389288004631981e-15
r1930,0.0,4.978081009060256e-31
r1931,0.0,-1.3784202991300024e-31
r1932,0.0,-1.5729070279165423e-15
r1933,0.0,3.3701987012126265e-17
r1934,0.0,6.433997273756549e-16
r1935,0.0,-1.0706168050261592e-15
r1936,0.0,-1.1326907922751706e-15
r1937,0.0,-3.3701987012126e-17
r1938,0.0,-3.370198701212612e-17
r1939,0.0,1.4052268134510718e-15
r1940,0.0,-3.3701987012125686e-17
r1941,0.0,-3.3701987012126314e-17
r1942,0.0,3.370198701212626e-17
r1943,0.0,3.3701987012126265e-17
r1944,0.0,1.4726307874753243e-15
r1945,0.0,3.37019870121267e-17
r1946,0.0,3.370198701212607e-17
r1947,0.0,-3.370198701212604e-17
r1948,0.0,-3.370198701212593e-17
r1949,0.0,1.4052268134510716e-15
r1950,0.0,-3.370198701212595e-17
r1951,0.0,-3.3701987012126764e-17
r1952,0.0,-3.3701987012126296e-17
r1953,0.0,-3.3701987012126296e-17
r1954,0.0,1.4052268134510716e-15
r1955,0.0,-3.37019870121261e-17
r1956,0.0,-3.370198701212668e-17
r1957,0.0,3.370198701212626e-17
r1958,0.0,3.370198701212626e-17
r1959,0.0,1.4726307874753243e-15
r1960,0.0,3.37019870121267e-17
r1961,0.0,3.370198701212607e-17
r1962,0.0,-1.0592765068288845e-31
r1963,0.0,4.415605039519947e-32
r1964,0.0,1.4389288004631975e-15
r1965,0.0,9.269045039161306e-32
r1966,0.0,-3.703290490289145e-31
r1967,0.0,-2.7002484447641708e-15
r1968,0.0,-2.7002484447641708e-15
r1969,0.0,-1.2613196443009728e-15
r1970,0.0,-2.7002484447641704e-15
r1971,0.0,-2.7002484447641708e-15
r1972,0.0,3.3701987012126265e-17
r1973,0.0,3.370198701212647e-17
r1974,0.0,1.4726307874753243e-15
r1975,0.0,3.3701987012126666e-17
r1976,0.0,3.3701987012125865e-17
r1977,0.0,3.370198701212626e-17
r1978,0.0,3.370198701212647e-17
r1979,0.0,1.4726307874753243e-15
r1980,0.0,3.3701987012126666e-17
r1981,0.0,3.3701987012125865e-17
r1982,0.0,3.3701987012126456e-17
r1983,0.0,3.3701987012126265e-17
r1984,0.0,1.4726307874753243e-15
r1985,0.0,3.3701987012126653e-17
r1986,0.0,3.3701987012125877e-17
r1987,0.0,1.5774295313167692e-31
r1988,0.0,-1.4442549943876128e-31
r1989,0.0,1.438928800463198e-15
r1990,0.0,4.599114057021152e-31
r1991,0.0,-3.4164072574401423e-31
r2073,0.0,3.3701987012126265e-17
r2079,0.0,0.0
r2080,0.0,-0.0
r2081,0.0,-1.6318733867255295e-31
r2082,0.0,-1.6318733867255295e-31
r2083,0.0,0.0
r2084,0.0,3.370198701212616e-17
r2085,0.0,-1.914401041040836e-32
r2086,0.0,-3.079484458874947e-32
r2087,0.0,1.696502892133398e-31
r2088,0.0,-5.609564766869008e-32
r2089,0.0,-5.609564766869008e-32
r2090,0.0,-3.350201821821462e-32
r2091,0.0,4.30740234234188e-32
r2092,0.0,3.3701987012126265e-17
r2093,0.0,0.0
r2094,0.0,-2.5851472642032733e-31
r2095,0.0,0.0
r2096,0.0,0.0
r2097,10.0,0.0
r2098,0.0,-8.211958556999859e-32
r2099,0.0,-3.370198701212632e-17
r2100,0.0,-3.370198701212632e-17
r2101,0.0,0.0
r2102,0.0,3.263746773451059e-31
r2103,0.0,3.263746773451059e-31
r2104,0.0,1.5117810222149162e-31
r2105,0.0,0.0
r2106,0.0,0.0
r2107,0.0,-3.370198701212608e-17
r2108,0.0,-3.370198701212608e-17
r2109,0.0,0.0
r2110,0.0,2.2438259067476032e-31
r2111,0.0,2.447810080088294e-31
r2112,0.0,1.615717040127046e-31
r2113,0.0,1.2925736321016366e-31
r2114,0.0,-3.37019870121261e-17
r2115,0.0,-3.37019870121261e-17
r2116,0.0,0.0
r2117,0.0,0.0
r2118,0.0,-9.689248233682832e-32
r2119,0.0,-3.370198701212632e-17
r2120,0.0,-3.370198701212632e-17
r2121,0.0,-8.159366933627647e-32
r2122,0.0,-8.159366933627647e-32
r2123,0.0,-3.370198701212632e-17
r2124,0.0,-3.370198701212632e-17
r2125,0.0,0.0
r2126,0.0,-3.370198701212616e-17
r2127,0.0,-7.657604164163343e-32
r2128,0.0,-3.370198701212632e-17
r2129,0.0,-3.370198701212632e-17
r2130,0.0,-3.370198701212623e-17
r2131,0.0,-3.370198701212623e-17
r2132,0.0,0.0
r2133,0.0,3.3701987012126265e-17
r2150,0.0,-4.318703328405904e-31
r2310,0.0,-8.35737634719638e-33
r2313,0.0,6.135307212502167e-31
r2314,0.0,-8.35737634719638e-33
r2315,0.0,-8.35737634719638e-33
r2316,0.0,-8.35737634719638e-33
r2317,0.0,-8.35737634719638e-33
r2318,0.0,-8.35737634719638e-33
r2319,0.0,-8.35737634719638e-33
r2320,0.0,-8.35737634719638e-33
r2321,0.0,-8.35737634719638e-33
r2322,0.0,-8.35737634719638e-33
r2323,0.0,-8.35737634719638e-33
r2324,0.0,-8.35737634719638e-33
r2325,0.0,-8.35737634719638e-33
r2326,0.0,2.12626009147105e-31
r2327,0.0,-8.35737634719638e-33
r2328,11.191684863264996,1.2934187633296869e-31
r2329,0.0,-8.35737634719638e-33
r2330,0.0,-8.35737634719638e-33
r2331,0.0,-8.35737634719638e-33
r2332,0.0,-8.35737634719638e-33
r2333,0.0,-8.35737634719638e-33
r2334,0.0,-8.35737634719638e-33
r2335,0.0,2.12626009147105e-31
r2338,0.0,-3.1761321527779413e-31
r2342,0.0,0.0
r2344,0.0,0.0
r2346,0.0,-3.370198701212628e-17
r2353,0.0,0.0
r2354,0.0,-3.370198701212628e-17
r2355,0.0,-3.370198701212628e-17
r2356,0.0,-3.370198701212628e-17
r2357,0.0,-3.370198701212628e-17
r2358,0.0,-3.370198701212628e-17
r2359,0.0,-3.370198701212628e-17
r2360,0.0,-3.370198701212628e-17
r2362,0.0,-3.370198701212628e-17
r2364,0.0,-3.370198701212628e-17
r2365,0.0,-3.370198701212628e-17
r2366,0.0,-3.370198701212628e-17
r2367,0.0,-3.370198701212628e-17
r2368,0.0,-3.370198701212628e-17
r2371,0.0,2.1561150727034989e-16
r2372,0.0,-0.0
r2373,0.0,2.1561150727035e-16
r2374,0.0,2.1561150727034989e-16
r2375,0.0,-2.156115072703501e-16
r2376,0.0,0.0
r2377,162.25893768890484,1.7288999340466006e-31
r2378,0.0,-2.156115072703501e-16
r2379,-162.25893768890484,-7.657604164163343e-32
r2380,0.0,-7.99663526484277e-32
r2381,0.0,-1.6174246778911993e-16
r2382,0.0,5.386903948123001e-17
r2384,0.0,-1.6174246778911988e-16
r2385,0.0,5.386903948122993e-17
r2386,0.0,2.694805467515801e-16
r2387,0.0,5.3869039481230106e-17
r2388,0.0,5.38690394812301e-17
r2389,0.0,5.386903948122993e-17
r2390,0.0,2.6948054675157984e-16
r2391,0.0,5.386903948122998e-17
r2392,0.0,5.3869039481230014e-17
r2393,0.0,-2.1561150727035e-16
r2394,0.0,-2.1561150727034986e-16
r2419,0.0,1.7288999340466006e-31
r2420,0.0,-4.997897040526731e-33
r2425,0.0,2.156115072703499e-16
r2433,0.0,1.2128993217366146e-16
r2434,0.0,1.9721522630525295e-31
r2435,0.0,4.3122301454069943e-16
r2437,38.281681857149415,0.0
r2443,0.0,0.0
r2447,0.0,3.3701987012126216e-17
r2465,0.0,0.0
r2471,0.0,6.105492151862682e-32
r2472,0.0,-4.312230145406998e-16
r2473,0.0,3.0814879110195774e-33
r2497,0.0,-7.087422195345028e-32
r2499,0.0,-4.697008998844354e-16
r2501,0.0,-4.697008998844353e-16
r2503,0.0,-4.697008998844353e-16
r2505,0.0,-4.3599891287230826e-16
r2509,0.0,-0.0
r2510,0.0,-0.0
r2514,0.0,0.0
r2516,-33.19949744121961,-0.0
r2518,0.0,-1.224273500657945e-15
r2519,0.0,-0.0
r2520,0.0,0.0
r2525,0.0,-3.370198701212594e-17
r2526,0.0,-3.3701987012126216e-17
r2532,0.0,-2.733950431776297e-15
r2534,38.3132635471458,0.0
r2535,0.0,0.0
r2537,0.0,-0.0
r2538,0.0,-9.556167141705986e-32
r2539,-27.80443543151727,-0.0
RE0344C,0.0,-5.503010907396156e-32
RE0383C,0.0,3.960858659416553e-33
RE0452M,-1.0177870514487329e-14,4.800877359342975e-32
RE0453M,0.0,4.8780256973635835e-32
RE0453N,0.0,1.2179915605963489e-30
RE0456M,0.0,-1.4885879518191914e-31
RE0565C,0.0,2.2186712959340957e-31
RE0566C,0.0,-2.257689435867435e-31
RE0567C,0.0,-1.7229735168462004e-31
RE0568C,0.0,-2.847209991218011e-31
RE0577C,0.0,-5.503010907396156e-32
RE0830N,0.0,-3.3701987012126314e-17
RE0908C,0.0,6.061037598054583e-32
RE0912C,0.0,-4.1013763368152023e-14
RE1100C,0.0,2.032414532127809e-32
RE1135C,0.0,6.061037598054583e-32
RE1233C,0.0,2.269181163436163e-31
RE1254C,33.19949744121961,2.632301431431149e-32
RE1441R,0.0,-4.697008998844352e-16
RE1447M,0.0,0.0
RE1448N,0.0,-3.088768037381099e-33
RE1448R,0.0,-0.0
RE1518M,0.0,6.766308871905416e-33
RE1519M,-120.36388141296757,-0.0
RE1521M,0.0,-0.0
RE1526M,0.0,-2.0956012769033226e-32
RE1530M,0.0,2.2662765613346214e-32
RE1533M,0.0,0.0
RE1573M,0.0,-0.0
RE1709N,0.0,-3.3701987012126314e-17
RE1796M,0.0,-4.1589811665460216e-32
RE1796R,0.0,-4.7834622938870794e-32
RE1804M,0.0,2.366613196731498e-32
RE1807M,0.0,1.4131757917473673e-32
RE1834C,0.0,-4.0059342843254506e-32
RE1835C,0.0,-1.8267507350150256e-31
RE1836X,0.0,-6.063650675274115e-17
RE1957R,0.0,-4.697008998844352e-16
RE2349C,0.0,2.269181163436163e-31
RE2426C,0.0,-1.9804293297082764e-33
RE2625M,0.0,-2.0956012769033226e-32
RE2626C,0.0,-1.7823863967374486e-31
RE2626M,0.0,2.502692875848639e-32
RE2649C,0.0,-2.060364362407444e-32
RE2649M,0.0,0.0
RE2660N,0.0,0.0
RE2666G,0.0,1.0128676842625277e-14
RE2759X,0.0,0.0
RE2814M,0.0,-7.099839590194494e-32
RE2814R,0.0,8.13758808781862e-32
RE2954C,0.0,-2.041266137973684e-31
RE2972M,0.0,-6.699212530172914e-16
RE2973C,0.0,-1.6771363187364065e-32
RE2973N,0.0,2.648846953025342e-32
RE2973R,0.0,-0.0
RE2974C,0.0,-1.6771363187364065e-32
RE2974N,0.0,-7.946540859076026e-32
RE2974R,0.0,-1.685099350606309e-17
RE2998M,0.0,2.1027950131473303e-32
RE2999M,0.0,0.0
RE3000M,0.0,-3.6381904051644726e-16
RE3001M,0.0,5.916532991828745e-33
RE3003M,0.0,0.0
RE3004M,0.0,-0.0
RE3005M,0.0,-2.0956012769033226e-32
RE3006M,0.0,0.0
RE3011R,-0.0020605009997664092,1.9133849175548315e-33
RE3012R,-0.0020605009997664092,-3.2739811093963e-32
RE3014R,0.002060500999766409,-9.244463733058732e-33
RE3015R,0.0020605009997664092,-9.244463733058732e-33
RE3016R,-0.0020605009997664092,-0.0
RE3074X,0.0,-0.0
RE3079X,0.0,0.0
RE3218C,0.0,-6.061037598054583e-32
RE3241C,0.0,2.2186712959340957e-31
RE3241R,0.0,2.465190328815662e-31
RE3242C,0.0,-2.257689435867435e-31
RE3242R,0.0,-2.9657466222099893e-31
RE3243C,0.0,-1.7229735168462004e-31
RE3243R,0.0,-2.1279170941942774e-31
RE3244C,0.0,-1.3446504062152808e-31
RE3244R,0.0,1.298763508311457e-31
RE3268R,0.0,-0.0
RE3269C,0.0,-2.3959090267662952e-33
RE3272N,0.0,-5.250905663547869e-32
RE3273C,-0.00500404499943271,-6.217274328650902e-33
RE3301C,0.0,-3.3047572926971125e-15
RE3326M,0.0,4.8717423877719e-31
RE3346C,0.0,4.15890159238738e-32
RE3346M,0.0,-5.386903948122997e-17
RE3624M,0.0,-6.74039740242524e-17
RE3626M,120.36388141296757,8.067242821056035e-33
CITt4_4,0.0,1.0110596103637879e-16
HCO3_NAt,253.95416912408095,0.0
INSTt4_2,0.0,-5.306298450579866e-33
PIt8,58.84576156222755,5.62817942610704e-33
CYOOm3,40.99258725257809,1.232595164407831e-32
biomass_reaction,0.10099999998855003,5.24759476618356e-16
ADPACDAc,0.0,4.697008998844352e-16
ADPACTD,0.0,0.0
ADPCOACROT,0.0,-0.0
ADPCOAPTE,0.0,-4.930380657631324e-32
C10DCCACT,0.0,-0.0
C10DCc,0.0,3.145866003379038e-32
C12DCACOT,0.0,-4.930380657631324e-32
C12DCACT,0.0,4.697008998844352e-16
C12DCTD,0.0,0.0
C16txc,0.0,-4.697008998844362e-16
C2tcx,0.0,-3.3626908686400546e-32
C30CPT1,0.0,-5.6110563321947e-32
C40CPT1,0.0,-0.0
C4CRNCPT2,0.0,-2.7065235487621664e-32
C4DCCACT,0.0,-4.697008998844351e-16
C4tcx,0.0,0.0
C4tmc,0.0,0.0
C4x,0.0,0.0
C60CPT1,0.0,-6.6455246760141e-32
C6COAt,0.0,0.0
C6CRNtcx,0.0,0.0
C6DCCACT,0.0,-0.0
C6DCc,0.0,0.0
C8DCc,0.0,-3.145866003379038e-32
C9BRxtc,0.0,3.32276233800705e-32
DCSPTN1COAtxc,0.0,-4.697008998844353e-16
FAOXC101C8m,0.0,-1.9721522630525295e-31
FAOXC101m,0.0,0.0
FAOXC10C8m,0.0,-4.312230145407002e-16
FAOXC10C8x,0.0,-4.296692909232427e-31
FAOXC10DCC8DCx,0.0,2.465190328815662e-32
FAOXC121C101m,0.0,-4.930380657631324e-32
FAOXC121C10x,0.0,-2.2186712959340957e-31
FAOXC12C10m,0.0,-4.312230145407e-16
FAOXC12C10x,0.0,-2.2186712959340957e-31
FAOXC12DCC10DCx,0.0,-2.465190328815662e-32
FAOXC12DCTc,0.0,-1.5729330016895193e-32
FAOXC12DCc,0.0,0.0
FAOXC12DCx,0.0,-0.0
FAOXC141C121m,0.0,5.423418723394456e-31
FAOXC14C12m,0.0,8.62446029081402e-16
FAOXC14C12x,0.0,-2.465190328815662e-32
FAOXC14DCC12DCx,0.0,-2.465190328815662e-32
FAOXC161C141m,0.0,2.4753298113480446e-31
FAOXC16BRx,1.3711993692816111,-4.930380657631324e-32
FAOXC16C14m,0.0,-2.465190328815662e-31
FAOXC16C14x,0.0,-1.8788035995377447e-15
FAOXC16DCC14DCx,0.0,7.395570986446986e-32
FAOXC16DCr,0.0,0.0
FAOXC16OHC16r,0.0,-4.930380657631324e-32
FAOXC181C161m,0.0,-2.465190328815662e-31
FAOXC4C2m,5.274115722433841,0.0
FAOXC4C4DCc,0.0,-3.145866003379038e-32
FAOXC6C4m,0.0,-8.6244602908139925e-16
FAOXC6C4x,0.0,2.465190328815662e-32
FAOXC6DCC4DCx,0.0,2.465190328815662e-32
FAOXC8C6m,0.0,-4.930380657631324e-32
FAOXC8C6x,0.0,-8.970422885544026e-16
FAOXC8DCC6DCx,0.0,-2.465190328815662e-32
FAOXOHC16C16DCc,0.0,-1.4791141972893971e-31
FAOXTC101TC102m,0.0,-4.3140830754274083e-32
FAOXTC102C101m,0.0,4.930380657631324e-32
FAOXTC122TC101m,0.0,0.0
FAOXTC122m,0.0,0.0
FAOXTC142TC122m,0.0,5.423418723394456e-31
FAOXTC162TC142m,0.0,1.4791141972893971e-31
FAOXTC182TC162m,0.0,-7.893042095919358e-17
HEXCOAACBP,0.0,-1.253216508006641e-15
HEXDIACTD,0.0,0.0
HEXDICOAACBPx,0.0,-3.865582139392449e-15
LGNCCOAtcx,0.0,-4.697008998844353e-16
NRVNCCOAtxc,0.0,-4.697008998844353e-16
OCD11COACPT1,0.0,2.831279403041134e-31
OCD11CRNCACT,0.0,0.0
OCD11CRNCPT2,0.0,8.119570646286499e-32
OCT11EFATP,0.0,3.522925935815067e-16
OMHPALTD,0.0,0.0
PRISTCOAtcx,63.656596143876016,2.7733391199176196e-32
SBCOAACOTx,0.0,4.930380657631324e-32
SCP21cx,0.0,-4.697008998844353e-16
SEBACACT,0.0,1.232595164407831e-31
SEBACIDTD,0.0,-0.0
SEBCOACROT,0.0,-0.0
SEBCOAPET,0.0,4.69700899884435e-16
STCOATxc,0.0,-9.3940179976887e-16
SUBEACTD,0.0,0.0
SUBERCACT,0.0,-0.0
SUBERCROT,0.0,-0.0
SUBERICACT,0.0,4.697008998844352e-16
SUCCACT,0.0,1.232595164407831e-31
SUCCCROT,0.0,-0.0
SUCCOAPET,0.0,4.930380657631324e-32
34DHPHELAT1tc,0.0,0.0
4OHPROIMINOtc,0.0,3.37019870121262e-17
ALAyLATthc,0.0,3.8401413322905214e-33
ASCBSVCTtc,0.0,-4.022969258601828e-16
ASNPHELAT2tc,0.0,-2.733950431776297e-15
BALABETAtc,0.0,3.370198701212626e-17
BALAPAT1tc,0.0,3.3701987012126265e-17
CBLTDe,0.0,0.0
CBLtle,0.0,0.0
CYSPHELAT2tc,0.0,-6.740397402425257e-17
CYSTALArBATtc,0.0,6.74039740242523e-17
CYSTLEUrBATtc,0.0,3.3701987012126074e-17
FOLTle,0.109578607276752,1.5407439555097887e-32
GLNyLATthc,0.0,2.888123952451501e-31
HISCAT1,-5.12950131850611,-0.0
HISyLATtc,0.0,3.370198701212582e-17
HISyLATthc,0.0,3.370198701212583e-17
ILELAT1tc,0.0,-3.370198701212621e-17
ILEPHELAT2tc,0.0,-3.370198701212621e-17
LEUPHELAT2tc,0.0,0.0
LEUyLAThtc,0.0,3.3701987012126265e-17
LINOFATPtc,0.0,1.6833750440703811e-31
METyLATthc,0.0,3.3701987012126265e-17
NACDe,0.0,0.0
NACHORCTL3le,0.0,3.3701987012126265e-17
OCDEAFABP1tc,0.0,0.0
OLEICFATPtc,0.0,-7.395570986446986e-32
ORNALArBATtc,0.0,-1.405226813451072e-15
ORNLEUrBATtc,0.0,-1.4389288004631981e-15
PALFATPtc,0.0,-7.395570986446986e-32
PEHSFABPe,0.019037592859708786,0.0
PHEyLATthc,0.0,3.370198701212627e-17
PMTCOAFABP1tc,0.0,-0.0
PROIMINOtc,0.0,-1.6811023091304365e-31
RIBFLVte,0.0,-4.697008998844353e-16
TAGHSTDe,0.0,-6.162975822039155e-33
TAUBETAtc,0.0,-3.370198701212626e-17
TAUPAT1c,0.0,-3.3701987012126247e-17
THMATPe,0.0,-4.697008998844354e-16
THRPHELAT2tc,0.0,0.0
TYRPHELAT2tc,0.0,-6.740397402425253e-17
VALLAT1tc,0.0,-2.465190328815662e-32
VALPHELAT2tc,0.0,-2.465190328815662e-32
VITEtl,0.0,-4.697008998844353e-16
3AIB_Dtm,0.0,-1.4844768864322816e-32
3HCO3_NAt,0.0,-6.740397402425253e-17
4HPROLTASCT1,0.0,4.0059342843254506e-32
ASPDTDe,0.0,0.0
ASPPROASCT1,0.0,4.0059342843254506e-32
ASPte,0.0,6.740397402425262e-17
BTNt3ile,0.0,-4.022969258601828e-16
CHOLESACATc,0.0,-6.740397402425215e-17
CHOLESTle,0.0008830429998998931,-1.9721522630525295e-31
CHSTEROLtrc,0.0020605009997664097,2.074292501960779e-31
DPMVDc,0.012363005998598454,1.8180778675015506e-31
DSREDUCr,0.0,4.924071200300932e-31
DTMPKm,0.0,-6.853124071547856e-16
FADDPle,0.0,0.0
FADH2ETC,0.0,-6.162975822039155e-33
FE2DMT1,0.0,-1.685099350606316e-17
FE3MTP1,0.0,0.0
FERO,0.0,-6.162975822039155e-33
FMNALKPle,0.0,0.0
FRDPtcr,0.004121001999532818,0.0
G6PDH2c,0.0,-6.868947585465065e-32
GLU5SAtmc,0.041660883995277065,0.0
GLUPROASCT1,0.0,1.0110596103637912e-16
GLYC3Ptmc,0.0,1.914401041040836e-32
GNDc,0.0,5.809001979168728e-32
GSNt5le,0.0,6.740397402425237e-17
HMGCOARc,0.0,-1.8488927466117464e-32
IPDDI,0.004121001999532817,0.0
LACLt,0.0,2.0791593020160285e-16
MEVK1c,0.012363005998598454,-3.389636702121535e-32
MTHFR3,0.0,-1.268165796075759e-32
NODe,-23.238176708713944,-0.0
P5CR,0.04166088399527707,3.2047474274603605e-31
PGLc,0.0,-1.232595164407831e-32
PHEMEe,0.0,0.0
PMEVKc,0.012363005998598454,-7.395570986446986e-32
PNTOt5le,0.0,-4.022969258601828e-16
PRO_Dtde,0.0,0.0
RPEc,0.0,6.241781747325723e-31
RTOTAL2FATPc,0.0,1.232595164407831e-31
RTOTAL3FATPc,0.0,-1.1903369783072488e-31
RTOTALFATPc,0.0008830429998998934,-7.395570986446986e-32
q10h2tc,0.0,0.0
q10tm,0.0,0.0
4MOPte,-21.054121578466095,-0.0
5OXPROt,13.3853111311814,8.011868568650901e-32
EX_4mop_LPAREN_e_RPAREN_,21.0541215784661,-2.0791593020160199e-16
EX_5oxpro_LPAREN_e_RPAREN_,-13.3853111311814,2.9206527690343078e-15
EX_mal_L_LPAREN_e_RPAREN_,1.10080380710025,7.056148089693193e-16
MAL_Lte,-1.1008038071002497,-0.0
PNTOte,0.0491669729025361,0.0
IsoLeu_Leu_MSfix,21.10922152245985,0.0
XANt,-0.055215333172219494,-0.0
EX_xan_LPAREN_e_RPAREN_,0.0552153331722195,1.501846004704169e-15
EX_h2o2_LPAREN_e_RPAREN_,-246.15788551393635,0.0
H2O2t,246.15788551393635,0.0
EX_o2s_LPAREN_e_RPAREN_,-404.0119859818019,0.0
O2St,-404.01198598180184,-0.0
EX_hco3_LPAREN_e_RPAREN_,268.3747111363122,0.0
EX_h2o_LPAREN_e_RPAREN_,0.0,0.0
EX_fol_LPAREN_e_RPAREN_,-0.109578607276752,-2.3591390908488403e-16
EX_5mthf_LPAREN_e_RPAREN_,0.10957860727673926,0.0
EX_ncam_LPAREN_e_RPAREN_,0.0,0.0
NCAMUP,0.0,0.0
NCAMDe,0.0,0.0
sink_ncam_LSQBKT_c_RSQBKT_,0.0,0.0
EX_pnto_R_LPAREN_e_RPAREN_,-0.0491669729025361,-0.0
DM_pnto_R,0.0491669729025361,0.0
