,minimum,maximum
10FTHF7GLUtl,0.0,1666.6666666666665
10FTHF7GLUtm,0.0,1666.666666666684
10FTHFtl,-1666.6666666666674,0.0
10FTHFtm,-10000.0,2474.417676921934
13DAMPPOX,7.750113108318772e-36,492.165977008534
1PPDCRp,0.0,117.56706197829728
25HVITD3t,0.0,10000.0
25HVITD3tin,0.0,10000.0
2AMADPTm,0.0,10000.0
2DR1PP,0.0,10000.0
2HBt2,-10000.0,10000.0
2HCO3_NAt,-10000.0,10000.0
2OXOADOXm,0.0,117.6745710164927
2OXOADPTm,-9938.996067127382,117.67457101646716
34DHPHEt,-10000.0,0.0
34DHPLACOX,0.0,10000.0
34DHPLACOX_NADP_,-10000.0,-8.778891261333627e-13
34DHXMANDACOX,0.0,10000.0
34DHXMANDACOX_NADP_,-10000.0,0.0
34HPPOR,0.0,3.2085619378434114
35CGMPtn,0.0,9999.999999999998
3DSPHR,0.0008830429999915913,0.0017660859998002588
3HAO,1.4877141569243902e-17,0.10750903819540944
3HBCOAHLm,0.0,4.790966235575782
3HKYNAKGAT,0.0,10000.0
3MOBt2im,0.0,10000.0
3MOPt2im,0.0,10000.0
3MOX4HOXPGALDOX,0.0,10000.0
3MOX4HOXPGALDOX_NADP_,-10000.000000000004,1.6953536138171028e-11
3SALAASPm,-59.60566938573881,8.269301738015084e-15
3SALATAi,0.0,59.60566938573655
3SALATAim,0.0,59.60566938573668
3SPYRSP,0.0,59.605669385736554
3SPYRSPm,-2.4424591958343905e-13,59.60566938573668
4ABUTtm,0.0,1137.3932937900067
4HGLSDm,0.0,10000.0
4MOPt2im,0.0,9978.945878421539
5ADTSTSTERONESULT,0.0,5186.474559947379
5HOXINDACTO2OX,0.0,10000.0
5MTHFt,-10000.0,9999.96480907048
5MTHFt2,-10000.0,9999.964809070483
7DHFtl,0.0,1666.666666666667
7DHFtm,0.0,1666.6666666666679
7THFtl,0.0,1666.666666666667
7THFtm,0.0,1666.666666666665
A_MANASEly,0.0,357.6879108365312
AACOAT,0.0,10000.0
AACTOOR,1.7982948293087375e-12,2869.1467405352555
AACTtm,0.0,2869.146740535316
AATAi,-9938.996067127264,117.56706197829806
ABTArm,1.232356326362067e-13,1137.393293789968
ABUTD,0.0,1137.3932937899558
ABUTt2r,-10000.0,10000.0
ABUTt4_2_r,-9999.999999999998,10000.0
ACACT10m,0.0,0.09003374787216628
ACACT1r,-10000.0,1484.225198165847
ACACT1rm,0.0,7394.207636568216
ACACT1x,0.0,6790.9839230303505
ACACt2,-10000.0,10000.0
ACACt2m,-10000.000000000098,1559.8366692573659
ACACT4p,0.0,2304.8347443982934
ACACT5p,0.0,2304.834744398287
ACACT6p,0.0,2304.8347443982907
ACACT7p,0.0,2304.8347443982925
ACACtx,-6790.983923030337,0.0
ACALDtm,-2628.822456561802,0.0
ACCOAC,0.006181300999974175,9781.075184741652
ACCOACm,0.0,9779.630995436983
ACCOAL,0.0,10000.0
ACCOALm,0.0,5252.516094888911
ACCOAtr,-9999.999999999995,10000.000000000002
ACETONEt2m,-1763.5307734174644,0.0
ACGAM2E,-10000.000000000004,0.0
ACGAM6PSi,0.0,10000.0
ACGAMK,-1.457601785869039e-13,10000.000000000002
ACGAMPM,0.0,10000.0
ACGAMtly,0.0,2300.8067692706663
ACHEe,0.0,10000.0
ACITL,0.0,10000.0
ACNAM9PL,0.0,5186.474559947364
ACNAMlt,-576.2749674588435,0.0
ACNAMPH,0.0,5186.474559947361
ACNAMtn,0.0,10000.0
ACNMLr,-1.3624019205382104e-13,5186.47455994735
ACOAD10m,0.0,10000.0
ACOAD1fm,0.0,2593.2372799736813
ACOAD8m,0.0,10000.0
ACOAD9m,0.0,4.7909662355753495
ACOAO7p,0.0,2304.8347443982925
ACONT,-10000.0,10000.0
ACONTm,-10000.0,10000.0
ACOX22x,0.0,0.0017660859997434214
ACP1_FMN_,0.0,10000.0
ACRNtm,0.0,10000.0
ACS,0.0,10000.0
ACS2,0.0,10000.0
ACSm,0.0,2628.8224565618925
ACTLMO,0.0,6980.144833817239
ACTNMO,3.6124203494238136e-12,1763.5307734173277
ACYP,0.0,9999.95037960901
ADA,0.0,3765.6662210322247
ADAe,0.0,3765.6662210322243
ADCim,0.0,1763.5307734173473
ADK1,-10000.0,10000.0
ADK1m,-10000.0,10000.0
ADK3,-10000.0,10000.0
ADK3m,-10000.0,10000.0
ADKd,-10000.0,10000.0
ADMDC,0.0,492.165977008554
ADNCYC,0.0,10000.0
ADNK1,0.0,10000.0
ADNt,-3765.666221032207,3457.649706631561
ADNtm,-5252.516094888921,0.0
ADPRDP,0.0,5186.474559947421
ADPT,0.0,10000.0
ADRNCOAtx,0.0,4296.512346300883
ADRNt,-10000.0,10000.0
ADSK,0.0,10000.0
ADSL1,0.0033739555023095573,5648.4570632447385
ADSL2,0.0,0.007951615902991097
ADSS,0.0033739555065844984,5648.457063244744
AG13T10g,3.296486607750157e-21,78.20123437326797
AG13T11g,3.296486597456811e-21,78.20123437326934
AG13T12g,3.296486597456811e-21,78.20123437326934
AG13T13g,3.296486597456811e-21,78.20123437326934
AG13T14g,3.296486597456811e-21,78.20123437326934
AG13T15g,3.296486597456811e-21,78.20123437326934
AG13T16g,0.0,340.09669486839925
AG13T17g,0.0,340.09669486839397
AG13T18g,0.0,340.0966948683939
AG13T1g,2.1620792072041126e-36,363.9631295960006
AG13T2g,0.0,363.9631295959988
AG13T3g,0.0,363.9631295959988
AG13T4g,3.296486597456804e-21,78.20123437326946
AG13T5g,3.2964865974568098e-21,78.20123437326887
AG13T6g,3.2964865974568098e-21,78.20123437326887
AG13T7g,3.2964865974568098e-21,78.20123437326887
AG13T8g,3.2964865974568086e-21,78.20123437326885
AG13T9g,3.2964865974568086e-21,78.20123437326885
AGDC,0.0,10000.000000000002
AGMTm,0.0,929.7647025657076
AGPAT1,0.0,5186.474559947313
AGTix,0.0,1066.2665314121505
AHC,0.0881752836639111,5186.5627352311
AHCYStr,-0.9555396468425568,-1.4275868466113728e-17
AHEXASE2ly,0.0,357.68791083652246
AHEXASEly,2.8919778326160936e-36,288.13748372942337
AICART,0.0,0.007951615890998501
AIRCr,0.0,0.007951615896053537
AKGDm,0.0,1181.4654722634941
AKGMALtm,-10000.0,10000.0
AKGt4_3,-10000.0,10000.0
ALAASNNaEx,0.0,10000.0
ALACYSNaEx,0.0,10000.0
ALADGLNexR,-10000.0,10000.0
ALADGLYexR,-10000.0,10000.0
ALAGLNexR,-10000.0,10000.0
ALAGLNNaEx,0.0,10000.0
ALAGLYexR,-10000.0,10000.0
ALAR,3.514061420349853e-14,9999.999999999995
ALASERNaEx,0.0,10000.0
ALASm,0.0,10000.0
ALAt2r,-10000.0,10000.0
ALAt4,0.0,10000.0
ALATA_L,-10000.0,9989.120579152
ALATHRNaEx,0.0,10000.0
ALAtN1,-10000.0,10000.0
ALCD1,-6980.144833816952,0.0
ALCD21_D,0.0,10000.0
ALCD21_L,-6.155172453889919e-12,10000.0
ALCD22_D,0.0,10000.0
ALCD22_L,0.0,10000.0
ALDD2x,0.0,2944.281151349375
ALDD2xm,0.0,2628.8224565618266
ALDD2y,0.0,2944.2811513492097
ALR2,0.0,10000.0
ALR3,0.0,10000.0
AMACR2p,0.0,0.037088748662959324
AMANK,0.0,5186.474559947335
AMCOXO,0.0,0.1075090381951505
AMETr,-1.9140701688349635e-17,0.9555396468425569
AMETt2m,-4.048970312597043e-17,2673.5990823525585
AMPDA,0.0,5648.453689289213
AMPTASECG,0.0,5186.474559947386
AMPTASECGe,0.0,5186.474559947364
AOBUTDsm,2.4782035895332052e-12,2869.1467405353196
APAT2rm,0.0,1109.9009138659826
APOCF,0.0,10000.0
APOCFm,0.0,5252.516094888964
APOC_LYS_BTNP,0.0,10000.0
APOC_LYS_BTNPm,0.0,5252.516094888961
ARACHCOAtx,0.0,4329.183714320097
ARACHCPT1,0.0,772.8433947803403
ARACHCPT2,0.0,772.843394780329
ARACHCRNt,0.0,772.8433947803289
ARACHDCOAtx,-10000.0,0.0
ARACHDt2,-10000.0,10000.0
ARACHt,-10000.0,10000.0
ARGDCm,0.0,929.7647025658501
ARGLYSex,0.0,10000.0
ARGN,0.0,929.7647025658443
ARGNm,0.0,929.7647025658233
ARGSL,0.0,851.3566446975609
ARGSS,0.0,851.3566446975595
ARGtiDF,0.0,10000.0
ARGtm,0.0,929.7647025658936
ARSA,0.0,1886.9346614834694
R_group_phosphotase_1,0.00044152149999579564,5186.4750014688325
R_group_phosphotase_3,0.0,10000.0
ASCBt4,-10000.0,0.0
ASNALANaEx,0.0,10000.0
ASNCYSNaEx,0.0,10000.0
ASNGLNNaEx,0.0,10000.0
ASNNm,0.0,5310.214507563813
ASNS1,0.014110962499566095,5310.228618526307
ASNSERNaEx,0.0,10000.0
ASNt4,0.0,10000.0
ASNTHRNaEx,0.0,10000.0
ASNtm,0.0,5310.214507563854
ASNtN1,-10000.0,10000.0
Asn_X_Ser_Thrtr,-357.6879108365403,0.0
ASPCTr,0.005808257500443435,1124.0006703428987
ASPDt6,0.0,10000.0
ASPGLUm,0.0,10000.0
ASPt6,0.0,10000.0
ASPTA,-7305.819897730982,9999.958900171003
ASPTAm,-10000.0,5310.21450756376
ATP1ter,0.0,9999.998969749504
ATP2ter,-0.004121001999827596,6021.384912797526
ATPasel,0.0,2201.4237717306733
ATPH1e,0.0,3333.312436197657
ATPS4m,0.0,10000.0
ATPtm,0.0,10000.0
ATPtn,0.0,10000.0
AVITE1t,0.0,10000.0
B_MANNASEly,0.0,357.68791083652843
BAAT3x,0.0,0.03708874866247198
BACCL,0.0,10000.0
BACCLm,0.0,5252.516094888925
BALAtmr,0.0,1109.9009138659712
BAMPPALDOX,0.0,492.1659770085517
BDMT_L,0.0,357.68791083652604
BDMT_U,0.0,357.68791083654645
BETALDHxm,0.0,891.1714280677697
BHMT,0.0,891.1714280677478
BILDGLCURte,0.0,10000.0
BILDGLCURtr,0.0,9999.998969749522
BILGLCURte,0.0,10000.0
BIOCYTtn,0.0,10000.0
BPNT,0.0,5186.474559947328
BPNT2,0.0,9999.99999999999
BTND1,0.0,10000.0
BTND1n,0.0,10000.0
BTNDm,0.0,5252.516094888898
BTNPL,0.0,9999.999999999995
BTNPLm,0.0,5252.516094888927
BTNt2,-10000.0,3.637978807091713e-12
BTNt3i,0.0,10000.000000000005
BTNt4i,0.0,10000.00000000004
BTNtn,-10000.0,0.0
BUP2,0.0,1118.0856002757387
BUTt2r,-10000.0,10000.0
C14STRr,0.0,10000.0
C160CPT1,0.0,10000.0
C160CPT2,0.0,993.6557932889915
C160CRNt,0.0,993.6557932889908
C161CPT1,0.0,993.6557932889921
C161CPT12,0.0,993.655793288994
C161CPT2,0.0,993.6557932889972
C161CPT22,0.0,993.6557932889941
C161CRN2t,0.0,993.6557932889976
C161CRNt,0.0,993.6557932889972
C180CPT1,0.0,869.44881912787
C180CPT2,0.0,869.4488191278703
C180CRNt,0.0,869.4488191278703
C181CPT1,0.0,869.4488191278706
C181CPT2,0.0,869.4488191278729
C181CRNt,0.0,869.4488191278725
C3STDH1Pr,0.0,0.0020605009997669596
C3STDH1r,0.0,0.0020605009997669605
C3STKR2r,0.0010302504999901891,0.0020605009997669605
C4STMO1r,0.001030250499990189,0.00206050099976696
C4STMO2Pr,0.0,0.0020605009997669605
C4STMO2r,0.0,0.0020605009997669605
CAATPS,0.0,10000.0
CAt7r,-10000.0,10000.0
CATm,0.0,8335.529244060077
CATp,0.0,5125.598817014702
CBPS,0.005808257499944693,1124.0006703429547
CBPSam,0.0,851.3566446975664
CDIPTr,-0.0026492299998891683,10000.0
CDPDAGtm,-891.1714280678399,1.9128665889392512e-12
CDS,0.0,10000.0
CDSm,-5.360456892216061e-13,891.1714280677309
CEPTC,0.0,9999.999999999982
CEPTE,0.0,9999.999999999998
CERT1gt,-9999.999116957277,0.0
CERT1rt,0.0,4999.999484874756
CERT2rt,-4999.999484874745,2.408521888698583e-12
CGLYt3_2_,0.0,10000.0
CH25H,0.0,10000.0
CHAT,0.0,10000.0
CHLP,0.0,10000.0
CHLPCTD,0.0,10000.0
CHOLATEt,0.0,10000.0
CHOLATEt3,0.0,10000.0
CHOLD2m,0.0,891.1714280678037
CHOLK,0.0,10000.0
CHOLPtg,-9999.999116957004,0.0
CHOLtg,0.0,10000.0
CHOLtr,0.0,0.3185132156143995
CHOLtu,-0.30114636661615,9999.979291663276
CHSTEROLSULT,0.0,5186.474559947417
CHSTEROLt,0.0,10000.0
CHSTEROLt1,-10000.000000000002,10000.0
CHSTEROLt2,-10000.0,10000.0
CITL,0.0,10000.0
CITRtm,-10000.0,10000.0
CITtam,-10000.0,10000.0
CITtbm,0.0,10000.0
CK,0.0,9999.999999999996
CKc,-10000.0,0.0
CLHCO3tex2,0.0,10000.0
CLOHtex2,0.0,10000.0
CLOXAtex2,0.0,10000.0
CLPNDCOAtx,0.0,2361.7507956186028
CLS_hs,0.0005887289999943937,0.0011774579998668306
CMPACNAtg,-7.438570784621951e-18,576.274967458838
CMPACNAtn,0.0,9999.999999999998
CMPSAS,0.0,10000.0
CMPSASn,0.0,10000.0
CO2ter,-1306.9790179078616,869.4467586268759
COAtl,0.0,9999.999999999998
COAtm,-6811.121250951111,6159.271273673515
COAtp,-10000.0,10000.0
CORE2GTg,0.0,363.9631295959937
CORE3GTg,0.0,340.09669486838385
CORE4GTg,0.0,340.09669486838845
CORE6GTg,0.0,1666.6666666666674
CREATt4_2_r,-10000.0,10000.000000000011
CREATtmdiffir,0.0,10000.0
CRNCAR3tp,0.0,9999.98996999675
CRNCARtp,0.0,10000.0
CRNt,-10000.0,10000.000000000002
CRNtHa,0.0,10000.0
CRNtim,-2.5948115321481952e-14,10000.0
CRNtuNa,0.0,10000.0
CRVNCtr,-10000.0,10000.0
CSm,0.0,10000.0
CSNAT2m,0.0,9999.98996999675
CSNAT2x,-9230.108668019491,9999.999999999998
CSNAT3x,0.0,9999.989969996797
CSNATer,-10000.0,10000.0
CSNATm,0.0,10000.0
CSNATp,-10000.000000000013,9219.338977593068
CSNATr,-10000.0,10000.0
CTPS1,0.0,10000.0
CTPS2,0.0,5215.325320902114
CTPtn,0.0,10000.000000000002
CYOR_u10m,0.0,10000.0
CYSALANaEx,0.0,10000.0
CYSASNNaEx,0.0,10000.0
CYSGLNNaEx,0.0,10000.0
CYSGLUexR,-10000.0,10000.0
CYSGLYexR,-10000.0,10000.0
CYSO,34.337470970290035,59.605669385737635
CYSSERNaEx,0.0,10000.0
CYSt4,0.0,10000.0
CYSTA,0.0,59.605669385737954
CYStec,-10000.0,10000.0
CYSTGL,0.0,0.007727408998325675
CYSTGLUex,0.0,29.800146906119103
CYSTHRNaEx,0.0,10000.0
CYSTS,0.0,0.007727408998325672
CYSTSERex,0.0,29.80014690611929
CYTD,0.0,10000.0
CYTDK1,0.0,10000.0
CYTDK2m,0.0,891.171428067709
CYTDt,-10000.0,0.0
CYTDt4,0.0,10000.0
CYTDtm,0.0,891.1714280677751
CYTK1,-10000.0,10000.0
CYTK10,-10000.0,10000.0
CYTK10n,-10000.0,10000.0
CYTK11,-10000.0,10000.0
CYTK11n,-10000.0,10000.0
CYTK12,-10000.0,10000.0
CYTK12n,-10000.0,10000.0
CYTK13,-10000.0,10000.0
CYTK13n,-10000.0,10000.0
CYTK14,-10000.0,10000.0
CYTK14n,-10000.0,10000.0
CYTK1m,0.0,891.1714280677947
CYTK1n,-10000.0,10000.0
CYTK2,-10000.0,10000.0
CYTK2n,-10000.0,10000.0
CYTK3,-10000.0,10000.0
CYTK3n,-10000.0,10000.0
CYTK4,-10000.0,10000.0
CYTK4n,-10000.0,10000.0
CYTK5,-10000.0,10000.0
CYTK5n,-10000.0,10000.0
CYTK6,-10000.0,10000.0
CYTK6n,-10000.0,10000.0
CYTK7,-10000.0,10000.0
CYTK7n,-10000.0,10000.0
CYTK8,-10000.0,10000.0
CYTK8n,-10000.0,10000.0
CYTK9,-10000.0,10000.0
CYTK9n,-10000.0,10000.0
DADA,0.0,3765.6662210322
DADAe,0.0,3765.6662210322115
DADNt4,-3765.6662210322243,0.0
DAGK_hs,-10000.0,10000.0
DAGKn_hs,0.0,9471.05854070906
DAGt,0.01383467700217828,10000.0
DALAOXx,9.234343172407657e-12,9999.999999999998
DALAt2r,-10000.0,10000.0
DALAxt,0.0,10000.0
DASCBR,0.0,9999.999999999998
DATPtn,0.0006657415004553708,0.001331483000311121
DCK1n,-10000.0,10000.0
DCK2n,-10000.0,10000.0
DCMPDA,-10000.0,3457.650367727087
DCSPTN1COAtx,-10000.0,0.0
DCTPtn,0.0004768209977832316,6000.0009536419975
DCYTD,0.0,10000.0
DCYTDn,0.0,6000.000000000014
DCYTt,-10000.0,0.0
DESAT16_2,0.0,993.6557932889847
DESAT18_3,0.0,869.448819127873
DESAT18_4,0.0,869.448819127868
DESAT18_5,0.0,869.4488191278682
DESAT18_6,0.0,869.4488191278704
DESAT18_7,0.0,869.4488191278687
DESAT18_8,0.0,869.4488191278665
DESAT22_2p,0.0,2361.7507956185655
DGAT,0.0,10000.0
DGCHOLtx,-2.792725172028043e-19,0.03708874866247199
DGK1,-10000.0,5186.474559947374
DGK2m,-4.926540163234616e-13,5252.51609488898
DGNSKm,0.0,5252.516094889004
DGSNt,-10000.0,0.0
DGSNtm,0.0,5252.516094889004
DGTPtn,0.0004998489999952402,0.0009996979998869353
DGULND,0.0,1585.7217233131153
DHAAt1r,0.0,9999.999999999998
DHCHOLESTANATEtm,-9400.885463720402,0.0
DHCR241r,0.0,0.0017660859998002586
DHCR242r,0.0,0.0017660859998002583
DHCR243r,0.0,0.0017660859998002583
DHCR71r,0.0,0.00206050099976696
DHCR72r,0.0,0.00206050099976696
DHCRD1,0.0,0.001766085999800258
DHCRD2,0.0,0.0017660859998002583
DHEASULT,0.0,5186.4745599473345
DHFR,-10000.0,1025.4604782530123
DHFtl,-1666.6666666666665,0.0
DHORD9,0.005808257490917486,1124.0006703428733
DHORTS,-1124.000670343052,-0.005808257497027584
DHPM1,0.0,1109.9009138659899
DHPM2,1.6956736400844616e-14,1118.0856002757405
DHPR,0.0,3.216625323343335
DIDPtn,-10000.0,10000.0
DIGALSIDEtg,-4999.999999999999,0.0
DIGALSIDEtl,-6.118326776680684e-12,4999.9999999999945
DINt,0.0,3765.666221032153
DITPtn,-10000.0,9999.999999999996
DKMPPD,0.0,492.1659770085322
D_LACt2,-100.00000000000001,0.0
DLNLCGt,0.0,10000.0
DMATT,0.0,0.004121001999533922
DMATTx,0.0,0.00412100199953392
DMGDHm,0.0,891.1714280677904
DMGtm,0.0,891.1714280677191
DMNONCOACRNCPT1,-10000.0,9230.108668019458
DNADtn,-6915.300449674733,0.0
DNDPt10m,0.0,10000.0
DNDPt11m,0.0,10000.0
DNDPt12m,0.0,9999.997696493134
DNDPt13m,0.0,9999.997696492997
DNDPt14m,0.0,10000.0
DNDPt15m,0.0,10000.0
DNDPt16m,0.0,10000.0
DNDPt17m,0.0,10000.0
DNDPt18m,0.0,9999.997696492996
DNDPt19m,0.0,9999.997696493
DNDPt1m,0.0,4999.998848246534
DNDPt20m,0.0,9999.997696493001
DNDPt21m,0.0,9999.99769649299
DNDPt22m,0.0,10000.0
DNDPt23m,0.0,10000.0
DNDPt24m,0.0,10000.0
DNDPt25m,0.0,10000.0
DNDPt26m,0.0,10000.0
DNDPt27m,0.0,10000.0
DNDPt28m,0.0,10000.0
DNDPt29m,0.0,10000.0
DNDPt2m,0.0,4999.998848246499
DNDPt30m,0.0,9999.997696492992
DNDPt31m,0.0,9999.997696492994
DNDPt32m,0.0,9999.997696493
DNDPt33m,0.0,10000.0
DNDPt34m,0.0,10000.0
DNDPt35m,0.0,10000.0
DNDPt36m,0.0,10000.0
DNDPt37m,0.0,10000.0
DNDPt38m,0.0,10000.0
DNDPt39m,0.0,10000.0
DNDPt3m,0.0,5252.516094889119
DNDPt40m,0.0,10000.0
DNDPt41m,0.0,10000.0
DNDPt42m,0.0,9999.99769649298
DNDPt43m,0.0,9999.997696492992
DNDPt44m,0.0,4999.99884824649
DNDPt45m,0.0,4999.9988482465
DNDPt46m,0.0,5252.516094888944
DNDPt47m,0.0,5252.516094888936
DNDPt48m,0.0,5252.516094888963
DNDPt49m,0.0,5252.516094888953
DNDPt4m,0.0,5252.516094888922
DNDPt50m,0.0,5252.516094888887
DNDPt57m,0.0,9999.997696493
DNDPt58m,0.0,9999.99769649303
DNDPt59m,0.0,10000.000000000004
DNDPt5m,0.0,5252.51609488898
DNDPt60m,0.0,10000.0
DNDPt61m,0.0,9999.999999999998
DNDPt62m,0.0,10000.0
DNDPt63m,0.0,10000.0
DNDPt6m,0.0,5252.5160948889425
DNDPt7m,0.0,5252.516094888936
DNDPt8m,0.0,10000.0
DNDPt9m,0.0,10000.0
DOLASNT_Ler,0.0,357.68791083652474
DOLASNT_Uer,0.0,357.68791083652553
DOLDPP_Ler,0.0,357.68791083652474
DOLDPP_Uer,0.0,357.6879108365256
DOLGLCP_Lter,0.0,1073.0637325095743
DOLGLCP_Uter,0.0,1073.0637325095768
DOLICHOL_Lter,0.0,2861.503286692197
DOLICHOL_Uter,0.0,2861.503286692204
DOLK_L,0.0,2861.503286692197
DOLK_U,0.0,2861.503286692204
DOLMANP_Lter,0.0,1430.751643346099
DOLMANP_Uter,0.0,1430.7516433461026
DOLP_Lter,0.0,357.68791083652474
DOLP_Uter,0.0,357.6879108365256
DOLPGT1_Ler,0.0,357.68791083652474
DOLPGT1_Uer,0.0,357.6879108365256
DOLPGT2_Ler,0.0,357.68791083652474
DOLPGT2_Uer,0.0,357.6879108365256
DOLPGT3_Ler,0.0,2861.5032866921974
DOLPGT3_Uer,0.0,2861.5032866922047
DOLPH_Ler,0.0,357.68791083652474
DOLPH_Uer,0.0,357.6879108365256
DOLPMT_L,0.0,357.68791083652474
DOLPMT_U,0.0,357.6879108365256
DOLPMT1_Ler,0.0,357.68791083652474
DOLPMT1_Uer,0.0,357.6879108365256
DOLPMT2_Ler,0.0,357.68791083652474
DOLPMT2_Uer,0.0,357.6879108365256
DOLPMT3_Ler,0.0,1430.751643346099
DOLPMT3_Uer,0.0,1430.7516433461026
DOPAtu,0.0,10000.0
DOPAVESSEC,0.0,10000.0
DPCOAK,0.0,10000.0
DPCOAtl,0.0,10000.0
DPGase,0.0,9999.950379608988
DPGM,0.0,9999.950379608998
DPMVDx,0.0,0.012363005998601753
DRBK,0.0,10000.0
DRPA,0.0,2944.281151349191
DSAT,0.0008830429999915913,0.001766085999800258
DTDPtn,-9999.9993389045,10000.0
DTMPK,0.0,5252.516755984442
DTTPtn,-9999.999338904501,10000.0
DUDPtn,0.0,9471.058966183242
DUMPtn,-9471.0589661838,0.0
DURAD,-1109.9009138661918,0.0
DURAD2,-1118.0856002757873,10000.0
DURIK1,0.0,10000.0
DURIK1m,0.0,10000.0
DURIPP,-9999.999999999998,4149.180269804809
DURIt,-10000.0,0.0
DURItn,-6000.000000000008,0.0
DUTPDPm,0.0,5252.5160948888615
DUTPDPn,0.0,9471.058966183185
EBP1r,0.0,10000.0
EBP2r,0.0,10000.0
ECOAH12m,0.0,4.7909662355753495
ECOAH1m,-2710.911850990175,-61.003932872739675
ECOAH9m,0.0,0.09003374787416495
ELAIDCPT1,0.0,869.4488191278612
ELAIDCPT2,0.0,869.4488191278583
ELAIDCRNt,0.0,869.4488191278581
ELAIDt,0.0,10000.0
ENGASE2ly,0.0,357.6879108365244
ENGASE3ly,0.0,78.20123437326704
ENGASEly,0.0,288.1374837294232
ENO,-5648.5033096802235,-0.049620391026965666
ESTRADIOLGLCt,0.0,10000.000000000002
ESTRADIOLGLCt2,0.0,10000.0
ESTRADIOLtr,0.0,10000.0
ESTRONESt,-10000.0,10000.0
ESTRONEtr,-9999.999999999993,0.0
ESTSULT,0.0,5186.474559947378
ETF,0.0,10000.0
ETFQO,0.0,10000.0
ETHAK,0.0,10000.0
ETHP,0.0,10000.0
EX_ala_L_LPAREN_e_RPAREN_,10.9613957731962,13.9960025744489
EX_arg_L_LPAREN_e_RPAREN_,-78.426200498296,-28.726297442687
EX_chol_LPAREN_e_RPAREN_,0.0207083367213864,0.30114636661615
EX_co2_LPAREN_e_RPAREN_,0.0,10000.0
EX_dag_hs_LPAREN_e_RPAREN_,-0.027669353995032838,-0.013834676999868262
EX_glc_LPAREN_e_RPAREN_,0.0,0.0
EX_gln_L_LPAREN_e_RPAREN_,-115.433207367763,-45.9892716803789
EX_glu_L_LPAREN_e_RPAREN_,22.8523840390694,28.3627721839107
EX_h_LPAREN_e_RPAREN_,-10000.0,10000.0
EX_his_L_LPAREN_e_RPAREN_,-10.4420368251491,-5.12950131850611
EX_hxan_LPAREN_e_RPAREN_,-0.0666107591731559,-0.058659143274278
EX_ile_L_LPAREN_e_RPAREN_,-21.1861522373376,-21.09611848946529
EX_lac_D_LPAREN_e_RPAREN_,0.0,100.0
EX_lac_L_LPAREN_e_RPAREN_,195.328554837271,654.358242209892
EX_Lcystin_LPAREN_e_RPAREN_,-29.8001469061191,-17.1710873206457
EX_lys_L_LPAREN_e_RPAREN_,-117.596963735297,-61.0637363867301
EX_met_L_LPAREN_e_RPAREN_,-0.0154548179982521,-0.007727408999926434
EX_nh4_LPAREN_e_RPAREN_,0.0,851.3566446975304
EX_no_LPAREN_e_RPAREN_,-851.3566446975806,851.3566446975574
EX_o2_LPAREN_e_RPAREN_,-9086.291471605406,0.0
EX_phe_L_LPAREN_e_RPAREN_,-3.22972835634321,-0.021166418499798834
EX_pi_LPAREN_e_RPAREN_,-0.125382813987212,-0.06269140702489977
EX_pyr_LPAREN_e_RPAREN_,-10.0,100.0
EX_so4_LPAREN_e_RPAREN_,34.337470970290475,59.60566938573654
EX_succ_LPAREN_e_RPAREN_,0.0,1.38355990022543
EX_thr_L_LPAREN_e_RPAREN_,-93.0359906964226,-38.3132635471458
EX_trp_L_LPAREN_e_RPAREN_,-0.108180991195403,-0.0006719529999935636
EX_urea_LPAREN_e_RPAREN_,28.69001218269111,929.7647025658562
EX_val_L_LPAREN_e_RPAREN_,-4.80877288907518,-2.46006350801509
F1Atg,0.0,1666.6666666666615
F1PGT,-4.144812217066467e-14,288.13748372941956
F6Tg,0.0,288.1374837294197
FACOAL160i,0.0,1158.3456567715734
FACOAL161,-993.6557932889928,0.0
FACOAL180i,0.0,10000.0
FACOAL1812,-869.4488191278743,0.0
FACOAL181i,0.0,869.4488191278679
FACOAL1821,-10000.0,0.0
FACOAL1831,-9999.999999999998,0.0
FACOAL191,0.0,5186.4758845454735
FACOAL200,0.0,10000.0
FACOAL204,-10000.0,0.0
FADDP,0.0,10000.0
FADH2tru,0.0,0.0017660859998002596
FADH2tx,0.0,0.0017660860004025786
FADtru,0.0,0.001766085999800258
FADtx,-0.001766085999800258,0.0
FAEL183,0.0,434.72440956393314
FAEL204,0.0,4296.512346300775
FAEL205,0.0,2361.750795618505
FALDH,-10000.0,10000.0
FALDtm,0.0,891.1714280677579
FAOXC140,0.0,1098.251139950986
FAOXC160,0.0,948.4896208667624
FAOXC16080m,0.0,993.6557932889853
FAOXC16080x,0.0,2304.8347443982834
FAOXC161802m,0.0,993.6557932889928
FAOXC16180m,0.0,993.6557932889806
FAOXC180,0.0,869.4488191278643
FAOXC180x,0.0,5144.46316966041
FAOXC1811601m,0.0,869.4488191278572
FAOXC1811602m,0.0,869.4488191278646
FAOXC1811603m,0.0,869.4488191278599
FAOXC18280m,0.0,869.4488191278718
FAOXC200180m,0.0,772.8433947803267
FAOXC200180x,0.0,4329.183714320049
FAOXC2242046x,0.0,4296.512346300802
FAOXC226205x,0.0,2361.7507956184977
FAOXC80,0.0,2086.6771659068636
FAS100COA,0.0,2304.8356274412736
FAS120COA,0.0,2304.8356274412904
FAS140COA,0.0,2304.8356274412904
FAS160COA,0.0,2304.8356274412904
FAS180COA,0.0,5144.463169660485
FAS80COA_L,0.0,2608.34734042659
FATP1t,-10000.0,10000.0
FATP2t,-10000.0,10000.0
FATP3t,-9999.999999999998,10000.0
FATP4t,-10000.0,9999.999999999995
FATP5t,-10000.0,10000.0
FATP6t,-10000.0,10000.0
FATP7t,-10000.0,10000.0
FATP8t,-10000.0,0.0
FATP9t,-10000.0,10000.0
FBA,0.0,9999.976960284
FBA2,0.0,9999.977254648504
FBA4,-1.3961362602681451e-19,1066.2665314122476
FBP26,0.0,10000.0
FDH,0.0,528.7254043640443
FE3R2e,0.0,10000.0
FK,0.0,288.1374837294227
FKYNH,-1.1954374364519934e-18,0.10750903819540945
FMNAT,0.0,10000.0
FOLR2,0.0,10000.0
FOLt2,-10000.0,0.109578607276752
FORt2m,-891.2799673564539,0.0
FORtr,-0.002060500999653401,-0.0010302504999901844
FPGS,0.0,1666.6666666666672
FPGS2,0.0,1666.6666666666667
FPGS2m,0.0,1666.666666666663
FPGS3,0.0,1666.6666666666626
FPGS3m,0.0,1666.6666666666474
FPGS4,0.0,1666.6666666666658
FPGS4m,0.0,1666.6666666666677
FPGS5,0.0,1666.6666666666654
FPGS5m,0.0,1666.6666666666617
FPGS6,0.0,1666.6666666666679
FPGS6m,0.0,1666.6666666666572
FPGS7,0.0,1666.6666666666663
FPGS7m,0.0,1666.6666666666679
FPGS8,0.0,1666.6666666666658
FPGS8m,0.0,1666.6666666666495
FPGS9,0.0,1666.6666666666783
FPGS9m,0.0,1666.6666666666645
FPGSm,0.0,1666.6666666666679
FRDPtr,-2.935056683158366e-19,0.004121001999533885
FRUt1r,-10000.0,10000.0
FRUt4,-9999.999999999995,10000.0
FTCD,5.116734312508146,10.435653322149161
FTHFDH,0.0,1247.6399992948798
FTHFL,0.0,891.279967356444
FTHFLm,0.0,891.279967356472
FUCASE2ly,0.0,78.2012343732679
FUCASEly,0.0,288.1374837294235
FUCtly,0.0,288.1374837294232
FUM,-10000.0,10000.0
FUMAC,0.0,3.2085619378434123
FUMm,-10000.0,10000.0
FUMSO3tm,-10000.0,10000.0
FUMSO4tm,-10000.0,10000.0
FUMtm,-10000.0,10000.0
FUMTSULtm,-10000.0,10000.0
G12MT1_L,0.0,357.68791083639024
G12MT1_U,0.0,357.6879108365264
G12MT2_L,0.0,357.687910836528
G12MT2_U,0.0,357.6879108365264
G13MT_L,0.0,357.687910836528
G13MT_U,0.0,357.6879108365264
G14T10g,0.0,78.20123437326862
G14T11g,0.0,78.20123437326896
G14T12g,0.0,78.20123437326896
G14T13g,0.0,78.20123437326896
G14T14g,0.0,78.20123437326896
G14T15g,0.0,78.20123437326896
G14T16g,0.0,78.20123437326896
G14T17g,0.0,78.20123437326896
G14T18g,0.0,340.09669486839226
G14T19g,0.0,340.09669486838965
G14T20g,0.0,340.0966948683896
G14T21g,0.0,340.0966948683896
G14T2g,0.0,363.96312959599595
G14T3g,0.0,363.96312959599425
G14T4g,0.0,363.96312959599425
G14T5g,0.0,363.9631295959942
G14T6g,0.0,78.20123437326819
G14T7g,0.0,78.20123437326878
G14T8g,0.0,78.20123437326878
G14T9g,0.0,78.20123437326878
G14Tg,0.0,288.13748372942575
G16MT_L,0.0,357.6879108365238
G16MT_U,0.0,357.6879108365272
G3PD2m,0.0,9999.97696028398
G5SADrm,-9999.979169557997,10000.0
G5SADs,0.0,10000.0
G5SDym,0.0,10000.000000000104
G6PDA,0.0,10000.0
G6PDH1rer,-10000.0,10000.0
G6PDH2r,-10000.0,1871.1516335096248
G6PDH2rer,-10000.0,10000.0
G6PPer,0.0,10000.0
G6Pter,-10000.0,10000.0
GAL3ST11,0.0,1886.9346614835404
GALASE10ly,2.7805914123164945e-29,78.201234373268
GALASE11ly,0.0,78.20123437326816
GALASE12ly,0.0,78.20123437326816
GALASE13ly,0.0,78.20123437326816
GALASE14ly,0.0,78.20123437326816
GALASE15ly,0.0,78.20123437326818
GALASE16ly,0.0,363.96312959599567
GALASE17ly,0.0,363.9631295959948
GALASE18ly,0.0,363.963129595995
GALASE19ly,0.0,1666.6666666666633
GALASE1ly,0.0,288.1374837294259
GALASE20ly,0.0,340.09669486838993
GALASE3ly,0.0,78.20123437326735
GALASE4ly,0.0,78.20123437326814
GALASE5ly,0.0,78.20123437326814
GALASE6ly,0.0,78.20123437326814
GALASE7ly,0.0,78.20123437326814
GALASE8ly,0.0,78.20123437326814
GALASE9ly,0.0,78.20123437326814
GALK,0.0,5000.000000000008
GALNTg,0.0,1666.6666666666679
GALSIDEtg,0.0,5053.278456212261
GALSIDEtl,-5053.278456212281,-8.41284598351659e-11
GALT,-10000.000000000002,10000.0
GALt1r,-10000.0,10000.0
GALt4,-9999.999999999998,10000.0
GALtly,-1.5813334159193681e-13,5000.0
GALU,-10000.000000000002,10000.0
GAPD,-5252.565715279906,-0.04962039090811749
GARFT,0.0,0.007951615870041992
GASNASE2ly,4.752880254959351e-29,357.6879108365315
GASNASE3ly,0.0,78.2012343732678
GASNASEly,0.0,288.1374837294227
GBA,0.0,4999.999484874751
GCALDD,-9.813077866773596e-18,1066.2665314122728
GCC2am,0.0,9999.999999999998
GCC2bim,0.0,10000.0
GCC2cm,0.0,10000.0
GCCam,0.0,10000.0
GCCbim,0.0,10000.0
GCCcm,0.0,10000.0
GCHOLAt3,0.0,10000.0
GCHOLAte,0.0,10000.0
GDPFUCtg,0.0,288.1374837294234
GDPtg,-288.1374837294216,8.598392772407477e-14
GF6PTA,0.0,10000.0
GGH_10FTHF5GLUl,0.0,1666.666666666666
GGH_10FTHF6GLUl,0.0,1666.6666666666667
GGH_10FTHF7GLUl,0.0,1666.666666666667
GGH_5DHFl,0.0,1666.6666666666667
GGH_5THFl,0.0,1666.6666666666667
GGH_6DHFl,0.0,1666.6666666666667
GGH_6THFl,0.0,1666.6666666666667
GGH_7DHFl,0.0,1666.666666666667
GGH_7THFl,0.0,1666.666666666667
GGLUCT,0.0,9986.614688868787
GGNG,0.0,1249.9999999999998
GGT6,-10000.0,10000.0
GHMT2r,-10000.0,1438.443617564721
GHMT2rm,1.5248206296899007e-12,10000.0
GK1,-5186.472236189887,10000.0
GLAl,0.0,4999.999999999996
GLBRAN,-6.787067708989273e-21,1250.0000000000007
GLCAASE8ly,0.0,792.8608616565701
GLCAASE9ly,0.0,792.8608616565523
GLCNACPT_L,0.0,357.6879108365251
GLCNACPT_U,0.0,357.6879108365245
GLCNACT_L,0.0,357.68791083652474
GLCNACT_U,0.0,357.6879108365254
GLCt1r,-10000.0,10000.0
GLCt4,-10000.0,10000.0
GLCter,-10000.0,-5.234782889846951e-13
GLCtg,0.0,4999.999999999988
GLCURtly,-1585.721723312899,0.0
GLDBRAN,0.0,1250.0000000000005
GLGNS1,0.0,1250.0000000000005
GLNALANaEx,0.0,10000.0
GLNASNNaEx,0.0,10000.0
GLNCYSNaEx,0.0,10000.0
GLNS,0.0,10000.0
GLNSERNaEx,0.0,10000.0
GLNt4,0.0,10000.0
GLNTHRNaEx,0.0,10000.0
GLNtm,0.0,9964.604700269536
GLNtN1,-10000.0,10000.0
GLPASE1,0.0,1249.9999999999998
GLPASE2,0.0,1250.0000000000005
GLU5Km,0.0,10000.000000000007
GLUCYS,0.0,5186.474559947383
GLUDxm,-10000.0,10000.0
GLUDym,-10000.0,10000.0
GluForTx,5.116734312507553,10.435653322149161
GLUNm,0.0,9964.604700269623
GLUPRT,0.0,0.007951615897588242
GLUt2m,-9858.609150775283,10000.0
GLUt6,0.0,10000.0
GLUt7l,0.0,10000.0
GLUTCOADHm,0.0,10000.0
GLUVESSEC,0.0,10000.0
GLXtp,-5125.603173532895,0.0
GLYATm,0.0,2869.146740535287
GLYBtm,0.0,891.1714280677714
GLYCLTDy,0.0,5125.603173532917
GLYCLTtp,0.0,5125.603173532953
GLYCtm,0.0,9921.736155621778
GLYCTO1p,0.0,5125.603173532977
GLYK,0.0,10000.0
GLYKm,0.0,9921.736155621857
GLYOX,0.0,2869.1467405352973
GLYt2r,-10000.0,10000.0
GLYt4,0.0,10000.0
GLYt7_211_r,-10000.0,10000.0
GLYtm,-10000.0,1438.4164035692374
GLYtp,-1066.2621749545715,0.037088748662491317
GMPR,0.0,10000.0
GMPS2,0.0,5215.32376628475
GMPtg,0.0,288.1374837294231
GMPtn,-9999.999999999973,0.0
GND,0.0,1871.151633509389
GNDer,0.0,1871.1516335094766
GNMT,0.0,5186.474559947339
GPAM_hs,0.0,5186.474559947395
GPDDA1,0.0004415214999957956,5186.475001468883
GRTT,2.578681875242338e-19,0.004121001999533917
GRTTx,0.0,0.004121001999533923
GSNt,-9999.999999999998,0.0
GTHO,0.0,10000.0
GTHOm,0.0,10000.0
GTHP,0.0,6980.144833817137
GTHPm,0.0,8198.482822233593
GTHS,0.0,5186.474559947369
GTMLTe,0.0,9986.614688868818
GUACYC,0.0,10000.0
GUAPRT,0.0,10000.0
GULN3D,0.0,1585.7217233131212
H2CO3D,0.012679199599600219,10000.0
H2O2syn,0.0,10000.0
H2O2tn,-4581.788450175781,0.0
H2Ot,-10000.0,10000.0
H2Oter,-5950.8721892050535,10000.0
H2Otg,0.0,10000.0
H2Otly,0.0,10000.0
H2Otn,-10000.0,0.0
HACD1m,-2710.9118509901746,-61.00393287273689
HACD9m,0.0,0.09003374787190126
HAS1,0.0,792.8608616565427
HAS2,0.0,792.860861656555
HAtly,0.0,792.860861656555
HCO3_CLt,-10000.0,10000.0
HDCAtr,-10000.0,10000.0
HDCEAtr,0.0,10000.0
HEX1,0.0,10000.0
HEX4,0.0,3219.191197528725
HEX7,0.0,9999.984630930992
HGNTOR,0.0,3.2085619378434123
HIBDm,2.4244502010191176,4.790966235575782
HISD,5.116734312507552,10.435653322149161
HISt4,0.0,10000.0
HISTAtu,0.0,10000.0
HISTAVESSEC,0.0,10000.0
HIStN1,-10000.0,10000.0
HKYNH,1.5830361313789246e-17,0.10750903819540945
HMGCOASi,0.0,6811.127432454128
HMGCOASim,61.00393287273569,10000.0
HMGCOAtm,-0.012363005998784928,6811.121250951146
HMGLm,60.99156986673808,10000.0
HMGLx,0.0,6790.983923030352
HOMt4,0.0,10000.0
HPYRRy,0.0,1066.2665314122464
HPYRtp,-1066.2665314122428,-4.39841545298305e-12
HSD11B1r,-10000.0,10000.0
HSD11B2r,-10000.0,10000.0
HSD17B1,-10000.0,0.0
HSD17B42x,0.0,0.001766085999803124
HSD17B7r,0.0,10000.0
HSD17B9r,0.0,3547.869189821049
HSD3A1r,0.0,3547.869189821046
HSD3B2r,0.0,3547.8691898210463
HSD3B7P,0.0,10000.0
Htg,0.0,10000.0
Htm,0.0,10000.0
HXPRT,0.0034438101021932515,10000.0
HYXNt,0.05865914327427798,0.06661075916683892
ICDHxm,0.0,10000.0
ICDHy,0.0,9999.987320800365
ICDHyp,0.0,0.0035321719996005167
ICDHyrm,-10000.0,950.790079265842
IDPtn,-10000.0,10000.0
ILEt5m,-10000.0,0.09003374787190845
ILETA,0.0,10000.0
ILETAm,-9999.999999999996,0.0900337478970492
ILEtec,-10000.0,10000.0
IMPC,-0.007951615894167853,-9.077762391779305e-14
IMPD,0.0,10000.0
INSt,0.0,3765.666221032225
INSTt2r,-10000.0,10000.0
IPDDIx,0.0,0.004121002000217804
IPDPtx,-0.012363005998601776,0.01236300599860176
ITCOAL1m,-10000.0,10000.0
ITCOALm,-10000.000000000002,10000.0
ITPtn,-10000.0,10000.000000000002
IZPN,5.116734312506943,10.435653322147708
KAS8,0.0,1158.3456567715762
KCC2t,-10000.0,10000.0
KCCt,-10000.0,10000.0
KHK,0.0,9999.977254648504
KHK2,7.296913967538095e-20,1066.2665314123126
KSII_CORE2t,0.0,363.9631295959973
KSII_CORE2tly,0.0,363.963129595994
KSII_CORE4t,0.0,340.0966948683879
KSII_CORE4tly,0.0,340.0966948683878
KSIt,2.4927076126489448e-18,78.20123437326725
KSItly,0.0,78.2012343732676
KYN3OX,0.0,0.10750903819540945
KYNAKGAT,0.0,10000.0
KYNATESYN,0.0,10000.0
LACZe,0.0,5000.0
LALDO,-10000.0,2869.146740535316
LALDO2x,0.0,10000.0
LAPCOAl,0.0,10000.0
LCADi,0.0,2869.146740535244
LCADi_D,0.0,2869.1467405352605
LCAT1e,0.0004415214999957956,0.0008830429999001292
LCTStg,0.0,4999.999999999996
LDH_D,-99.9999999999979,2869.14674053531
LDH_L,-10000.0,9571.878596552986
LEUKTRA4t,-10000.0,10000.0
LEUKTRB4t,-10000.0,10000.0
LEUKTRD4t,-10000.0,10000.0
LEUKTRF4t,-10000.0,10000.0
LEUt4,0.0,10000.0
LEUt5m,-9978.945878421535,0.09003374787442585
LEUTA,21.054121578468056,10000.0
LEUTAm,-9978.945878421498,0.09003374788227048
LEUtec,-10000.0,10000.0
LGNCCOAtx,-10000.0,0.0
LGTHL,0.0,10000.0
L_LACDcm,0.0,10000.0
L_LACt2r,-10000.0,10000.0
LNELDCCPT1,0.0,869.44881912787
LNELDCCPT2,0.0,869.4488191278743
LNELDCCRNt,0.0,869.4488191278743
LNLCt,-10000.000000000002,10000.0
LNLNCAt,0.0,10000.0
LNLNCGt,0.0,10000.0
LNSTLSr,0.0010302504999901894,0.0020605009997669618
LPASE,0.0004415214999957956,5186.475001468905
LPCHOLt,0.0004415214999957956,3457.6501481531204
LPCOXp,0.0,117.56706197829732
LPS,0.0,10000.0
LPS2,0.0,5186.474559947336
LPS3,0.0,5186.4745599473845
LPSe,0.0,9999.986165323005
LRAT,0.0,5186.474559947345
LSTO1r,1.6011781158109998e-19,0.0020605009993495647
LSTO2r,0.0,0.002060500999766959
LTC4CP,-10000.0,9999.999999999998
LTD4DP,-10000.0,10000.0
LYSOXp,0.0,117.56706197829735
LYSt4,0.0,10000.0
LYStiDF,0.0,10000.0
LYStip,0.0,117.56706197829547
LYStm,6.546257063552852e-17,117.56706197830187
LYStn,-10000.0,0.0
M1316Mg,0.0,357.6879108365202
M13N2Tg,0.0,357.6879108365238
M14NTg,0.0,357.6879108365239
M16NTg,0.0,357.6879108365239
M4MPDOL_Lter,0.0,35.7687910836524
M4MPDOL_Uter,0.0,35.76879108365252
M7MASNBterg,0.0,357.68791083652604
M8MASNterg,0.0,357.68791083652303
MACACI,2.3803426510790243e-16,3.2085619378434123
MALSO3tm,-10000.0,10000.0
MALSO4tm,-10000.0,10000.0
MALtm,-10000.0,10000.0
MALTSULtm,-10000.0,10000.0
MAN1PT2,0.0,10000.0
MANt1r,-10000.0,10000.0
MANt4,-10000.0,9999.999999999996
MANter,0.0,357.68791083652667
MANtg,5.444049426341679e-13,2146.127465019141
MANtly,5.098605562754011e-13,1073.0637325095722
MCCCrm,0.0,0.09003374787133962
MCD,0.0,9779.630995436837
MCDm,0.0,9779.630995436968
MDH,-10000.0,7305.819897731071
MDHm,-9854.60033205843,10000.0
MDRPD,0.0,492.1659770085126
ME1m,0.0,9928.279236990058
ME2,0.0,9928.279236990087
ME2m,0.0,9928.27923699006
MECOALm,-10000.0,10000.0
MECOAS1m,-10000.0,10000.0
MELATNOX,0.0,7560.975920461811
METAT,0.08817528366391109,5186.562735231022
METLEUex,0.0,10000.0
METS,0.08044787466558541,5186.557905600405
METt4,0.0,10000.0
METtec,-10000.0,10000.0
MEVK1x,7.293613762026802e-19,0.012363005999656262
MG1er,0.0,357.68791083652576
MG2er,1.6995351875846702e-13,357.6879108365269
MG3er,1.6995351875846702e-13,357.68791083652684
MGCHrm,0.0,0.09003374787180558
MI1345PP,0.0,2593.2372799737727
MI134PP,0.0,2593.2372799736672
MI145PK,0.0,2593.2372799736677
MI145PP,0.0,3457.6497066315565
MI14PP,0.0,5186.474559947404
MI14Ptn,-5186.474559947418,0.0
MI1P_Dtn,-9471.058540709035,0.0
MI1PP,0.0011774074998609793,10000.0
MI1PS,0.001177407499301546,0.0023548149992018604
MI34PP,0.0,2593.237279973678
MI3PP,0.0,2593.2372799736972
MI4PP,0.0,5186.4745599473945
MM5ag,0.0,357.68791083652445
MM5bg,0.0,357.6879108365259
MM5cg,0.0,357.6879108365254
MM6ag,0.0,357.6879108365254
MM6B1ag,1.0067965868879636e-45,357.6879108365276
MM6B1bg,0.0,357.6879108365249
MM6B2g,0.0,357.68791083652576
MM6bg,0.0,357.6879108365257
MM7Ag,0.0,357.68791083652457
MM7B1g,0.0,357.6879108365245
MM7B2g,0.0,357.6879108365249
MM7Cag,0.0,357.6879108365257
MM7Cbg,-1.813683493418608e-29,357.6879108365277
MM8Ag,0.0,357.6879108365277
MM8Ber,0.0,357.6879108365276
MM8Cg,0.0,357.6879108365249
MMCDm,0.0,9779.630995437039
MMEm,-1215.9971767160062,1094.994673488544
MMMm,-1094.9946734886014,1215.9971767159661
MMSAD1m,0.0,9779.630995437008
MMSAD3m,1.696337684573101e-13,1192.8264086806241
MTAP,0.0,492.1659770085435
MTHFC,-10000.0,1448.7629709871164
MTHFCm,-1439.8009236209896,10000.0
MTHFD,-10000.0,10000.0
MTHFD2,-10000.0,10000.0
MTHFD2m,-10000.0,10000.0
MTHFDm,-10000.0,10000.0
MTRI,0.0,492.1659770084131
N2M2NMASNt,1.7367892634465085e-29,357.6879108365291
N2M2NMASNtly,0.0,357.6879108365242
N3Tg,0.0,363.9631295960328
N4Tg,0.0,1666.666666666665
NACHEX10ly,0.0,78.20123437327071
NACHEX11ly,0.0,78.20123437326835
NACHEX12ly,0.0,78.20123437326843
NACHEX13ly,0.0,78.20123437326822
NACHEX14ly,0.0,78.2012343732695
NACHEX15ly,0.0,78.20123437326897
NACHEX16ly,0.0,78.20123437326907
NACHEX17ly,0.0,78.20123437326994
NACHEX18ly,0.0,78.2012343732701
NACHEX19ly,0.0,78.20123437326784
NACHEX20ly,0.0,78.20123437327013
NACHEX21ly,0.0,78.20123437326836
NACHEX22ly,0.0,78.20123437326836
NACHEX23ly,0.0,363.9631295959965
NACHEX24ly,0.0,363.9631295960027
NACHEX25ly,3.9556717483606584e-29,363.96312959601534
NACHEX26ly,0.0,340.0966948684078
NACHEX27ly,0.0,792.8608616565233
NACHEXA10ly,0.0,78.20123437327132
NACHEXA11ly,0.0,78.20123437326842
NACHEXA12ly,0.0,78.20123437326914
NACHEXA13ly,0.0,78.20123437326866
NACHEXA14ly,0.0,78.20123437326865
NACHEXA15ly,0.0,78.20123437326838
NACHEXA16ly,0.0,78.2012343732691
NACHEXA17ly,0.0,78.2012343732671
NACHEXA18ly,0.0,78.20123437326819
NACHEXA19ly,0.0,78.20123437326819
NACHEXA20ly,0.0,363.96312959599373
NACHEXA21ly,0.0,363.96312959599436
NACHEXA22ly,0.0,340.0966948683874
NACHEXA9ly,0.0,78.20123437326887
NADH2_u10m,0.0,10000.0
NADN,0.0,5186.474559947067
NADPHtru,0.0010302504975933326,10000.0
NADPtru,0.001030250497943719,10000.000000000007
NADS2,0.0,10000.0
NADtn,0.0,10000.0
NAGA2ly,9.262876071714714e-29,1666.6666666666695
NAGLCAly,0.0,1666.6666666666665
NAHCO3_HCLt,-10000.0,10000.0
NaKt,0.0,10000.0
NAt3_1,-10000.0,10000.0
NAt5,-10000.0,10000.0
NAtx,0.0,10000.0
NBAHH_ir,0.0,10000.0
NCKt,-10000.0,10000.0
NCNt,-10000.0,10000.0
NDP6,0.0,10000.0
NDP7er,0.0,4999.999484874751
NDP7ex,0.0,3333.3124361976534
NDP7g,0.0,5000.0
NDP8,0.0,10000.0
NDP8ex,0.0,3333.3124361976534
NDPK1,-10000.0,10000.0
NDPK10,-10000.00000000001,9999.999999999998
NDPK10n,-10000.0,10000.0
NDPK1m,-10000.0,10000.0
NDPK1n,-10000.0,10000.0
NDPK2,-10000.0,10000.0
NDPK2m,-5252.516094889013,0.0
NDPK2n,-10000.0,10000.0
NDPK3,-10000.0,10000.0
NDPK3m,0.0,891.1714280678555
NDPK3n,-10000.0,10000.0
NDPK4,-10000.0,10000.0
NDPK4m,0.0,5252.51609488894
NDPK4n,-10000.0,10000.0
NDPK5,-10000.0,10000.0
NDPK5m,0.0,10000.000000000002
NDPK5n,-10000.0,10000.0
NDPK6,-10000.0,10000.0
NDPK6m,-10000.0,5252.516094889012
NDPK6n,0.0,9471.058966183422
NDPK7,-10000.0,10000.0
NDPK7n,-10000.0,10000.0
NDPK8,-10000.0,10000.0
NDPK8m,0.0,5252.516094888967
NDPK8n,-10000.0,10000.0
NDPK9,-10000.0,10000.0
NDPK9n,-10000.0,10000.0
NH4tn,-6000.0,0.0
NH4tp,-10000.0,3.503602904217858e-15
NICRNS,1.0516361516608982e-12,10000.0
NICRNTtn,0.0,6915.300449674632
NKCC2t,-10000.0,10000.0
NKCCt,-10000.0,10000.0
NMNATn,0.0,9999.999999999998
NMNATr,-10000.0,5186.474559947373
NMNS,0.0,5186.4745599473645
NMNtn,0.0,10000.0
NNATn,0.0,6915.300449674646
NNATr,0.0,10000.0
NOS1,0.0,10000.0
NOS2,0.0,10000.0
NP1,0.0,10000.0
NRPPHRtu,0.0,10000.0
NRPPHRVESSEC,0.0,10000.0
NRVNCCOAtx,-10000.0,0.0
NRVNCt,-10000.0,10000.0
NT5C,0.0,9999.999999999998
NTD1,0.0,10000.0
NTD10,0.0,9999.996556189895
NTD11,0.0,9999.996556189899
NTD1m,0.0,10000.0
NTD2,0.0,10000.0
NTD2e,0.0,3333.3124361976766
NTD2m,0.0,5252.516094888915
NTD3,0.0,10000.0
NTD4,0.0,10000.0
NTD5,0.0,10000.0
NTD5m,0.0,10000.0
NTD6,0.0,9140.269551447687
NTD7,0.0,10000.0
NTD7e,0.0,3457.64970663159
NTD8,0.0,10000.0
NTD9,0.0,10000.0
O2Stm,-170.36049371786268,7961.405894037832
O2Stn,0.0,9163.576900351796
O2Stx,0.0,7470.817601553611
O2t,-5000.000000000002,10000.0
O2ter,-869.4395468733687,10000.0
O2tm,-10000.0,8485.80153641221
O2tn,-4581.7884501756935,0.0
O2tp,-5603.113201165189,5125.598817014572
OBDHc,0.0,9999.987320800405
OCBTm,0.0,851.3566446975667
OCCOAtx,-2304.8347443982916,2608.3464573836013
OCDCAtr,-10000.0,10000.0
OCDCEAtr,-10000.0,10000.0
OCOAT1m,0.0,9938.996067127224
OIVD1m,0.0,0.09003374787652572
OIVD2m,0.0,4.79096623557535
OIVD3m,0.0,0.09003374787189486
OMPDC,0.00580825749994469,1124.0006703428978
OPAHir,13.385311131181401,10000.0
ORNDC,0.0,1137.393293789923
ORNt3m,-10000.0,10000.0
ORNt4m,-10000.0,10000.0
ORNTArm,-1058.9852359216334,78.40805786829223
ORNtiDF,0.0,10000.0
ORPT,-1124.0006703429033,-0.00580825749993859
OXAHCOtex,0.0,10000.0
P45027A12m,0.0,6987.16491162386
P45027A13m,0.0,6987.1649116235685
P45027A15m,0.0,6987.164911623611
P45027A16m,0.0,6987.1649116236595
P45027A1m,0.0,10000.0
P450SCC1m,-10000.0,0.0
P5CDm,0.0,10000.0
P5CRm,0.0,10000.0
P5CRxm,0.0,10000.0
PA_HSter,-0.3185132156141856,-6.77171737319807e-18
PA_HStg,-10000.0,0.0
PA_HStn,-9471.058540709084,0.0
PAFH,0.0,9999.999999999998
PAFS,0.0,10000.0
PAIL_HStn,1.0534376816618653e-12,9471.058540709008
PAPStg,1.4497927914186538e-13,1886.9346614834408
PAPtg,0.0,1886.9346614834812
PCFLOPm,0.0,0.318513215615423
PCHOL_HStg,-1.9013289988941328e-12,10000.000000000058
PCHOLP_hs,0.0,10000.0
PCHOLPg_hs,0.0,9999.999999999998
PCHOLPm_hs,0.0,891.1714280677354
PCHOLPr_hs,0.0,0.31851321561439755
PCLAD,2.1593416498115812e-17,0.10750903819540947
PCm,0.0,9779.630995436979
PCREATtmdiffir,0.0,10000.0
PCRNtm,0.0,9999.989969996737
PCt,0.00044152150021782496,3457.6501481530836
PDE1,0.0,9999.999999999998
PDE4,0.0,10000.0
PDE4n,0.0,10000.0
PDHm,0.0,1272.892267693521
PDX5PO,0.0,10000.0
PE_HStm,-0.32410598961355475,-0.0027963869999733703
PEPCKm,0.0,9928.279236990078
PETHCT,0.0,10000.0
PETOHMm_hs,0.0,891.1996941175214
PETOHMr_hs,0.0,0.3185132156143925
PFK,0.0,9999.976960284017
PFK26,0.0,10000.000000000031
PGCD,0.0,5648.453689289221
PGI,-10000.0,-0.015369068999853646
PGK,0.04962039099896435,10000.0
PGL,0.0,1871.1516335095353
PGLer,0.0,1871.1516335094684
PGM,0.04962039101371533,5648.503309680248
PGMT,-10000.0,0.0
PGPP_hs,0.0007358859999929923,0.0014717719999384274
PGPPT,0.0007358859999929923,0.001471771999938428
PHCDm,0.0,10000.0
PHCHGSm,0.0,10000.000000000002
PHEMEt,0.0,10000.0
PHEt4,0.0,10000.0
PHEtec,-10000.0,10000.0
PHETHPTOX2,0.0,10000.0
PI345P3P,0.0,10000.0
PI345P3Pn,0.0,5186.474559947383
PI345P5P,0.0,10000.0
PI34P5K,0.0,10000.0
PI3P3Pn,0.0,10000.0
PI3P4K,0.0,2593.237279973684
PI3P5K,0.0,9999.999999999998
PI45P3K,0.0,10000.000000000002
PI45P3Kn,0.0,5186.474559947347
PI45P5P,0.0,10000.0
PI45PLC,0.0,3457.649706631573
PI4P3K,0.0,5186.474559947271
PI4P5K,0.0,10000.0
PI4PLC,0.0,5186.474559947282
PI4PLCn,0.0,5186.474559947378
PI5P3K,0.0,9999.999999999998
PI5P4K,0.0,3457.649706631588
PIK3,0.0,3457.649706631576
PIK3er,0.0,9999.998969749502
PIK4,0.0,5186.474559947411
PIK5,0.0,3457.649706631582
PIPLC,0.0,9999.998822592504
PIPLCn,0.0,9471.058540708942
PIter,-10000.0,10000.0
PItg,0.0,5000.0
PItx,-10000.0,0.0
PLA2_2,0.0,5186.474559947352
PLA2_2e,0.0,3457.6497066315856
PMANM,-3219.191197528736,0.0
PMEVKx,0.0,0.01236300599943667
PNP,-5186.4745599473945,0.0
PNTOt5,0.0,10000.0
PPA,0.0,6021.386973298562
PPAer,0.0,6021.386973298515
PPAm,0.0,5252.516094888967
PPAP,0.0,10000.0
PPCDC,0.0,9999.987320800394
PPCOACm,0.0,9817.931117335454
PPCOAOm,0.0,1192.8264086805664
PPD2CSPp,0.0,117.5670619782973
PPDOx,0.0,10000.0
PPDOy,0.0,10000.0
PPItx,-10000.0,5000.00000000001
PPM,-10000.0,9999.988494029532
PRAGSr,0.0,0.007951615903513704
PRASCS,0.0,0.007951615890177519
PRDX,0.0,6980.144833817217
PRFGS,0.0,0.007951615894672444
PRGNLONESULT,0.0,5186.474559947318
PRISTtx,0.0,5186.475884545562
PRO1xm,0.0,10000.0
PROD2m,0.0,10000.0
PRODt2r,-10000.0,10000.0
PROSTGD2t,-10000.0,10000.0
PROSTGE1t,-10000.0,10000.0
PROSTGE1t3,0.0,10000.0
PROSTGE2t,-10000.0,10000.0
PROSTGE2t2,-10000.0,10000.0
PROSTGE2t3,0.0,10000.0
PROSTGF2t,-10000.0,10000.0
PROSTGI2t,-10000.0,10000.0
PROt2r,-10000.0,10000.0
PROt4,0.0,10000.0
PRPNCOAHYDm,0.0,1192.826408680569
PRPPS,-9999.988494029492,10000.0
PSDm_hs,0.032188148221277066,891.203616215974
PSERT,0.0,5648.453689289259
PSFLIPm,0.032188148221277066,891.2036162159635
PSP_L,0.0,5648.453689289257
PSSA1_hs,-10000.0,10000.0
PSSA2_hs,0.0,10000.0
PTE3x,0.0,5186.475884545589
PTE4x,3.90615089976002e-11,10000.0
PTPAT,0.0,10000.0
PTRCOX1,0.0,1137.393293790038
PUNP1,-9140.26955144748,10000.0
PUNP2,-3765.665184620678,9140.269551447602
PUNP3,0.0,9999.99999999999
PUNP4,-5186.474559947368,9999.997676242505
PUNP5,0.0,9999.996556189897
PUNP6,0.0,3765.6662210321797
PUNP7,0.0,9999.996556189893
PYAM5POr,0.0,10000.0
PYDAMK,0.0,10000.0
PYDXK,0.0,10000.0
PYDXNK,0.0,10000.0
PYDXPP,0.0,10000.0
PYK,0.0,10000.0
PYNP2r,-4149.18026980476,10000.0
PYRt2m,-1159.4758083647903,9779.630995436997
PYRt2p,-10000.0,9219.338977593112
PYRt2r,-10000.0,10000.0
RBFK,0.0,10000.0
RDH1,-10000.0,0.0
RDH1a,0.0,10000.000000000004
RDH2,-10000.0,0.0
RDH2a,0.0,10000.0
RDH3,-10000.0,0.0
RDH3a,0.0,10000.0
RETFA,0.0,10000.0
RETFAt,0.0,10000.0
RETH,0.0,10000.0
RETHe,0.0,10000.0
RETt,0.0,10000.0
RNDR1,0.000665741500715018,10000.0
RNDR2,0.0,10000.0
RNDR3,0.0,10000.0
RNDR4,0.0,10000.0
RNMK,0.0,5186.47455994734
RPE,-10000.0,10000.0
RPI,-1962.8617715464734,1247.4267516924679
RTOTAL2t,-10000.0,0.0
S23T2g,0.0,363.96312959599277
S23T3g,0.0,78.20123437326863
S23T4g,0.0,340.09669486838726
S26Tg,0.0,288.13748372942376
S2L2FN2M2MASNt,0.0,288.1374837294238
S2L2FN2M2MASNtly,0.0,288.1374837294238
S6T10g,1.1061173537327595e-13,78.2012343732681
S6T11g,1.1061173537327582e-13,78.20123437326794
S6T12g,1.1061173537327582e-13,78.20123437326795
S6T13g,1.1061173537327582e-13,78.20123437326795
S6T14g,1.1061173537327582e-13,78.20123437326797
S6T15g,1.1061173537327585e-13,78.20123437326797
S6T16g,-8.091024794068065e-29,340.09669486838857
S6T17g,0.0,340.09669486838794
S6T18g,0.0,340.09669486838794
S6T1g,0.0,363.9631295959943
S6T2g,0.0,363.96312959599754
S6T3g,0.0,363.96312959599754
S6T4g,1.1061173537327591e-13,78.2012343732678
S6T5g,1.1061173537327585e-13,78.2012343732679
S6T6g,1.1061173537327585e-13,78.2012343732679
S6T7g,1.1061173537327585e-13,78.20123437326784
S6T8g,1.1061173537327585e-13,78.20123437326784
S6T9g,1.1061173537327585e-13,78.20123437326784
S6TASE10ly,0.0,78.20123437326787
S6TASE11ly,0.0,78.20123437326787
S6TASE12ly,0.0,78.20123437326811
S6TASE13ly,0.0,78.20123437326811
S6TASE14ly,0.0,78.20123437326804
S6TASE15ly,0.0,78.20123437326804
S6TASE16ly,0.0,78.20123437326811
S6TASE17ly,0.0,78.20123437326782
S6TASE18ly,0.0,78.20123437326765
S6TASE19ly,0.0,78.20123437326798
S6TASE20ly,0.0,78.20123437326806
S6TASE21ly,0.0,78.20123437326811
S6TASE22ly,0.0,363.9631295959935
S6TASE23ly,0.0,363.963129595994
S6TASE24ly,8.18132443960931e-29,363.9631295959932
S6TASE25ly,2.1201492162179183e-29,340.09669486838783
S6TASE26ly,0.0,340.0966948683895
SACCD3m,0.0,117.56706197829729
SACCD4m,0.0,10000.0
SADT,0.0,5186.474559947265
SARCStm,0.0,5186.474559947311
SARDHm,0.0,5186.474559947362
SBPP1er,0.0,10000.000000000004
SBPP3er,0.0,10000.0
SBTD_D2,-3.6484569837690475e-20,9999.984925295497
SBTR,0.0,9999.984925295495
SCP21x,-10000.0,0.0
SCP22x,-9230.108668019506,10000.0
SCP2x,0.0,0.005298392666425247
Ser_Thrtg,-1666.6666666666647,1.7970455487357248e-35
SERALANaEx,0.0,10000.0
SERASNNaEx,0.0,10000.0
SERCYSNaEx,0.0,10000.0
SERDGLNexR,-10000.0,10000.0
SERDGLYexR,-10000.0,10000.0
SERGLNexR,-10000.0,10000.0
SERGLNNaEx,0.0,10000.0
SERGLYexR,-10000.0,10000.0
SERLYSNaex,0.0,10000.0
SERPT,0.0008830429999915913,0.0017660859999195139
SERt4,0.0,10000.0
SERTHRNaEx,0.0,10000.0
SERtp,0.0,1066.2665314122178
SFGTH,0.0,891.1714280677166
SGALSIDEtg,-1886.934661483431,0.0
SGALSIDEtl,2.0308737061207352e-13,1886.9346614834678
SIAASE2ly,1.1061173537327588e-13,78.20123437326794
SIAASE3ly,0.0,363.9631295959984
SIAASE4ly,-4.453690452979266e-14,340.09669486838914
SIAASEly,0.0,288.13748372942257
SLCBK1,0.0,10000.0
SMPD3g,0.0,9999.999116957002
SMS,0.0008830429999915908,10000.0
SO4CLtex2,0.0,4982.831264514855
SO4HCOtex,0.0,9965.662529029714
SO4OXAtex2,0.0,4982.831264514855
SO4t4_2,-10000.0,-34.33747097029482
SO4tl,-3.327506706521304e-13,1886.9346614834008
SPH1Ptr,0.0,10000.0
SPHGNtr,0.0,10000.0
SPHINGStr,-10000.0,0.0
SPHK21c,0.0,10000.0
SPHMYLNtg,0.0,9999.999116957
SPHS1Ptr,0.0,10000.0
SPMDOX,0.0,492.1659770085257
SPMS,0.0,492.1659770085173
SPODM,0.0,5006.834519046903
SPODMm,0.0,3988.4484938993064
SPODMn,0.0,4581.788450175847
SPODMx,0.0,3735.4088007767614
SPTix,0.0,1066.266531412244
SQLEr,0.0010302504984625277,0.002060500999986165
SQLSr,0.0,10000.0
SRTNtu,-10000.0,10000.0
STRDNCt,0.0,10000.0
STS1,0.0,5186.4745599473845
STS2,0.0,5186.474559947416
SUCCt2m,-10000.0,10000.0
SUCCt4_2,-1.38355990022543,0.0
SUCCtp,-10000.0,-3.2578528078086006e-15
SUCD1m,-10000.0,1426.2478797859476
SUCOAS1m,-10000.0,10000.0
SUCOASm,-10000.0,10000.0
SULFOX,0.0,59.605669385733975
TALA,0.019204392506062,10000.0
TAURt4_2_r,-10000.0,0.0
TAURtcx,-10000.0,0.0
TCHOLAt,0.0,10000.0
TCHOLAt3,0.0,10000.0
TDP,0.0,5186.474559947507
THBPT4ACAMDASE,0.0,10000.0
THD1m,0.0,10000.0
THFtl,-1666.6666666666667,0.0
THFtm,-10000.0,10000.0
THMP,0.0,5186.4745599473545
THMt3,0.0,10000.0
THP2Ctp,-117.56706197829735,0.0
THRALANaEx,0.0,10000.0
THRASNNaEx,0.0,10000.0
THRCYSNaEx,0.0,10000.0
THRD_L,38.28168185714938,93.02019985142243
THRGLNexR,-10000.0,10000.0
THRGLNNaEx,0.0,10000.0
THRGLYexR,-10000.0,10000.0
THRSERNaEx,0.0,10000.0
THRt4,0.0,10000.0
THYMDtm,-5252.51609488894,0.0013221910003694626
THYOXt,-10000.0,10000.0
THYOXt2,-10000.0,10000.0
TKT1,-981.4308857732032,623.7133758462531
TKT2,-981.430885773207,623.7133758462803
TMDK1,0.0,10000.0
TMDK1m,0.0,10000.0
TMDPK,0.0,5186.474559947041
TMDPP,0.0,1118.0856002756968
TMDS,0.0006610954999937049,1118.0862613711988
TMNDNCCOAtx,-2361.750795618634,0.0
TPI,-1962.8768462509643,9999.954214932483
TRDR,0.0023035069935546963,10000.0
TRDR2,0.0,10000.0
TRDR3,0.0,10000.0
TRDRm,0.0,10000.0
TRIODTHYt,-10000.0,10000.0
TRIODTHYt2,-10000.0,10000.0
TRPO2,0.0,0.10750903819540945
TRPt,-10000.0,10000.0
TTDCAtr,0.0,10000.0
TTDCPT1,0.0,1159.265092170491
TTDCPT2,0.0,1159.2650921704771
TTDCRNt,0.0,1159.265092170477
TYRt,-10000.0,10000.0
TYRTA,0.0,3.2085619378478736
UAG2EMAi,0.0,10000.0
UAGDP,0.0,10000.0
UDPACGALtl,-1666.666666666663,4.2912179212089717e-29
UDPDOLPT_L,0.0,1073.063732509578
UDPDOLPT_U,0.0,1073.06373250957
UDPGALtg,1.3273408244793106e-12,4999.999999999995
UDPGD,-7.597976895261704e-14,1585.7217233130746
UDPGLCAter,-9999.999999999998,9999.999999999998
UDPGLCter,0.0,4999.9994848747965
UDPGP,0.0,10000.0
UDPtl,0.0,1666.666666666667
UGALGTg,0.0,4999.999999999999
UGALNACtg,0.0,1666.6666666666652
UGCG,0.0,4999.999484874755
UGLCNACtg,1.3079501140762e-12,1879.9684450076118
UGLT,-10000.0,10000.000000000002
UMPK,-10000.0,10000.0
UMPK2,-10000.0,10000.0
UMPK2n,-10000.0,10000.0
UMPK3,-10000.0,10000.0
UMPK3n,-10000.0,10000.0
UMPK4,-10000.0,10000.0
UMPK4n,-10000.0,10000.0
UMPK5,-10000.0,10000.0
UMPK5n,-10000.0,10000.0
UMPK6,-10000.0,10000.0
UMPK6n,-10000.0,10000.0
UMPK7,-10000.0,10000.0
UMPK7n,-10000.0,10000.0
UMPKm,-5252.5160948889115,0.0
UMPKn,-10000.0,10000.0
UMPtr,-10000.0,10000.0
UNK2,0.0,492.16597700851787
UPPN,0.0,1109.9009138659817
URCN,5.116734312507554,10.435653322149163
UREAt,-929.7647025658512,-28.6900121826911
UREAtm,-929.7647025658545,0.0
URIDK2m,0.0,5252.5160948889215
URIK1,0.0,10000.0
URIt,0.0,3333.3124361976666
Uritm,-5252.516094888897,0.0
VACCCPT1,0.0,869.4488191278649
VACCCPT2,0.0,869.4488191278667
VACCCRNt,0.0,869.4488191278666
VACCt,-869.4488191278633,0.0
VALt5m,-9997.575549798981,4.790966235576084
VALTA,0.0,10000.0
VALTAm,-9997.575549798983,4.790966235573894
VALtec,-10000.0,10000.0
VITD3t,0.0,10000.0
VITD3t2,0.0,10000.0
XOL27OHtm,0.0,10000.0
XOLEST2te,-9999.999558478503,0.0
XYLK,0.0,1585.7217233130787
XYLTD_Dr,0.0,1585.721723313108
XYLUR,0.0,1585.721723313108
r0009,0.0,5000.0
r0010,0.0,6980.144833817222
r0016,-2500.0,5000.0
r0021,-6980.14483381705,10000.0
r0022,-8198.482822233436,10000.000000000002
r0027,-29.800146906119103,-17.1710873206457
r0033,0.0,2626.258047444459
r0034,0.0,851.3566446975686
r0047,0.0,5252.516094888944
r0068,0.0,10000.000000000002
r0074,-10000.0,10000.0
r0081,0.0,9964.60470026954
r0082,0.0,9999.987320800401
r0083,0.0,10000.0
r0084,0.0,0.0035321719996005163
r0085,0.0,10000.000000000002
r0086,0.0,9964.604700269487
r0097,0.0,10000.0
r0119,0.0,10000.0
r0127,0.0,5215.323766284861
r0129,-9999.999999999998,5186.47455994739
r0130,-5189.948441380833,10000.0
r0142,0.0,59.60566938573656
r0145,-10000.0,851.3566446975706
r0156,0.0,10000.0
r0157,0.0,9964.604700269558
r0163,0.0,1181.4654722634687
r0170,-9999.9989697495,0.0020605010027975454
r0173,-9219.338977593194,117.5670619782958
r0178,0.0,1137.3932937899197
r0191,0.0,9999.976960284
r0193,-59.60566938573653,5623.736008832616
r0196,-10000.0,0.0
r0208,-10000.0,3219.191197528714
r0210,0.0,5653.538843525481
r0224,0.0,10000.0
r0226,0.0,10000.0
r0233,0.0,4999.999999999993
r0245,-9999.977254648526,-0.00029436449999719667
r0246,0.0,5186.4745599473645
r0249,-1871.1516335094,0.0
r0265,0.0,5000.000000000001
r0268,-576.2749674588308,9999.999999999985
r0276,-9999.9976762425,10000.0
r0283,0.0,10000.0
r0287,0.0,2086.6771659068763
r0295,0.0,10000.0
r0301,0.0,10000.0
r0308,0.0,10000.000000000002
r0309,-10000.0,993.6557932890124
r0310,0.0,10000.0
r0311,0.0,9999.998454624285
r0317,-10000.0,10000.0
r0321,0.0,5252.5160948889625
r0330,0.0,10000.0
r0339,0.0,5186.4745599473845
r0340,0.0,5186.474559947372
r0345,-10000.0,9999.999999999998
r0354,0.0,10000.0
r0355,0.0,10000.0
r0357,0.0,9999.984630931003
r0358,0.0,9999.984630931
r0360,0.0,3219.1911975288026
r0361,0.0,3219.191197528645
r0365,0.0,1192.8264086806203
r0377,0.0,10000.0
r0383,0.0,1272.8922676935065
r0384,0.0,1181.4654722635548
r0385,0.0,4.790966235574655
r0386,0.0,0.09003374787203941
r0388,-10000.0,0.0
r0389,-10000.0,0.0
r0391,0.0,10000.0
r0392,-1066.2665314122337,5186.474559947362
r0393,0.0,5186.47455994733
r0394,-10000.0,0.055215333172436876
r0395,0.0,10000.0
r0398,0.0,3.2166253233433344
r0399,-9999.991936614502,3.216625323343335
r0400,-3333.3333333333335,192.09165581961594
r0407,-10000.0,-0.023039715999402688
r0408,-10000.0,9999.97696028402
r0409,-10000.0,9999.976960283944
r0422,0.0,9999.987320800385
r0423,0.0,10000.0
r0424,0.0,0.0035321719996005163
r0425,-10000.0,10000.000000000011
r0426,-10000.000000000002,10000.0
r0434,-10000.0,2304.8347443983057
r0437,-2304.8347443982793,9999.999999999978
r0450,4.6167303515068275e-14,10000.0
r0451,0.0,117.67457101649502
r0456,0.0,10000.0
r0463,-6790.983923030185,0.0
r0464,-10000.0,9999.999999999998
r0470,0.0,9999.999334258482
r0472,-9999.998176091503,10000.0
r0474,-3457.650844548076,10000.0
r0475,-10000.0,10000.0
r0483,0.0,1118.0856002758005
r0488,-0.01236300599833168,9999.99381849701
r0509,0.0,10000.0
r0512,-0.109578607276752,10000.0
r0514,0.0,10000.0
r0517,-10000.000000000002,0.0
r0522,0.0,10000.0
r0523,0.0,10000.0
r0525,-10000.0,117.5670619782959
r0527,0.0,10000.0
r0531,-10000.0,10000.0
r0541,-9938.996067127262,117.67457101649117
r0545,0.0,10000.0
r0547,-10000.0,3.637978807091713e-12
r0549,-10000.0,10000.0
r0552,-10000.0,10000.0
r0553,-10000.0,10000.0
r0555,0.0,1272.8922676934953
r0556,-1181.465472263518,0.0
r0557,0.0,117.67457101649497
r0558,-10000.00000000002,10000.0
r0559,-10000.0,10000.0
r0560,0.0,4.7909662355756035
r0561,0.0,10000.0
r0568,0.0,5186.474559947325
r0570,-10000.0,2944.2811513492024
r0571,-1122.8765665112917,9777.188738582528
r0573,0.0,10000.0
r0575,-9999.9989697495,0.00206050099976696
r0578,-10000.000000000033,2.362527435452854e-12
r0579,0.0,10000.0
r0584,-10000.0,10000.0
r0590,0.0,2626.2580474444853
r0591,0.0,10000.0
r0594,61.003932872736314,117.56706197829732
r0595,0.0,59.60566938573653
r0596,0.0,1192.8264086804675
r0603,-10000.0,0.09003374787356408
r0604,0.0,0.09003374787354926
r0610,-10000.0,10000.0
r0611,-10000.0,10000.000000000067
r0614,-9999.987320800332,-2.7183122811980913e-28
r0615,-9999.999999999998,10000.0
r0616,-10000.0,0.0
r0617,-10000.000000000002,10000.0
r0618,0.0,10000.0
r0620,0.0,1181.4654722635728
r0633,-10000.0,2086.6771659064393
r0634,-1159.2650921705067,9999.999999999998
r0636,0.0,2318.5301843409584
r0637,0.0,2318.530184340974
r0638,-10000.0,1159.2650921704833
r0639,7.355541952308183e-13,1159.2650921704837
r0641,-10000.0,10000.0
r0642,-9999.999999999989,10000.0
r0643,-9777.188738582268,1122.8765665113117
r0644,-10000.0,10000.0
r0645,2.159341649811581e-17,0.10750903819540945
r0647,-10000.0,0.0
r0650,-10000.0,6021.384912797601
r0651,-6021.384912797603,10000.0
r0652,-9999.999999999976,1159.2650921705033
r0653,0.0,993.6557932889864
r0655,-10000.000000000016,0.09003374787354923
r0656,0.0,0.09003374787371879
r0660,-1159.265092170484,9999.999999999845
r0661,0.0,2304.8347443982902
r0666,0.0,0.00795161590713901
r0668,-10000.0,576.2749674588522
r0669,0.0,4.790966235574416
r0670,0.0,0.09003374787203497
r0672,0.0,9999.999999999998
r0679,4.207203973310502e-28,9999.987320800481
r0680,-9999.987320800114,-2.4784916332642597e-11
r0683,0.0,1192.826408680591
r0686,-10000.0,0.0
r0688,0.0,9400.885463720308
r0698,0.0,4939.242525890723
r0714,0.0,993.6557932889999
r0715,0.0,2304.834744398314
r0716,0.0,993.6557932889982
r0717,0.0,2304.8347443982834
r0718,0.0,1159.2650921705
r0719,0.0,2304.8347443983193
r0720,0.0,1159.2650921704956
r0721,0.0,2304.834744398295
r0722,-10000.000000000004,1159.2650921704812
r0723,0.0,2304.8347443983057
r0724,-1159.2650921705035,10000.00000000001
r0726,-10000.000000000004,1159.265092170499
r0727,0.0,2304.83474439837
r0728,-1159.2650921704876,10000.0
r0729,0.0,2304.834744398296
r0730,0.0,2086.677165906877
r0731,0.0,2086.6771659068704
r0732,0.0,2086.6771659068704
r0733,0.0,2086.677165906871
r0734,0.0,2086.677165906871
r0735,-10000.0,1159.2650921704844
r0739,0.0,9400.885463720142
r0752,-10000.0,0.0
r0753,0.0,10000.0
r0754,-9999.999999999996,0.0
r0755,0.0,10000.0
r0756,-10000.0,0.0
r0757,0.0,10000.0
r0758,-10000.0,3.837313842082655e-12
r0779,0.0,4.790966235577459
r0780,-0.0020605009997669605,9999.998969749502
r0781,0.001030250499990189,0.0020605009983132045
r0783,-10000.0,0.003826586998113484
r0787,0.0,10000.0
r0791,-2086.67716590688,9999.999999999958
r0792,-5186.658185748026,9999.884361195804
r0795,-5.294068018071192e-13,59.60566938573673
r0797,-0.03708874866411603,-3.6591259957669003e-14
r0801,-10000.0,10000.0
r0812,0.0,10000.000000000002
r0813,0.0,9999.998969749522
r0817,-10000.0,10000.0
r0819,-10000.0,10000.0
r0821,-10000.0,10000.0
r0822,-10000.0,10000.0
r0829,-10000.0,10000.0
r0830,-10000.0,10000.0
r0834,-10000.0,10000.0
r0835,-10000.0,10000.0
r0836,-10000.0,10000.0
r0840,-1871.1516335093766,0.0
r0860,-0.03708901799903912,0.0
r0870,-3457.649706631603,0.0
r0879,0.0,10000.0
r0885,-10000.0,10000.0
r0892,0.0,3333.3124361976816
r0899,0.0,10000.0
r0907,0.0,929.7647025658555
r0911,-0.04166088399528785,9999.979169558008
r0913,-10000.0,10000.0
r0915,-10000.0,10000.0
r0917,-10000.0,10000.0
r0926,0.0,5186.474559947362
r0934,0.0,10000.0
r0941,1.8947562246472848e-12,9869.923291781639
r0942,-10000.0,10000.0
r0954,0.0,0.012363005989879324
r0962,0.0,10000.0
r0963,0.0,10000.0
r0970,0.0,10000.0
r0973,-10000.0,0.0
r0983,0.0,10000.0
r0984,-10000.0,0.0
r0989,0.0,10000.0
r0990,0.0,10000.0
r0993,0.0,10000.000000000002
r0994,-10000.0,6021.384912797547
r0995,-10000.000000000002,10000.000000000002
r0997,0.0,2318.530184341237
r0998,-10000.000000000002,2304.834744398301
r0999,-2304.834744398327,10000.0
r1010,-9999.987320800456,5.687366056453056e-13
r1018,-10000.0,6021.384912797683
r1019,-0.03708874866247197,-8.945585255466944e-14
r1020,0.0,9400.885463720317
r1044,0.0,10000.0
r1045,0.0,10000.000000000005
r1050,1.0700613969649067e-12,10000.0
r1051,-10000.0,10000.000000000004
r1090,0.0,10000.0
r1106,2.5536942240570467e-28,10000.0
r1116,0.0,3333.312436197663
r1143,0.0,10000.0
r1144,0.0,10000.0
r1147,-10000.0,10000.0
r1148,-0.0035321719996005115,0.0
r1150,0.0,10000.0
r1154,-9961.696403553786,93.02792726043073
r1155,0.0,10000.0
r1156,-10000.0,10000.0
r1164,0.0,9999.998454624249
r1167,0.0,9999.998454624249
r1168,0.0,9999.998454624247
r1172,0.0,9999.998454624252
r1177,0.0,9999.998454624249
r1179,0.0,9999.998454624247
r1252,0.0,993.6557932889879
r1255,0.0,9999.998454624247
r1257,0.0,9999.998454624247
r1260,0.0,10000.0
r1292,-10000.0,9999.987320800397
r1298,0.0,10000.0
r1299,0.0,10000.0
r1377,-10000.0,10000.0
r1378,-10000.0,10000.0
r1380,-9999.9998527925,0.0020605009994604313
r1381,-0.002060501000379422,10000.0
r1396,0.0,9999.989969996757
r1397,0.0,9999.989969996766
r1401,0.0,5000.0
r1418,0.0,10000.0
r1431,0.0,9999.997696493003
r1433,-6.479449620083521e-13,10000.0
r1435,0.0,10000.0
r1443,0.0,2304.8347443983093
r1444,0.0,2304.8347443983002
r1445,0.0,2304.8347443983007
r1446,0.0,2593.237279973673
r1447,0.0,10000.0
r1448,0.0,10000.0
r1449,0.0,10000.0
r1450,0.0,10000.0
r1451,0.0,10000.0
r1453,-3443.578081138557,3124.694584305427
r1454,0.0,10000.0
r1459,-10000.0,0.0
r1466,-434.7244095639364,0.0
r1487,0.0,869.4488191278721
r1488,4.417599317889439e-28,869.4488191278725
r1492,0.0,10000.0
r1495,0.0,10000.0
r1514,0.0,10000.0
r1515,0.0,10000.0
r1516,0.0,10000.0
r1517,0.0,10000.0
r1518,0.0,10000.0
r1519,0.0,10000.0
r1520,0.0,10000.0
r1521,0.0,10000.0
r1522,0.0,10000.0
r1523,0.0,10000.0
r1525,0.0,10000.0
r1527,0.0,10000.0
r1529,0.0,10000.0
r1530,0.0,10000.0
r1540,0.0,10000.0
r1544,-10000.0,10000.0
r1546,-10000.0,10000.0
r1547,-10000.0,10000.0
r1548,-10000.0,10000.0
r1549,-10000.0,10000.0
r1551,-10000.0,10000.0
r1552,-10000.0,10000.0
r1553,-10000.0,10000.0
r1554,-10000.0,10000.0
r1556,-10000.0,10000.0
r1557,-10000.0,10000.0
r1559,-10000.0,10000.0
r1560,-10000.0,10000.0
r1561,-10000.0,10000.0
r1562,-10000.0,10000.0
r1563,-10000.0,10000.0
r1564,-10000.0,10000.0
r1565,-10000.0,10000.0
r1566,-10000.0,10000.0
r1567,-10000.0,10000.0
r1568,-10000.0,10000.0
r1569,-10000.0,10000.0
r1570,-10000.0,10000.0
r1571,-10000.0,10000.0
r1573,-10000.0,10000.0
r1574,-10000.0,10000.0
r1575,-10000.0,10000.0
r1576,-10000.0,10000.0
r1578,-10000.0,10000.0
r1579,-10000.0,10000.0
r1580,-10000.0,10000.0
r1581,-10000.0,10000.0
r1583,-10000.0,10000.0
r1584,-10000.0,10000.0
r1585,-10000.0,10000.0
r1586,-10000.0,10000.0
r1587,-10000.0,10000.0
r1588,-10000.0,10000.0
r1589,-10000.0,10000.0
r1590,-10000.0,10000.0
r1591,-10000.0,10000.0
r1592,-10000.0,10000.0
r1593,-10000.0,10000.0
r1594,-10000.0,10000.0
r1595,-10000.0,10000.0
r1596,-10000.0,10000.0
r1597,-10000.0,10000.0
r1598,-10000.0,10000.0
r1599,-10000.0,10000.0
r1600,-10000.0,10000.0
r1602,-10000.0,10000.0
r1603,-10000.0,10000.0
r1604,-10000.0,10000.0
r1605,-10000.0,10000.0
r1606,-10000.0,10000.0
r1607,-10000.0,10000.0
r1608,-10000.0,10000.0
r1609,-10000.0,10000.0
r1610,-10000.0,10000.0
r1611,-10000.0,10000.0
r1612,-10000.0,10000.0
r1613,-10000.0,10000.0
r1614,-10000.0,10000.0
r1615,-10000.0,10000.0
r1616,-10000.0,10000.0
r1617,-10000.0,10000.0
r1618,-10000.0,10000.0
r1619,-10000.0,10000.0
r1620,-10000.0,10000.0
r1621,-10000.0,10000.0
r1622,-10000.0,10000.0
r1623,-10000.0,10000.0
r1624,-10000.0,10000.0
r1625,-10000.0,10000.0
r1626,-10000.0,10000.0
r1627,-10000.0,10000.0
r1628,-10000.0,10000.0
r1629,-10000.0,10000.0
r1630,-10000.0,10000.0
r1631,-10000.0,10000.0
r1632,-10000.0,10000.0
r1633,-10000.0,10000.0
r1634,-10000.0,10000.0
r1635,-10000.0,10000.0
r1636,-10000.0,10000.0
r1637,-10000.0,10000.0
r1638,-10000.0,10000.0
r1639,-10000.0,10000.0
r1640,-10000.0,10000.0
r1641,-10000.0,10000.0
r1642,-10000.0,10000.0
r1643,-10000.0,10000.0
r1644,-10000.0,10000.0
r1645,-10000.0,10000.0
r1646,-10000.0,10000.0
r1647,-10000.0,10000.0
r1648,-10000.0,10000.0
r1649,-10000.0,10000.0
r1650,-10000.0,10000.0
r1651,-10000.0,10000.0
r1652,-10000.0,10000.0
r1653,-10000.0,10000.0
r1654,-10000.0,10000.0
r1655,-10000.0,10000.0
r1656,-10000.0,10000.0
r1657,-10000.0,10000.0
r1658,-10000.0,10000.0
r1659,-10000.0,10000.0
r1660,-10000.0,10000.0
r1661,-10000.0,10000.0
r1662,-10000.0,10000.0
r1664,-10000.0,10000.0
r1665,-10000.0,10000.0
r1666,-10000.0,10000.0
r1667,-10000.0,10000.0
r1668,-10000.0,10000.0
r1669,-10000.0,10000.0
r1670,-10000.0,10000.0
r1671,-10000.0,10000.0
r1672,0.0,10000.0
r1673,0.0,10000.0
r1674,0.0,10000.0
r1675,0.0,10000.0
r1676,0.0,10000.0
r1677,0.0,10000.0
r1678,0.0,10000.0
r1679,0.0,10000.0
r1680,0.0,10000.0
r1681,0.0,10000.0
r1682,0.0,10000.0
r1683,0.0,10000.0
r1684,0.0,10000.0
r1685,0.0,10000.0
r1686,0.0,10000.0
r1687,0.0,10000.0
r1690,0.0,10000.0
r1691,0.0,10000.0
r1692,0.0,10000.0
r1693,0.0,10000.0
r1695,0.0,10000.0
r1696,0.0,10000.0
r1698,0.0,10000.0
r1700,0.0,10000.0
r1701,0.0,10000.0
r1702,0.0,10000.0
r1705,0.0,10000.0
r1706,0.0,10000.0
r1707,0.0,10000.0
r1708,0.0,10000.0
r1710,0.0,10000.0
r1711,0.0,10000.0
r1713,0.0,10000.0
r1715,0.0,10000.0
r1716,0.0,10000.0
r1717,0.0,10000.0
r1720,0.0,10000.0
r1721,0.0,10000.0
r1722,0.0,10000.0
r1723,0.0,10000.0
r1725,0.0,10000.0
r1726,0.0,10000.0
r1728,0.0,10000.0
r1730,0.0,10000.0
r1731,0.0,10000.0
r1732,0.0,10000.0
r1733,0.0,10000.0
r1734,0.0,10000.0
r1735,0.0,10000.0
r1736,0.0,10000.0
r1737,0.0,10000.0
r1738,0.0,10000.0
r1739,0.0,10000.0
r1740,0.0,10000.0
r1741,0.0,10000.0
r1742,0.0,10000.0
r1743,0.0,10000.0
r1744,0.0,10000.0
r1745,0.0,10000.0
r1746,0.0,10000.0
r1747,0.0,10000.0
r1748,0.0,10000.0
r1749,0.0,10000.0
r1750,0.0,10000.0
r1751,0.0,10000.0
r1752,0.0,10000.0
r1753,0.0,10000.0
r1754,0.0,10000.0
r1755,0.0,10000.0
r1756,0.0,10000.0
r1757,0.0,10000.0
r1758,0.0,10000.0
r1759,0.0,10000.0
r1760,0.0,10000.0
r1761,0.0,10000.0
r1762,0.0,10000.0
r1763,0.0,10000.0
r1764,0.0,10000.0
r1765,0.0,10000.0
r1766,0.0,10000.0
r1767,0.0,10000.0
r1768,0.0,10000.0
r1769,0.0,10000.0
r1770,0.0,10000.0
r1771,0.0,10000.0
r1772,0.0,10000.0
r1773,0.0,10000.0
r1774,0.0,10000.0
r1775,0.0,10000.0
r1776,0.0,10000.0
r1777,0.0,10000.0
r1778,0.0,10000.0
r1779,0.0,10000.0
r1780,0.0,10000.0
r1781,0.0,10000.0
r1782,0.0,10000.0
r1783,0.0,10000.0
r1784,0.0,10000.0
r1785,0.0,10000.0
r1786,0.0,10000.0
r1787,0.0,10000.0
r1788,0.0,10000.0
r1789,0.0,10000.0
r1790,0.0,10000.0
r1791,0.0,10000.0
r1792,0.0,10000.0
r1796,0.0,10000.0
r1797,0.0,10000.0
r1798,0.0,10000.0
r1799,0.0,10000.0
r1800,0.0,10000.0
r1801,0.0,10000.0
r1803,0.0,10000.0
r1805,0.0,10000.0
r1806,0.0,10000.0
r1807,0.0,10000.0
r1808,0.0,10000.0
r1809,0.0,10000.0
r1810,0.0,10000.0
r1811,0.0,10000.0
r1812,0.0,10000.0
r1813,0.0,10000.0
r1814,0.0,10000.0
r1815,0.0,10000.0
r1816,0.0,10000.0
r1817,0.0,10000.0
r1818,0.0,10000.0
r1819,0.0,10000.0
r1820,0.0,10000.0
r1821,0.0,10000.0
r1822,0.0,10000.0
r1823,0.0,10000.0
r1824,0.0,10000.0
r1825,0.0,10000.0
r1826,0.0,10000.0
r1827,0.0,10000.0
r1828,0.0,10000.0
r1829,0.0,10000.0
r1830,0.0,10000.0
r1831,0.0,10000.0
r1832,0.0,10000.0
r1833,0.0,10000.0
r1834,0.0,10000.0
r1835,0.0,10000.0
r1836,0.0,10000.0
r1837,0.0,10000.0
r1841,0.0,10000.0
r1842,0.0,10000.0
r1843,0.0,10000.0
r1844,0.0,10000.0
r1846,0.0,10000.0
r1847,0.0,10000.0
r1848,0.0,10000.0
r1850,0.0,10000.0
r1851,0.0,10000.0
r1852,0.0,10000.0
r1853,0.0,10000.0
r1854,0.0,10000.0
r1855,0.0,10000.0
r1856,0.0,10000.0
r1857,0.0,10000.0
r1858,0.0,10000.0
r1859,0.0,10000.0
r1860,0.0,10000.0
r1861,0.0,10000.0
r1862,0.0,10000.0
r1863,0.0,10000.0
r1864,0.0,10000.0
r1865,0.0,10000.0
r1866,0.0,10000.0
r1867,0.0,10000.0
r1871,0.0,10000.0
r1872,0.0,10000.0
r1873,0.0,10000.0
r1874,0.0,10000.0
r1876,0.0,10000.0
r1877,0.0,10000.0
r1879,0.0,10000.0
r1880,0.0,10000.0
r1881,0.0,10000.0
r1882,0.0,10000.0
r1883,0.0,10000.0
r1884,0.0,10000.0
r1885,0.0,10000.0
r1886,0.0,10000.0
r1887,0.0,10000.0
r1888,0.0,10000.0
r1889,0.0,10000.0
r1890,0.0,10000.0
r1891,0.0,10000.0
r1892,0.0,10000.0
r1893,0.0,10000.0
r1894,0.0,10000.0
r1895,0.0,10000.0
r1896,0.0,10000.0
r1897,0.0,10000.0
r1898,0.0,10000.0
r1899,0.0,10000.0
r1900,0.0,10000.0
r1901,0.0,10000.0
r1902,0.0,10000.0
r1903,0.0,10000.0
r1904,0.0,10000.0
r1905,0.0,10000.0
r1906,0.0,10000.0
r1907,0.0,10000.0
r1908,0.0,10000.0
r1909,0.0,10000.0
r1910,0.0,10000.0
r1911,0.0,10000.0
r1912,0.0,10000.0
r1913,0.0,10000.0
r1914,0.0,10000.0
r1915,0.0,10000.0
r1916,0.0,10000.0
r1917,0.0,10000.0
r1918,0.0,10000.0
r1919,0.0,10000.0
r1920,0.0,10000.0
r1921,0.0,10000.0
r1922,0.0,10000.0
r1923,0.0,10000.0
r1924,0.0,10000.0
r1925,0.0,10000.0
r1926,0.0,10000.0
r1928,0.0,10000.0
r1929,0.0,10000.0
r1930,0.0,10000.0
r1931,0.0,10000.0
r1932,0.0,10000.0
r1933,0.0,10000.0
r1934,0.0,10000.0
r1935,0.0,10000.0
r1936,0.0,10000.0
r1937,0.0,10000.0
r1938,0.0,10000.0
r1939,0.0,10000.0
r1940,0.0,10000.0
r1941,0.0,10000.0
r1942,0.0,10000.0
r1943,0.0,10000.0
r1944,0.0,10000.0
r1945,0.0,10000.0
r1946,0.0,10000.0
r1947,0.0,10000.0
r1948,0.0,10000.0
r1949,0.0,10000.0
r1950,0.0,10000.0
r1951,0.0,10000.0
r1952,0.0,10000.0
r1953,0.0,10000.0
r1954,0.0,10000.0
r1955,0.0,10000.0
r1956,0.0,10000.0
r1957,0.0,10000.0
r1958,0.0,10000.0
r1959,0.0,10000.0
r1960,0.0,10000.0
r1961,0.0,10000.0
r1962,0.0,10000.0
r1963,0.0,10000.0
r1964,0.0,10000.0
r1965,0.0,10000.0
r1966,0.0,10000.0
r1967,0.0,10000.0
r1968,0.0,10000.0
r1969,0.0,10000.0
r1970,0.0,10000.0
r1971,0.0,10000.0
r1972,0.0,10000.0
r1973,0.0,10000.0
r1974,0.0,10000.0
r1975,0.0,10000.0
r1976,0.0,10000.0
r1977,0.0,10000.0
r1978,0.0,10000.0
r1979,0.0,10000.0
r1980,0.0,10000.0
r1981,0.0,10000.0
r1982,0.0,10000.0
r1983,0.0,10000.0
r1984,0.0,10000.0
r1985,0.0,10000.0
r1986,0.0,10000.0
r1987,0.0,10000.0
r1988,0.0,10000.0
r1989,0.0,10000.0
r1990,0.0,10000.0
r1991,0.0,10000.0
r2073,0.0,10000.0
r2079,-10000.0,10000.0
r2080,-10000.0,10000.0
r2081,-10000.0,10000.0
r2082,-10000.0,10000.0
r2083,-10000.0,10000.0
r2084,-10000.0,10000.0
r2085,-10000.0,10000.0
r2086,-10000.0,10000.0
r2087,-10000.0,10000.0
r2088,-10000.0,10000.0
r2089,-10000.0,10000.0
r2090,-10000.0,10000.0
r2091,-10000.0,10000.0
r2092,-10000.0,10000.0
r2093,-10000.0,10000.0
r2094,-10000.0,10000.0
r2095,-10000.0,10000.0
r2096,-10000.0,10000.0
r2097,-10000.0,10000.0
r2098,-10000.0,10000.0
r2099,-10000.0,10000.0
r2100,-10000.0,10000.0
r2101,-10000.0,10000.0
r2102,-10000.0,10000.0
r2103,-10000.0,10000.0
r2104,-10000.0,10000.0
r2105,-10000.0,10000.0
r2106,-10000.0,10000.0
r2107,-10000.0,10000.0
r2108,-10000.0,10000.0
r2109,-10000.0,10000.0
r2110,-10000.0,10000.0
r2111,-10000.0,10000.0
r2112,-10000.0,10000.0
r2113,-10000.0,10000.0
r2114,-10000.0,10000.0
r2115,-10000.0,10000.0
r2116,-10000.0,10000.0
r2117,-10000.0,10000.0
r2118,-10000.0,10000.0
r2119,-10000.0,10000.0
r2120,-10000.0,10000.0
r2121,-10000.0,10000.0
r2122,-10000.0,10000.0
r2123,-10000.0,10000.0
r2124,-10000.0,10000.0
r2125,-10000.0,10000.0
r2126,-10000.0,10000.0
r2127,-10000.0,10000.0
r2128,-10000.0,10000.0
r2129,-10000.0,10000.0
r2130,-10000.0,10000.0
r2131,-10000.0,10000.0
r2132,-10000.0,10000.0
r2133,-10000.0,10000.0
r2150,0.0,10000.0
r2310,-10000.0,10000.0
r2313,-10000.0,10000.0
r2314,-10000.0,10000.0
r2315,-10000.0,10000.0
r2316,-10000.0,10000.0
r2317,-10000.0,10000.0
r2318,-9999.999999999998,10000.0
r2319,-10000.0,10000.0
r2320,-10000.0,10000.0
r2321,-10000.0,10000.0
r2322,-10000.0,10000.0
r2323,-10000.0,10000.0
r2324,-10000.0,10000.0
r2325,-10000.0,10000.0
r2326,-10000.0,10000.0
r2327,-10000.0,10000.0
r2328,-10000.0,10000.0
r2329,-10000.0,10000.0
r2330,-10000.0,10000.0
r2331,-10000.0,10000.0
r2332,-10000.0,10000.0
r2333,-10000.0,10000.0
r2334,-10000.0,10000.0
r2335,-10000.0,10000.0
r2338,-9999.999999999995,0.0
r2342,-10000.0,10000.0
r2344,0.0,10000.0
r2346,-10000.0,9999.999999999998
r2353,0.0,10000.0
r2354,-10000.0,10000.0
r2355,-9999.999999999996,9999.999999999998
r2356,-10000.0,10000.0
r2357,-10000.0,10000.0
r2358,-10000.0,10000.0
r2359,-10000.0,10000.0
r2360,-10000.0,10000.0
r2362,-10000.0,10000.0
r2364,-10000.0,10000.0
r2365,-10000.0,10000.0
r2366,-10000.0,10000.0
r2367,-10000.0,10000.0
r2368,-10000.0,10000.0
r2371,-10000.0,10000.0
r2372,-10000.0,10000.0
r2373,-10000.0,10000.0
r2374,-10000.0,10000.0
r2375,-10000.0,10000.0
r2376,-10000.0,10000.0
r2377,-10000.0,10000.0
r2378,-10000.0,10000.0
r2379,-10000.0,10000.0
r2380,-10000.0,10000.0
r2381,0.0,10000.0
r2382,0.0,10000.0
r2384,0.0,10000.0
r2385,0.0,10000.0
r2386,0.0,10000.0
r2387,0.0,10000.0
r2388,0.0,10000.0
r2389,0.0,10000.0
r2390,0.0,10000.0
r2391,0.0,10000.0
r2392,0.0,10000.0
r2393,0.0,10000.0
r2394,0.0,10000.0
r2419,0.0,10000.0
r2420,-10000.0,10000.0
r2425,0.0,9999.997696493
r2433,0.0,10000.0
r2434,0.0,2318.530184340967
r2435,0.0,993.6557932889862
r2437,0.0,9999.98996999673
r2443,0.0,10000.0
r2447,0.0,10000.0
r2465,0.0,10000.0
r2471,0.0,10000.0
r2472,0.0,10000.0
r2473,0.0,10000.0
r2497,0.0,10000.000000000002
r2499,0.0,10000.0
r2501,0.0,10000.0
r2503,0.0,9999.999999999995
r2505,0.0,10000.0
r2509,-869.4488191278645,10000.0
r2510,-10000.0,0.0
r2514,0.0,869.4488191278659
r2516,-10000.0,9219.33897759313
r2518,0.0,9400.885463720222
r2519,-9999.999999999998,10000.0
r2520,-10000.0,10000.0
r2525,-10000.0,10000.0
r2526,-10000.0,10000.0
r2532,-10000.0,10000.0
r2534,-10000.0,10000.0
r2535,-10000.0,10000.0
r2537,-10000.0,-5.0424857161887755e-33
r2538,1.748247520476371e-14,434.72440956393035
r2539,-117.5670619782973,-1.3343382176113651e-14
RE0344C,0.0,10000.0
RE0383C,-1585.7217233131182,0.0
RE0452M,-5252.516094888929,0.0013221909998504618
RE0453M,-5252.516094888915,0.0
RE0453N,-10000.0,10000.0
RE0456M,-5252.516094888972,-2.17127904309063e-13
RE0565C,0.0,4329.183714320049
RE0566C,0.0,4329.183714320069
RE0567C,0.0,4329.183714320069
RE0568C,0.0,4329.183714320068
RE0577C,0.0,10000.0
RE0830N,-9999.999999999998,10000.0
RE0908C,0.0,5186.474559947338
RE0912C,0.0,5186.474559947341
RE1100C,0.0,5186.474559947341
RE1135C,0.0,5186.474559947338
RE1233C,-10000.0,0.0
RE1254C,0.0,117.56706197829753
RE1441R,0.0,9999.998969749508
RE1447M,0.0,10000.0
RE1448N,-10000.0,0.0
RE1448R,0.0,9999.998969749493
RE1518M,-10000.000000000002,0.0
RE1519M,-10000.000000000002,0.0
RE1521M,-10000.000000000002,0.0
RE1526M,-10000.000000000002,0.0
RE1530M,0.0,10000.0
RE1533M,-10000.0,0.0
RE1573M,-10000.0,0.0
RE1709N,-10000.0,10000.0
RE1796M,-10000.0,0.0
RE1796R,-10000.0,0.0
RE1804M,-10000.0,0.0
RE1807M,-10000.0,0.0
RE1834C,0.0,10000.000000000002
RE1835C,0.0,10000.0
RE1836X,0.0,4939.238228890977
RE1957R,0.0,9999.99896974954
RE2349C,-10000.0,0.0
RE2426C,-7560.975920462167,0.0
RE2625M,-6987.164911623928,0.0
RE2626C,-10000.0,10000.0
RE2626M,-6987.16491162391,10000.0
RE2649C,0.0,10000.0
RE2649M,0.0,5252.516094888878
RE2660N,-10000.000000000002,10000.000000000002
RE2666G,0.0,5000.000000000003
RE2759X,-10000.0,10000.0
RE2814M,0.0,9999.999999999998
RE2814R,-10000.0,0.0
RE2954C,-10000.0,9928.2296165991
RE2972M,0.0,10000.0
RE2973C,-3457.6497066316206,10000.0
RE2973N,1.8147021043547815e-12,10000.0
RE2973R,-9999.9989697495,0.0
RE2974C,-10000.0,3457.6497066315824
RE2974N,-10000.0,-1.8147021043547811e-12
RE2974R,7.6218480755771e-14,9999.998969749502
RE2998M,0.0,10000.0
RE2999M,0.0,10000.0
RE3000M,0.0,10000.000000000002
RE3001M,0.0,10000.000000000002
RE3003M,-10000.000000000002,0.0
RE3004M,0.0,10000.0
RE3005M,0.0,10000.000000000004
RE3006M,0.0,10000.0
RE3011R,-2660.9018923657404,0.0
RE3012R,-2660.9018923658537,0.0
RE3014R,0.0,2660.9018923656768
RE3015R,0.0,2660.901892365718
RE3016R,-2660.9018923658705,0.0
RE3074X,-10000.0,10000.0
RE3079X,-10000.0,10000.0
RE3218C,-5186.474559947397,0.0
RE3241C,0.0,869.4488191278627
RE3241R,0.0,869.4488191278713
RE3242C,0.0,869.4488191278606
RE3242R,0.0,869.448819127865
RE3243C,0.0,869.448819127871
RE3243R,0.0,869.448819127865
RE3244C,0.0,869.448819127871
RE3244R,0.0,869.4488191278647
RE3268R,0.0,9999.998969749502
RE3269C,0.0,10000.0
RE3272N,-5186.474559947426,0.0
RE3273C,-10000.0,9999.998822592499
RE3301C,-10000.0,10000.0
RE3326M,-4.7909662355753495,10000.0
RE3346C,-10000.0,10000.0
RE3346M,0.0,10000.0
RE3624M,0.0,10000.0
RE3626M,0.0,10000.0
CITt4_4,-10000.0,0.0
HCO3_NAt,-10000.0,10000.0
INSTt4_2,-10000.0,10000.0
PIt8,0.06269140697001467,10000.0
CYOOm3,0.0,8518.024685893142
biomass_reaction,0.0504999999995191,0.10099999998857698
ADPACDAc,0.0,9999.999999999998
ADPACTD,0.0,9999.999999999998
ADPCOACROT,-9999.999999999998,0.0
ADPCOAPTE,0.0,10000.0
C10DCCACT,-10000.0,0.0
C10DCc,0.0,9999.999999999998
C12DCACOT,0.0,10000.000000000002
C12DCACT,0.0,9999.999999999998
C12DCTD,0.0,9999.999999999998
C16txc,0.0,10000.0
C2tcx,-10000.0,9219.338977593135
C30CPT1,0.0,9999.98996999673
C40CPT1,0.0,5000.0000000000055
C4CRNCPT2,0.0,6304.17322869179
C4DCCACT,-10000.0,0.0
C4tcx,0.0,2608.346457383598
C4tmc,0.0,6304.173228691801
C4x,0.0,2608.3464573835986
C60CPT1,0.0,2318.5301843409748
C6COAt,-2318.530184340967,3.793592332737341e-12
C6CRNtcx,-2318.5301843409848,0.0
C6DCCACT,-10000.0,0.0
C6DCc,0.0,9999.999999999998
C8DCc,0.0,9999.999999999996
C9BRxtc,-9230.108668019528,10000.0
DCSPTN1COAtxc,0.0,10000.0
FAOXC101C8m,0.0,10000.0
FAOXC101m,0.0,993.6557932889798
FAOXC10C8m,0.0,10000.0
FAOXC10C8x,0.0,2304.8347443982934
FAOXC10DCC8DCx,0.0,916.5501073716957
FAOXC121C101m,0.0,993.6557932889868
FAOXC121C10x,0.0,2304.8347443983057
FAOXC12C10m,0.0,10000.0
FAOXC12C10x,0.0,2304.834744398324
FAOXC12DCC10DCx,0.0,916.5501073716721
FAOXC12DCTc,-10000.0,0.0
FAOXC12DCc,0.0,9999.999999999995
FAOXC12DCx,-9999.999999999998,1.5973020348367751e-12
FAOXC141C121m,0.0,993.6557932889818
FAOXC14C12m,0.0,1159.265092170487
FAOXC14C12x,0.0,2304.8347443982866
FAOXC14DCC12DCx,0.0,916.55010737168
FAOXC161C141m,0.0,993.6557932889923
FAOXC16BRx,0.0,10000.0
FAOXC16C14m,0.0,993.6557932889884
FAOXC16C14x,0.0,2304.8347443982857
FAOXC16DCC14DCx,0.0,916.5501073716637
FAOXC16DCr,0.0,916.5501073716698
FAOXC16OHC16r,0.0,916.5501073716698
FAOXC181C161m,0.0,869.4488191278638
FAOXC4C2m,0.0,2608.346457383603
FAOXC4C4DCc,0.0,9999.99999999999
FAOXC6C4m,0.0,2086.6771659068745
FAOXC6C4x,0.0,2608.3464573836195
FAOXC6DCC4DCx,0.0,916.5501073716908
FAOXC8C6m,0.0,2318.5301843409657
FAOXC8C6x,0.0,2608.3464573835877
FAOXC8DCC6DCx,0.0,916.5501073716845
FAOXOHC16C16DCc,0.0,916.5501073716756
FAOXTC101TC102m,0.0,869.4488191278646
FAOXTC102C101m,0.0,869.4488191278632
FAOXTC122TC101m,0.0,869.4488191278633
FAOXTC122m,0.0,869.4488191278633
FAOXTC142TC122m,0.0,869.4488191278633
FAOXTC162TC142m,0.0,869.4488191278634
FAOXTC182TC162m,0.0,869.4488191278635
HEXCOAACBP,0.0,2318.530184340968
HEXDIACTD,0.0,916.5501073717005
HEXDICOAACBPx,0.0,916.5501073716865
LGNCCOAtcx,0.0,10000.0
NRVNCCOAtxc,0.0,10000.0
OCD11COACPT1,0.0,869.4488191278654
OCD11CRNCACT,0.0,869.4488191278652
OCD11CRNCPT2,0.0,869.4488191278651
OCT11EFATP,0.0,869.4488191278651
OMHPALTD,0.0,916.5501073716918
PRISTCOAtcx,0.0,5186.475884545556
SBCOAACOTx,0.0,10000.0
SCP21cx,0.0,10000.0
SEBACACT,0.0,9999.999999999998
SEBACIDTD,0.0,9999.999999999998
SEBCOACROT,-10000.000000000002,0.0
SEBCOAPET,0.0,10000.000000000004
STCOATxc,0.0,5144.463169660345
SUBEACTD,0.0,10000.000000000002
SUBERCACT,-10000.0,0.0
SUBERCROT,-10000.0,0.0
SUBERICACT,0.0,9999.999999999996
SUCCACT,0.0,9999.999999999998
SUCCCROT,-10000.00000000001,8.391308219519669e-28
SUCCOAPET,0.0,10000.0
34DHPHELAT1tc,0.0,10000.0
4OHPROIMINOtc,0.0,10000.0
ALAyLATthc,0.0,10000.0
ASCBSVCTtc,0.0,9999.999999999998
ASNPHELAT2tc,0.0,10000.0
BALABETAtc,0.0,10000.0
BALAPAT1tc,0.0,10000.0
CBLTDe,0.0,10000.0
CBLtle,0.0,10000.0
CYSPHELAT2tc,0.0,10000.0
CYSTALArBATtc,0.0,29.8001469061191
CYSTLEUrBATtc,0.0,29.8001469061191
FOLTle,0.0,10000.0
GLNyLATthc,0.0,10000.0
HISCAT1,-10000.0,10000.0
HISyLATtc,0.0,10000.0
HISyLATthc,0.0,10000.0
ILELAT1tc,0.0,10000.0
ILEPHELAT2tc,0.0,10000.0
LEUPHELAT2tc,-10000.0,10000.0
LEUyLAThtc,0.0,10000.0
LINOFATPtc,0.0,10000.0
METyLATthc,0.0,10000.0
NACDe,0.0,10000.0
NACHORCTL3le,0.0,10000.0
OCDEAFABP1tc,-5000.0,0.0
OLEICFATPtc,0.0,869.4488191278616
ORNALArBATtc,0.0,10000.0
ORNLEUrBATtc,0.0,10000.0
PALFATPtc,0.0,1158.3456567718567
PEHSFABPe,0.0,0.15925660780771161
PHEyLATthc,0.0,10000.0
PMTCOAFABP1tc,-5000.0,1152.4173721991403
PROIMINOtc,0.0,10000.0
RIBFLVte,0.0,10000.0
TAGHSTDe,0.0,9999.986165322975
TAUBETAtc,0.0,10000.0
TAUPAT1c,0.0,10000.0
THMATPe,0.0,9999.999999999995
THRPHELAT2tc,0.0,10000.0
TYRPHELAT2tc,0.0,10000.0
VALLAT1tc,0.0,10000.0
VALPHELAT2tc,0.0,10000.0
VITEtl,0.0,10000.0
3AIB_Dtm,0.0,1118.0856002755493
3HCO3_NAt,-10000.0,10000.0
4HPROLTASCT1,0.0,10000.0
ASPDTDe,0.0,10000.000000000002
ASPPROASCT1,0.0,10000.0
ASPte,0.0,10000.0
BTNt3ile,0.0,10000.0
CHOLESACATc,0.0,9999.9995584785
CHOLESTle,0.0004415214999957956,10000.0
CHSTEROLtrc,0.0010302504999901891,0.002060500998141191
DPMVDc,0.0,0.012363005980464546
DSREDUCr,0.0,0.0020605009966135307
DTMPKm,0.0,5252.516094888848
FADDPle,0.0,3457.649706631574
FADH2ETC,0.0,10000.0
FE2DMT1,0.0,10000.0
FE3MTP1,0.0,10000.0
FERO,0.0,2500.0
FMNALKPle,0.0,3457.649706631576
FRDPtcr,0.0,0.004121001996478596
G6PDH2c,0.0,3957.0505445031217
GLU5SAtmc,0.0,10000.0
GLUPROASCT1,0.0,10000.0
GLYC3Ptmc,0.0,10000.0
GNDc,0.0,623.7172111698221
GSNt5le,0.0,10000.0
HMGCOARc,0.0,10000.0
IPDDI,0.0,0.004121001996876859
LACLt,0.0,10000.0
MEVK1c,7.054775455713844e-19,0.012363005989435787
MTHFR3,0.0,10000.0
NODe,-851.3566446975963,851.3566446975217
P5CR,0.0,10000.0
PGLc,0.0,623.7172111697798
PHEMEe,0.0,10000.0
PMEVKc,0.0,0.012363005990513744
PNTOt5le,0.0,10000.0
PRO_Dtde,-10000.0,10000.0
RPEc,-5981.430885773306,5623.713375846301
RTOTAL2FATPc,0.0,10000.0
RTOTAL3FATPc,0.0,9999.986165323007
RTOTALFATPc,0.00044152149999579564,9999.999999999998
q10h2tc,-10000.0,-2.1279569062343795e-12
q10tm,-10000.0,0.0
4MOPte,-21.14415532633965,-21.054121578466095
5OXPROt,13.3853111311814,49.30720899758249
EX_4mop_LPAREN_e_RPAREN_,21.0541215784661,21.14415532633885
EX_5oxpro_LPAREN_e_RPAREN_,-49.3072089975825,-13.3853111311814
EX_mal_L_LPAREN_e_RPAREN_,0.838714905209878,1.10080380710025
MAL_Lte,-1.1008038071002497,-0.8387149052098779
PNTOte,-10000.0,0.317158783363314
IsoLeu_Leu_MSfix,21.08167155046418,21.171705298338377
XANt,-0.055215333172219494,-0.04726371727324607
EX_xan_LPAREN_e_RPAREN_,0.04726371727381559,0.0552153331722195
EX_h2o2_LPAREN_e_RPAREN_,-8229.542429609322,9928.33211666798
H2O2t,-9928.332116668946,8229.542429609024
EX_o2s_LPAREN_e_RPAREN_,-10000.0,170.3604937178629
O2St,-9999.999999999998,170.36049371785913
EX_hco3_LPAREN_e_RPAREN_,-10000.0,1881.7328245793444
EX_h2o_LPAREN_e_RPAREN_,-5121.951840924216,10000.0
EX_fol_LPAREN_e_RPAREN_,-0.109578607276752,-0.0351909295243719
EX_5mthf_LPAREN_e_RPAREN_,0.03519092952437189,0.10957860727592597
EX_ncam_LPAREN_e_RPAREN_,-0.0195810729706987,0.0652172588917881
NCAMUP,0.0,10000.0
NCAMDe,0.0,10000.0
sink_ncam_LSQBKT_c_RSQBKT_,-0.06521725889178809,0.019581072972304606
EX_pnto_R_LPAREN_e_RPAREN_,-0.317158783363314,-0.0491669729025361
DM_pnto_R,0.0491669729025361,0.317158783363314
